Select all keywords,Keyword,Intent,Relevance,Related %,Volume,Trend,Pot. Traffic,PKD %,KD %,CPC (BRL),Com.,SF,Results,Updated
cadeira gamer,cadeira gamer​,C,55,0,"246,000",,n/a,n/a,44,0.57,1.00,6,199,1 month
cadeira de escritorio,cadeira de escritorio​,C,68,0,"201,000",,n/a,n/a,29,1.19,1.00,7,200,1 month
mesa 4 cadeiras,mesa 4 cadeiras​,I,65,0,"165,000",,n/a,n/a,22,0.47,1.00,6,194,1 month
escrivaninha,escrivaninha​,I,60,0,"135,000",,n/a,n/a,24,0.52,1.00,8,196,1 month
cadeira ergonomica,cadeira ergonomica​,C,56,0,"110,000",,n/a,n/a,32,0.98,1.00,8,189,1 month
cadeira escritorio,cadeira escritorio​,C,70,0,"110,000",,n/a,n/a,30,1.61,1.00,7,200,1 month
mesa de jantar,mesa de jantar​,IT,57,0,"90,500",,n/a,n/a,28,0.57,1.00,6,195,1 month
mesa de escritorio,mesa de escritorio​,IT,88,0,"74,000",,n/a,n/a,31,0.88,1.00,7,190,1 month
mesa 6 cadeiras,mesa 6 cadeiras​,I,63,0,"60,500",,n/a,n/a,21,0.52,1.00,7,194,1 month
mesa com 4 cadeiras,mesa com 4 cadeiras​,I,67,0,"49,500",,n/a,n/a,24,0.36,1.00,8,199,1 month
mesa escritorio,mesa escritorio​,C,85,0,"49,500",,n/a,n/a,23,0.98,1.00,6,197,1 month
mesa gamer,mesa gamer​,C,60,0,"49,500",,n/a,n/a,26,0.41,1.00,6,195,1 month
escrivaninha para quarto,escrivaninha para quarto​,I,62,0,"40,500",,n/a,n/a,34,0.36,1.00,6,195,1 month
escritorio,escritorio​,IC,74,0,"33,100",,n/a,n/a,24,2.13,0.44,7,131,1 month
cadeira de escritório,cadeira de escritório​,C,68,0,"27,100",,n/a,n/a,27,1.50,1.00,6,199,1 month
mesa de jantar 6 lugares,mesa de jantar 6 lugares​,I,59,0,"27,100",,n/a,n/a,16,0.57,1.00,8,198,1 month
mesa industrial,mesa industrial​,C,57,0,"27,100",,n/a,n/a,17,0.57,1.00,7,216,1 month
cadeira presidente,cadeira presidente​,C,59,0,"22,200",,n/a,n/a,12,1.14,1.00,8,190,1 month
escritório,escritório​,C,70,0,"22,200",,n/a,n/a,43,2.44,0.45,8,200,1 month
mesa de computador,mesa de computador​,I,70,0,"22,200",,n/a,n/a,32,0.36,1.00,7,198,1 month
mesa de jantar com 4 cadeiras,mesa de jantar com 4 cadeiras​,I,62,0,"22,200",,n/a,n/a,15,0.47,1.00,7,200,1 month
mesa em l,mesa em l​,C,67,0,"22,200",,n/a,n/a,24,0.62,1.00,7,197,1 month
cadeira de escritorio ergonomica,cadeira de escritorio ergonomica​,C,65,0,"18,100",,n/a,n/a,27,1.71,1.00,7,191,1 month
cadeira escritório,cadeira escritório​,C,69,0,"18,100",,n/a,n/a,24,1.66,1.00,6,194,1 month
cadeira para escritorio,cadeira para escritorio​,C,73,0,"18,100",,n/a,n/a,32,1.30,1.00,7,199,1 month
escrivaninha com gavetas,escrivaninha com gavetas​,I,64,0,"18,100",,n/a,n/a,26,0.52,1.00,8,200,1 month
mesa com 6 cadeiras,mesa com 6 cadeiras​,I,64,0,"18,100",,n/a,n/a,21,0.47,1.00,7,189,1 month
mesa de jantar 4 lugares,mesa de jantar 4 lugares​,I,66,0,"18,100",,n/a,n/a,21,0.57,1.00,8,193,1 month
mesa para computador,mesa para computador​,C,70,0,"18,100",,n/a,n/a,27,0.41,1.00,6,196,1 month
mesa para escritorio,mesa para escritorio​,C,85,0,"18,100",,n/a,n/a,19,0.93,1.00,6,202,1 month
mesa 4 lugares,mesa 4 lugares​,IC,63,0,"14,800",,n/a,n/a,29,0.62,1.00,5,129,1 month
mesa 6 lugares,mesa 6 lugares​,I,60,0,"14,800",,n/a,n/a,16,0.62,1.00,5,193,1 month
mesa computador,mesa computador​,I,70,0,"14,800",,n/a,n/a,23,0.47,1.00,5,194,1 month
mesa de jantar 4 cadeiras,mesa de jantar 4 cadeiras​,I,69,0,"14,800",,n/a,n/a,17,0.47,1.00,7,194,1 month
penteadeira escrivaninha,penteadeira escrivaninha​,IC,62,0,"14,800",,n/a,n/a,27,0.36,1.00,6,217,1 month
cadeira ergonomica escritório,cadeira ergonomica escritório​,C,63,0,"12,100",,n/a,n/a,32,1.55,1.00,7,191,1 month
cadeira escritório ergonômica,cadeira escritório ergonômica​,C,62,0,"12,100",,n/a,n/a,24,1.55,1.00,6,194,1 month
cadeira gamer barata,cadeira gamer barata​,C,57,0,"12,100",,n/a,n/a,41,0.31,1.00,6,192,1 month
escrivaninha em l,escrivaninha em l​,I,62,0,"12,100",,n/a,n/a,25,0.57,1.00,6,224,1 month
jogo de mesa com 4 cadeiras,jogo de mesa com 4 cadeiras​,I,64,0,"12,100",,n/a,n/a,18,0.41,1.00,6,194,1 month
mesa de escritório,mesa de escritório​,C,89,0,"12,100",,n/a,n/a,27,0.83,1.00,7,196,1 month
mesa de jantar com 6 cadeiras,mesa de jantar com 6 cadeiras​,I,59,0,"12,100",,n/a,n/a,18,0.57,1.00,8,196,1 month
mesa escrivaninha,mesa escrivaninha​,C,70,0,"12,100",,n/a,n/a,18,0.57,1.00,7,195,1 month
mesa para pc,mesa para pc​,C,65,0,"12,100",,n/a,n/a,35,0.36,1.00,7,195,1 month
cadeira de escritório ergonômica,cadeira de escritório ergonômica​,C,66,0,"9,900",,n/a,n/a,23,1.45,1.00,8,192,1 month
cadeira ergonômica,cadeira ergonômica​,C,63,0,"9,900",,n/a,n/a,29,1.24,1.00,7,188,1 month
cadeira giratoria,cadeira giratoria​,IC,62,0,"9,900",,n/a,n/a,19,0.98,1.00,8,190,1 month
cadeira para escrivaninha,cadeira para escrivaninha​,IC,70,0,"9,900",,n/a,n/a,26,0.47,1.00,6,225,1 month
cadeiras de escritorio,cadeiras de escritorio​,C,70,0,"9,900",,n/a,n/a,29,1.19,1.00,9,199,1 month
mesa de estudo,mesa de estudo​,I,71,0,"9,900",,n/a,n/a,28,0.31,1.00,7,196,1 month
mesa de vidro,mesa de vidro​,I,67,0,"9,900",,n/a,n/a,21,0.47,1.00,8,191,1 month
mesa escritório,mesa escritório​,C,100,0,"9,900",,n/a,n/a,17,0.98,1.00,7,195,1 month
mesa jantar,mesa jantar​,I,53,0,"9,900",,n/a,n/a,23,0.73,1.00,6,197,1 month
mesa pequena,mesa pequena​,I,65,0,"9,900",,n/a,n/a,28,0.36,1.00,8,227,1 month
penteadeira e escrivaninha,penteadeira e escrivaninha​,I,65,0,"9,900",,n/a,n/a,29,0.36,1.00,4,8,1 month
cadeira escritório presidente,cadeira escritório presidente​,I,66,0,"8,100",,n/a,n/a,21,1.19,1.00,8,203,1 month
cadeira gamer ergonomica,cadeira gamer ergonomica​,IC,54,0,"8,100",,n/a,n/a,30,0.67,1.00,7,156,1 month
cadeiras escritório,cadeiras escritório​,C,71,0,"8,100",,n/a,n/a,27,1.61,1.00,7,196,1 month
mesa com regulagem de altura,mesa com regulagem de altura​,I,57,0,"8,100",,n/a,n/a,17,1.30,1.00,4,10,1 month
mesa de estudos,mesa de estudos​,C,69,0,"8,100",,n/a,n/a,27,0.31,1.00,6,208,1 month
mesa de jantar 6 cadeiras,mesa de jantar 6 cadeiras​,IC,59,0,"8,100",,n/a,n/a,23,0.57,1.00,5,10,1 month
mesa regulagem de altura,mesa regulagem de altura​,IC,55,0,"8,100",,n/a,n/a,14,1.30,1.00,8,193,1 month
moveis para escritorio,moveis para escritorio​,C,64,0,"8,100",,n/a,n/a,23,2.13,1.00,7,199,1 month
armario escritorio,armario escritorio​,C,66,0,"6,600",,n/a,n/a,32,1.14,1.00,7,175,1 month
cadeira de escritório confortável,cadeira de escritório confortável​,C,69,0,"6,600",,n/a,n/a,26,1.55,1.00,7,195,1 month
cadeira ergonomica gamer,cadeira ergonomica gamer​,IC,54,0,"6,600",,n/a,n/a,39,0.57,1.00,9,184,1 month
cadeira escritorio confortavel,cadeira escritorio confortavel​,C,68,0,"6,600",,n/a,n/a,32,0.98,1.00,8,191,1 month
cadeira presidente escritorio,cadeira presidente escritorio​,C,66,0,"6,600",,n/a,n/a,35,1.19,1.00,7,192,1 month
conjunto de mesa com 4 cadeiras,conjunto de mesa com 4 cadeiras​,I,63,0,"6,600",,n/a,n/a,17,0.41,1.00,7,194,1 month
escritorio de mesa,escritorio de mesa​,n/a,76,0,"6,600",,n/a,n/a,n/a,0.88,1.00,n/a,n/a,Refresh
jogo de mesa,jogo de mesa​,IC,62,0,"6,600",,n/a,n/a,20,0.41,0.99,6,196,1 month
mesa 4 cadeiras tampo de vidro,mesa 4 cadeiras tampo de vidro​,IC,63,0,"6,600",,n/a,n/a,23,0.52,1.00,7,193,1 month
mesa 6 cadeiras tampo de vidro,mesa 6 cadeiras tampo de vidro​,I,60,0,"6,600",,n/a,n/a,19,0.62,1.00,6,9,1 month
mesa area externa,mesa area externa​,I,55,0,"6,600",,n/a,n/a,20,0.78,1.00,7,199,1 month
mesa com cadeiras,mesa com cadeiras​,I,66,0,"6,600",,n/a,n/a,18,0.41,1.00,6,195,1 month
mesa de 4 cadeiras,mesa de 4 cadeiras​,I,66,0,"6,600",,n/a,n/a,20,0.41,1.00,7,191,1 month
mesa de 6 cadeiras,mesa de 6 cadeiras​,I,64,0,"6,600",,n/a,n/a,20,0.47,1.00,9,193,1 month
mesa de vidro 4 cadeiras,mesa de vidro 4 cadeiras​,I,64,0,"6,600",,n/a,n/a,20,0.41,1.00,9,187,1 month
mesa em l escritorio,mesa em l escritorio​,C,73,0,"6,600",,n/a,n/a,15,0.88,1.00,6,197,1 month
mesa escritorio em l,mesa escritorio em l​,IC,73,0,"6,600",,n/a,n/a,18,0.88,1.00,6,198,1 month
mesa estudo,mesa estudo​,C,73,0,"6,600",,n/a,n/a,30,0.31,1.00,7,209,1 month
mesa industrie,mesa industrie​,I,48,0,"6,600",,n/a,n/a,24,1.19,1.00,9,191,1 month
mesa jantar 4 lugares,mesa jantar 4 lugares​,I,63,0,"6,600",,n/a,n/a,16,0.62,1.00,4,10,1 month
mesa jantar 6 lugares,mesa jantar 6 lugares​,IC,60,0,"6,600",,n/a,n/a,13,0.67,1.00,7,195,1 month
mesa para area externa,mesa para area externa​,I,62,0,"6,600",,n/a,n/a,21,0.62,1.00,5,108,1 month
mesa para quarto,mesa para quarto​,IT,69,0,"6,600",,n/a,n/a,28,0.31,1.00,8,207,1 month
cadeira de escritório simples,cadeira de escritório simples​,I,73,0,"5,400",,n/a,n/a,24,0.73,1.00,5,194,1 month
cadeira giratória,cadeira giratória​,C,63,0,"5,400",,n/a,n/a,20,0.98,1.00,7,194,1 month
cadeira para escritorio ergonomica,cadeira para escritorio ergonomica​,I,67,0,"5,400",,n/a,n/a,32,1.55,1.00,7,188,1 month
cadeira para escritório,cadeira para escritório​,C,70,0,"5,400",,n/a,n/a,28,1.30,1.00,6,161,1 month
escrivaninha branca,escrivaninha branca​,C,62,0,"5,400",,n/a,n/a,20,0.52,1.00,6,175,1 month
escrivaninha com penteadeira,escrivaninha com penteadeira​,I,61,0,"5,400",,n/a,n/a,25,0.36,1.00,7,219,1 month
escrivaninha para estudo,escrivaninha para estudo​,C,61,0,"5,400",,n/a,n/a,31,0.26,1.00,7,197,1 month
jogo de mesa 4 cadeiras,jogo de mesa 4 cadeiras​,C,61,0,"5,400",,n/a,n/a,24,0.36,1.00,6,193,1 month
mesa de escritorio em l,mesa de escritorio em l​,C,72,0,"5,400",,n/a,n/a,18,0.88,1.00,6,201,1 month
mesa de estudo para quarto,mesa de estudo para quarto​,I,68,0,"5,400",,n/a,n/a,29,0.31,1.00,7,192,1 month
mesa de vidro 6 cadeiras,mesa de vidro 6 cadeiras​,I,63,0,"5,400",,n/a,n/a,24,0.41,1.00,8,193,1 month
mesa em l para escritório,mesa em l para escritório​,C,74,0,"5,400",,n/a,n/a,20,0.83,1.00,5,141,1 month
mesa para escritório,mesa para escritório​,C,88,0,"5,400",,n/a,n/a,22,0.93,1.00,6,152,1 month
mesa para estudo,mesa para estudo​,IC,74,0,"5,400",,n/a,n/a,27,0.31,1.00,8,210,1 month
mesa para pc gamer,mesa para pc gamer​,C,62,0,"5,400",,n/a,n/a,31,0.36,1.00,6,193,1 month
mesa pc,mesa pc​,C,61,0,"5,400",,n/a,n/a,30,0.36,1.00,5,196,1 month
mesa quarto,mesa quarto​,I,67,0,"5,400",,n/a,n/a,31,0.31,1.00,7,199,1 month
mesas de jantar,mesas de jantar​,I,56,0,"5,400",,n/a,n/a,29,0.57,1.00,7,199,1 month
moveis escritorio,moveis escritorio​,C,62,0,"5,400",,n/a,n/a,24,2.16,1.00,8,203,1 month
penteadeira com escrivaninha,penteadeira com escrivaninha​,I,63,0,"5,400",,n/a,n/a,25,0.36,1.00,6,195,1 month
armario para escritorio,armario para escritorio​,C,64,0,"4,400",,n/a,n/a,29,1.03,1.00,6,10,1 month
cadeira branca,cadeira branca​,I,60,0,"4,400",,n/a,n/a,15,0.82,1.00,6,194,1 month
cadeira computador,cadeira computador​,C,71,0,"4,400",,n/a,n/a,23,0.57,1.00,7,201,1 month
cadeira de escritório presidente,cadeira de escritório presidente​,C,64,0,"4,400",,n/a,n/a,28,1.19,1.00,6,193,1 month
cadeira diretor,cadeira diretor​,IC,60,0,"4,400",,n/a,n/a,12,1.49,1.00,6,198,1 month
cadeira escritorio branca,cadeira escritorio branca​,IT,71,0,"4,400",,n/a,n/a,21,1.08,1.00,6,162,1 month
cadeira escrivaninha,cadeira escrivaninha​,I,70,0,"4,400",,n/a,n/a,25,0.46,1.00,6,208,1 month
cadeira game,cadeira game​,C,51,0,"4,400",,n/a,n/a,36,0.93,1.00,7,192,1 month
cadeira para computador,cadeira para computador​,I,68,0,"4,400",,n/a,n/a,27,0.57,1.00,6,196,1 month
cadeira para estudo,cadeira para estudo​,I,66,0,"4,400",,n/a,n/a,22,0.46,1.00,8,201,1 month
cadeiras para escritorio,cadeiras para escritorio​,C,70,0,"4,400",,n/a,n/a,29,1.29,1.00,8,166,1 month
conjunto mesa 4 cadeiras,conjunto mesa 4 cadeiras​,I,65,0,"4,400",,n/a,n/a,18,0.57,1.00,5,10,1 month
escrivania,escrivania​,I,61,0,"4,400",,n/a,n/a,16,0.52,1.00,7,196,1 month
escrivaninha com estante,escrivaninha com estante​,I,64,0,"4,400",,n/a,n/a,25,0.62,1.00,9,197,1 month
escrivaninha madeira,escrivaninha madeira​,C,61,0,"4,400",,n/a,n/a,9,0.72,1.00,5,123,1 month
escrivaninha pequena,escrivaninha pequena​,C,63,0,"4,400",,n/a,n/a,23,0.41,1.00,6,194,1 month
escrivaninha quarto,escrivaninha quarto​,I,60,0,"4,400",,n/a,n/a,21,0.36,1.00,6,195,1 month
jogo de cadeiras,jogo de cadeiras​,IC,57,0,"4,400",,n/a,n/a,21,0.46,1.00,6,198,1 month
kit 4 cadeiras para mesa de jantar,kit 4 cadeiras para mesa de jantar​,I,62,0,"4,400",,n/a,n/a,16,0.36,1.00,7,196,1 month
mesa 4 cadeiras pequena,mesa 4 cadeiras pequena​,I,65,0,"4,400",,n/a,n/a,17,0.36,1.00,6,190,1 month
mesa 4 cadeiras vidro,mesa 4 cadeiras vidro​,I,65,0,"4,400",,n/a,n/a,21,0.52,1.00,7,189,1 month
mesa com tampo de vidro,mesa com tampo de vidro​,I,62,0,"4,400",,n/a,n/a,20,0.57,1.00,7,191,1 month
mesa de 6 lugares,mesa de 6 lugares​,I,58,0,"4,400",,n/a,n/a,19,0.46,1.00,9,190,1 month
mesa de escritório com gaveta,mesa de escritório com gaveta​,I,78,0,"4,400",,n/a,n/a,20,0.72,1.00,7,191,1 month
mesa e 6 cadeiras,mesa e 6 cadeiras​,I,56,0,"4,400",,n/a,n/a,10,0.52,1.00,7,188,1 month
mesa e cadeiras,mesa e cadeiras​,T,62,0,"4,400",,n/a,n/a,22,0.67,1.00,7,197,1 month
mesa home office,mesa home office​,I,68,0,"4,400",,n/a,n/a,23,0.77,1.00,7,195,1 month
mesa industrial escritorio,mesa industrial escritorio​,C,66,0,"4,400",,n/a,n/a,7,0.72,1.00,6,186,1 month
mesa l,mesa l​,C,61,0,"4,400",,n/a,n/a,25,0.62,1.00,6,200,1 month
mesa para compútador gamer,mesa para compútador gamer​,C,66,0,"4,400",,n/a,n/a,34,0.36,1.00,7,191,1 month
mesa para varanda,mesa para varanda​,I,61,0,"4,400",,n/a,n/a,21,0.52,1.00,8,227,1 month
mesa retangular 4 cadeiras,mesa retangular 4 cadeiras​,I,61,0,"4,400",,n/a,n/a,28,0.52,1.00,7,195,1 month
mesa sala de jantar,mesa sala de jantar​,I,61,0,"4,400",,n/a,n/a,29,0.62,1.00,7,198,1 month
mesa tampo de vidro 4 cadeiras,mesa tampo de vidro 4 cadeiras​,I,68,0,"4,400",,n/a,n/a,22,0.52,1.00,8,193,1 month
mesa varanda,mesa varanda​,I,55,0,"4,400",,n/a,n/a,23,0.52,1.00,6,192,1 month
mesas e cadeiras,mesas e cadeiras​,I,61,0,"4,400",,n/a,n/a,18,0.72,1.00,7,194,1 month
mesas gamer,mesas gamer​,C,58,0,"4,400",,n/a,n/a,27,0.41,1.00,7,198,1 month
moveis de escritorio,moveis de escritorio​,C,65,0,"4,400",,n/a,n/a,23,2.32,1.00,8,205,1 month
armario de escritorio,armario de escritorio​,C,66,0,"3,600",,n/a,n/a,16,1.13,1.00,7,176,1 month
cadeira confortável,cadeira confortável​,I,59,0,"3,600",,n/a,n/a,31,0.57,1.00,8,194,1 month
cadeira do presidente,cadeira do presidente​,I,57,0,"3,600",,n/a,n/a,9,1.03,1.00,8,193,1 month
cadeira ergonômica para coluna,cadeira ergonômica para coluna​,C,51,0,"3,600",,n/a,n/a,14,0.00,0.00,8,177,1 month
cadeira escritorio presidente,cadeira escritorio presidente​,I,67,0,"3,600",,n/a,n/a,10,1.19,1.00,9,194,1 month
cadeira escritório simples,cadeira escritório simples​,I,72,0,"3,600",,n/a,n/a,22,0.82,1.00,5,198,1 month
cadeira executiva,cadeira executiva​,I,60,0,"3,600",,n/a,n/a,9,1.34,1.00,5,10,1 month
cadeira giratória escritório,cadeira giratória escritório​,I,70,0,"3,600",,n/a,n/a,21,1.13,1.00,7,158,1 month
cadeira giratória para escritório,cadeira giratória para escritório​,I,69,0,"3,600",,n/a,n/a,16,1.13,1.00,5,n/a,1 month
cadeira home office,cadeira home office​,C,60,0,"3,600",,n/a,n/a,27,0.77,1.00,7,195,1 month
cadeira ortopédica,cadeira ortopédica​,C,59,0,"3,600",,n/a,n/a,21,0.00,0.00,6,176,1 month
cadeira para escritorio presidente,cadeira para escritorio presidente​,C,61,0,"3,600",,n/a,n/a,19,1.19,1.00,9,194,1 month
cadeira secretaria,cadeira secretaria​,C,68,0,"3,600",,n/a,n/a,21,1.39,1.00,5,158,1 month
cadeiras ergonomicas,cadeiras ergonomicas​,C,59,0,"3,600",,n/a,n/a,20,0.98,1.00,6,186,1 month
cadeiras para gamers,cadeiras para gamers​,IC,53,0,"3,600",,n/a,n/a,37,0.93,1.00,7,197,1 month
conjunto de mesa com 6 cadeiras,conjunto de mesa com 6 cadeiras​,I,60,0,"3,600",,n/a,n/a,11,0.52,1.00,7,192,1 month
dt3 cadeiras,dt3 cadeiras​,TN,49,0,"3,600",,n/a,n/a,41,0.46,1.00,7,233,1 month
ergonômica,ergonômica​,I,39,0,"3,600",,n/a,n/a,17,1.55,0.05,8,182,1 month
escritorio movel,escritorio movel​,I,61,0,"3,600",,n/a,n/a,22,2.22,1.00,7,160,1 month
escrivaninha com gaveta,escrivaninha com gaveta​,I,62,0,"3,600",,n/a,n/a,24,0.52,1.00,9,213,1 month
escrivaninha de canto,escrivaninha de canto​,I,59,0,"3,600",,n/a,n/a,22,0.46,1.00,6,183,1 month
escrivaninha escritorio,escrivaninha escritorio​,I,70,0,"3,600",,n/a,n/a,21,0.77,1.00,7,196,1 month
escrivaninha suspensa,escrivaninha suspensa​,I,61,0,"3,600",,n/a,n/a,21,0.41,1.00,7,192,1 month
jogo de mesa 6 cadeiras,jogo de mesa 6 cadeiras​,I,56,0,"3,600",,n/a,n/a,19,0.46,1.00,7,191,1 month
jogo de mesa com 6 cadeiras,jogo de mesa com 6 cadeiras​,I,54,0,"3,600",,n/a,n/a,14,0.46,1.00,7,194,1 month
mesa 4 cadeiras retangular,mesa 4 cadeiras retangular​,I,60,0,"3,600",,n/a,n/a,21,0.52,1.00,7,195,1 month
mesa com quatro cadeiras,mesa com quatro cadeiras​,I,66,0,"3,600",,n/a,n/a,21,0.41,1.00,7,192,1 month
mesa de jantar com 6 cadeiras em promoção,mesa de jantar com 6 cadeiras em promoção​,I,59,0,"3,600",,n/a,n/a,18,0.46,1.00,6,202,1 month
mesa de sala,mesa de sala​,I,67,0,"3,600",,n/a,n/a,25,0.57,1.00,7,191,1 month
mesa de vidro com 6 cadeiras,mesa de vidro com 6 cadeiras​,I,59,0,"3,600",,n/a,n/a,23,0.41,1.00,7,197,1 month
mesa em l gamer,mesa em l gamer​,I,57,0,"3,600",,n/a,n/a,24,0.41,1.00,6,219,1 month
mesa escritório com gaveta,mesa escritório com gaveta​,I,76,0,"3,600",,n/a,n/a,15,0.77,1.00,6,194,1 month
mesa estilo industrial,mesa estilo industrial​,I,61,0,"3,600",,n/a,n/a,19,0.46,1.00,6,191,1 month
mesa gamer em l,mesa gamer em l​,I,54,0,"3,600",,n/a,n/a,23,0.46,1.00,6,220,1 month
mesa gamer grande,mesa gamer grande​,I,55,0,"3,600",,n/a,n/a,34,0.41,1.00,9,197,1 month
mesa para escritorio em l,mesa para escritorio em l​,IC,70,0,"3,600",,n/a,n/a,11,0.88,1.00,6,198,1 month
mesa para escritório com gaveta,mesa para escritório com gaveta​,I,79,0,"3,600",,n/a,n/a,21,0.72,1.00,6,198,1 month
mesa para escritório em l,mesa para escritório em l​,C,71,0,"3,600",,n/a,n/a,11,0.82,1.00,8,192,1 month
mesa para sala de jantar,mesa para sala de jantar​,I,63,0,"3,600",,n/a,n/a,29,0.62,1.00,8,191,1 month
mesa tampo de vidro,mesa tampo de vidro​,I,63,0,"3,600",,n/a,n/a,15,0.57,1.00,8,199,1 month
mesas escritorio,mesas escritorio​,C,84,0,"3,600",,n/a,n/a,16,0.98,1.00,5,199,1 month
mesinha de canto da sala,mesinha de canto da sala​,I,61,0,"3,600",,n/a,n/a,14,0.31,1.00,7,196,1 month
mesinha para notebook,mesinha para notebook​,C,63,0,"3,600",,n/a,n/a,32,0.31,1.00,6,201,1 month
poltrona escritorio,poltrona escritorio​,C,66,0,"3,600",,n/a,n/a,27,1.19,1.00,6,10,1 month
cadeira branca escritorio,cadeira branca escritorio​,IT,65,0,"2,900",,n/a,n/a,19,0.98,1.00,6,180,1 month
cadeira de computador,cadeira de computador​,C,66,0,"2,900",,n/a,n/a,28,0.57,1.00,6,197,1 month
cadeira de escritorio branca,cadeira de escritorio branca​,IC,69,0,"2,900",,n/a,n/a,24,0.88,1.00,5,154,1 month
cadeira de escritorio simples,cadeira de escritorio simples​,I,73,0,"2,900",,n/a,n/a,24,0.72,1.00,6,201,1 month
cadeira de estudo,cadeira de estudo​,C,63,0,"2,900",,n/a,n/a,23,0.46,1.00,7,202,1 month
cadeira de gamer,cadeira de gamer​,C,59,0,"2,900",,n/a,n/a,36,0.46,1.00,7,195,1 month
cadeira ergometrica,cadeira ergometrica​,I,57,0,"2,900",,n/a,n/a,25,1.13,1.00,7,187,1 month
cadeira ergonomica home office,cadeira ergonomica home office​,I,60,0,"2,900",,n/a,n/a,21,1.24,1.00,8,194,1 month
cadeira ergonomica presidente,cadeira ergonomica presidente​,I,59,0,"2,900",,n/a,n/a,19,1.08,1.00,8,189,1 month
cadeira ergonômica gamer,cadeira ergonômica gamer​,C,52,0,"2,900",,n/a,n/a,24,0.62,1.00,8,183,1 month
cadeira gamer branca,cadeira gamer branca​,I,57,0,"2,900",,n/a,n/a,21,0.46,1.00,7,181,1 month
cadeira office,cadeira office​,C,55,0,"2,900",,n/a,n/a,21,1.34,1.00,7,192,1 month
cadeira pra jogar por horas,cadeira pra jogar por horas​,IC,53,0,"2,900",,n/a,n/a,35,0.00,1.00,5,183,1 month
cadeira presidente ergonômica,cadeira presidente ergonômica​,C,59,0,"2,900",,n/a,n/a,24,1.09,1.00,8,166,1 month
cadeira simples de escritorio,cadeira simples de escritorio​,IC,68,0,"2,900",,n/a,n/a,27,0.73,1.00,7,208,1 month
cadeiras gamer,cadeiras gamer​,C,50,0,"2,900",,n/a,n/a,27,0.93,1.00,6,188,1 month
conjunto mesa de jantar,conjunto mesa de jantar​,I,61,0,"2,900",,n/a,n/a,14,0.83,1.00,6,196,1 month
escrivaninha computador,escrivaninha computador​,C,63,0,"2,900",,n/a,n/a,31,0.41,1.00,9,192,1 month
escrivaninha de madeira,escrivaninha de madeira​,I,59,0,"2,900",,n/a,n/a,7,0.57,1.00,6,192,1 month
escrivaninha estudo,escrivaninha estudo​,I,65,0,"2,900",,n/a,n/a,32,0.31,1.00,6,220,1 month
escrivaninha para computador,escrivaninha para computador​,IT,62,0,"2,900",,n/a,n/a,32,0.41,1.00,8,180,1 month
estação de trabalho,estação de trabalho​,IC,58,0,"2,900",,n/a,n/a,17,2.33,1.00,6,91,1 month
mesa 2 lugares,mesa 2 lugares​,IC,59,0,"2,900",,n/a,n/a,24,0.47,1.00,7,246,1 month
mesa 4 cadeira retangular,mesa 4 cadeira retangular​,C,62,0,"2,900",,n/a,n/a,17,0.57,1.00,6,192,1 month
mesa com 4 cadeiras barata,mesa com 4 cadeiras barata​,I,64,0,"2,900",,n/a,n/a,30,0.31,1.00,8,202,1 month
mesa com 6 cadeiras de vidro,mesa com 6 cadeiras de vidro​,I,61,0,"2,900",,n/a,n/a,19,0.41,1.00,8,194,1 month
mesa com cadeira,mesa com cadeira​,I,68,0,"2,900",,n/a,n/a,15,0.41,1.00,6,190,1 month
mesa de 4 lugares,mesa de 4 lugares​,C,63,0,"2,900",,n/a,n/a,18,0.47,1.00,7,197,1 month
mesa de altura regulável,mesa de altura regulável​,I,56,0,"2,900",,n/a,n/a,21,1.30,1.00,7,196,1 month
mesa de escritório em l,mesa de escritório em l​,C,73,0,"2,900",,n/a,n/a,26,0.88,1.00,5,198,1 month
mesa de estudos para quarto,mesa de estudos para quarto​,IC,70,0,"2,900",,n/a,n/a,28,0.31,1.00,7,187,1 month
mesa de jantar 4 lugares para apartamento pequeno,mesa de jantar 4 lugares para apartamento pequeno​,I,62,0,"2,900",,n/a,n/a,24,0.47,1.00,6,9,1 month
mesa de jardim,mesa de jardim​,IC,63,0,"2,900",,n/a,n/a,23,0.52,1.00,7,192,1 month
mesa de reunião,mesa de reunião​,I,66,0,"2,900",,n/a,n/a,9,1.87,1.00,8,181,1 month
mesa de sala jantar,mesa de sala jantar​,I,65,0,"2,900",,n/a,n/a,28,0.62,1.00,7,188,1 month
mesa de trabalho,mesa de trabalho​,I,78,0,"2,900",,n/a,n/a,22,1.30,1.00,7,198,1 month
mesa e cadeira,mesa e cadeira​,I,66,0,"2,900",,n/a,n/a,14,0.73,1.00,7,133,1 month
mesa escritorio industrial,mesa escritorio industrial​,C,68,0,"2,900",,n/a,n/a,12,0.93,1.00,6,195,1 month
mesa estudos,mesa estudos​,C,71,0,"2,900",,n/a,n/a,31,0.31,1.00,6,212,1 month
mesa gamer],mesa gamer]​,C,58,0,"2,900",,n/a,n/a,25,0.41,1.00,5,194,1 month
mesa industrial jantar,mesa industrial jantar​,I,56,0,"2,900",,n/a,n/a,24,0.62,1.00,7,192,1 month
mesa jantar 4 cadeiras,mesa jantar 4 cadeiras​,IC,66,0,"2,900",,n/a,n/a,12,0.57,1.00,8,197,1 month
mesa para apartamento pequeno,mesa para apartamento pequeno​,I,62,0,"2,900",,n/a,n/a,28,0.41,1.00,10,207,1 month
mesa para compútador pequena,mesa para compútador pequena​,C,65,0,"2,900",,n/a,n/a,24,0.26,1.00,6,202,1 month
mesa para jantar,mesa para jantar​,I,61,0,"2,900",,n/a,n/a,16,0.73,1.00,7,194,1 month
mesa pc gamer,mesa pc gamer​,C,58,0,"2,900",,n/a,n/a,32,0.36,1.00,8,209,1 month
mesa quatro cadeiras,mesa quatro cadeiras​,C,66,0,"2,900",,n/a,n/a,27,0.47,1.00,4,200,1 month
mesa vidro 4 cadeiras,mesa vidro 4 cadeiras​,IT,64,0,"2,900",,n/a,n/a,29,0.52,1.00,6,8,1 month
mesas 4 cadeiras,mesas 4 cadeiras​,IC,66,0,"2,900",,n/a,n/a,20,0.47,1.00,8,197,1 month
mesas para computador pequena,mesas para computador pequena​,C,62,0,"2,900",,n/a,n/a,24,0.26,1.00,6,216,1 month
móveis para escritório,móveis para escritório​,C,59,0,"2,900",,n/a,n/a,30,1.92,1.00,8,197,1 month
sala de jantar 6 cadeiras,sala de jantar 6 cadeiras​,I,58,0,"2,900",,n/a,n/a,21,0.62,1.00,5,121,1 month
4 cadeiras para mesa de jantar,4 cadeiras para mesa de jantar​,IC,64,0,"2,400",,n/a,n/a,15,0.41,1.00,8,188,1 month
cadeira confortavel,cadeira confortavel​,I,58,0,"2,400",,n/a,n/a,33,0.62,1.00,7,208,1 month
cadeira consultorio,cadeira consultorio​,C,62,0,"2,400",,n/a,n/a,26,1.09,1.00,6,155,1 month
cadeira de escritorio presidente,cadeira de escritorio presidente​,IT,66,0,"2,400",,n/a,n/a,16,1.14,1.00,9,191,1 month
cadeira de estudos,cadeira de estudos​,I,62,0,"2,400",,n/a,n/a,25,0.47,1.00,6,224,1 month
cadeira ergométrica,cadeira ergométrica​,C,56,0,"2,400",,n/a,n/a,25,1.14,1.00,8,184,1 month
cadeira estudo,cadeira estudo​,I,62,0,"2,400",,n/a,n/a,25,0.47,1.00,8,212,1 month
cadeira estudos,cadeira estudos​,C,62,0,"2,400",,n/a,n/a,25,0.47,1.00,7,212,1 month
cadeira gamer tecido,cadeira gamer tecido​,T,52,0,"2,400",,n/a,n/a,22,0.47,1.00,8,184,1 month
cadeira para escritorio simples,cadeira para escritorio simples​,IC,68,0,"2,400",,n/a,n/a,25,0.78,1.00,7,216,1 month
cadeira para gamer barata,cadeira para gamer barata​,C,54,0,"2,400",,n/a,n/a,39,0.31,1.00,3,10,1 month
cadeira pc,cadeira pc​,C,66,0,"2,400",,n/a,n/a,34,0.47,1.00,7,191,1 month
cadeiras de escritório,cadeiras de escritório​,C,68,0,"2,400",,n/a,n/a,26,1.19,1.00,5,168,1 month
cadeiras de mesa jantar,cadeiras de mesa jantar​,IC,55,0,"2,400",,n/a,n/a,8,0.47,1.00,6,197,1 month
cadeiras e mesas,cadeiras e mesas​,C,57,0,"2,400",,n/a,n/a,16,0.73,1.00,7,195,1 month
cadeiras para escritório,cadeiras para escritório​,C,70,0,"2,400",,n/a,n/a,24,1.30,1.00,6,10.3M,1 month
cadeiras para games,cadeiras para games​,C,50,0,"2,400",,n/a,n/a,30,0.67,1.00,8,183,1 month
escritorio moveis,escritorio moveis​,C,62,0,"2,400",,n/a,n/a,28,2.18,1.00,6,200,1 month
escrivania para estudar,escrivania para estudar​,IC,69,0,"2,400",,n/a,n/a,31,0.31,1.00,8,211,1 month
escrivaninha e penteadeira,escrivaninha e penteadeira​,C,63,0,"2,400",,n/a,n/a,21,0.36,1.00,6,204,1 month
escrivaninha gamer,escrivaninha gamer​,C,61,0,"2,400",,n/a,n/a,33,0.41,1.00,8,194,1 month
escrivaninha madeira maciça,escrivaninha madeira maciça​,C,60,0,"2,400",,n/a,n/a,8,0.83,1.00,5,190,1 month
escrivaninha mesa,escrivaninha mesa​,I,68,0,"2,400",,n/a,n/a,17,0.57,1.00,6,195,1 month
escrivaninha para escritorio,escrivaninha para escritorio​,IC,62,0,"2,400",,n/a,n/a,22,0.78,1.00,6,196,1 month
estante com escrivaninha,estante com escrivaninha​,I,64,0,"2,400",,n/a,n/a,27,0.62,1.00,6,187,1 month
estante escritorio,estante escritorio​,I,63,0,"2,400",,n/a,n/a,18,1.04,1.00,6,186,1 month
jogo de cadeiras de jantar,jogo de cadeiras de jantar​,C,57,0,"2,400",,n/a,n/a,11,0.47,1.00,6,194,1 month
kit escritorio,kit escritorio​,C,58,0,"2,400",,n/a,n/a,20,0.52,1.00,6,216,1 month
mesa 4 cadeira,mesa 4 cadeira​,C,68,0,"2,400",,n/a,n/a,23,0.47,1.00,6,188,1 month
mesa 6 cadeiras sala de jantar,mesa 6 cadeiras sala de jantar​,I,59,0,"2,400",,n/a,n/a,10,0.57,1.00,8,189,1 month
mesa barata com 4 cadeiras,mesa barata com 4 cadeiras​,I,62,0,"2,400",,n/a,n/a,27,0.31,1.00,7,227,1 month
mesa branca escritorio,mesa branca escritorio​,IC,73,0,"2,400",,n/a,n/a,21,0.88,1.00,7,209,1 month
mesa cadeiras,mesa cadeiras​,I,65,0,"2,400",,n/a,n/a,15,0.78,1.00,6,193,1 month
mesa com 4 cadeiras com tampo de vidro,mesa com 4 cadeiras com tampo de vidro​,I,64,0,"2,400",,n/a,n/a,20,0.52,1.00,7,209,1 month
mesa com 4 cadeiras de vidro,mesa com 4 cadeiras de vidro​,I,64,0,"2,400",,n/a,n/a,25,0.41,1.00,8,194,1 month
mesa com gaveta,mesa com gaveta​,I,64,0,"2,400",,n/a,n/a,21,0.62,1.00,6,207,1 month
mesa com tampo de vidro 4 cadeiras,mesa com tampo de vidro 4 cadeiras​,I,65,0,"2,400",,n/a,n/a,19,0.52,1.00,8,194,1 month
mesa computador pequena,mesa computador pequena​,I,64,0,"2,400",,n/a,n/a,27,0.26,1.00,7,201,1 month
mesa de escritorio com gavetas,mesa de escritorio com gavetas​,I,72,0,"2,400",,n/a,n/a,23,0.93,1.00,6,187,1 month
mesa de escritorio pequena,mesa de escritorio pequena​,I,78,0,"2,400",,n/a,n/a,28,0.57,1.00,7,192,1 month
mesa de jantar cadeiras,mesa de jantar cadeiras​,I,55,0,"2,400",,n/a,n/a,8,0.57,1.00,6,191,1 month
mesa de jantar com 6 cadeiras tampo de vidro,mesa de jantar com 6 cadeiras tampo de vidro​,I,56,0,"2,400",,n/a,n/a,25,0.62,1.00,7,195,1 month
mesa de jantar com cadeiras,mesa de jantar com cadeiras​,I,60,0,"2,400",,n/a,n/a,9,0.57,1.00,5,192,1 month
mesa de pc,mesa de pc​,IT,65,0,"2,400",,n/a,n/a,36,0.26,1.00,8,200,1 month
mesa de quatro cadeiras,mesa de quatro cadeiras​,IC,69,0,"2,400",,n/a,n/a,20,0.31,1.00,6,193,1 month
mesa de varanda,mesa de varanda​,I,58,0,"2,400",,n/a,n/a,21,0.52,1.00,8,197,1 month
mesa de vidro com 4 cadeiras,mesa de vidro com 4 cadeiras​,I,64,0,"2,400",,n/a,n/a,23,0.47,1.00,8,188,1 month
mesa eletrica,mesa eletrica​,C,56,0,"2,400",,n/a,n/a,21,1.35,1.00,6,182,1 month
mesa em l para escritorio,mesa em l para escritorio​,I,70,0,"2,400",,n/a,n/a,19,0.83,1.00,6,195,1 month
mesa escritorio branca,mesa escritorio branca​,I,73,0,"2,400",,n/a,n/a,18,0.88,1.00,6,178,1 month
mesa escritório em l,mesa escritório em l​,C,75,0,"2,400",,n/a,n/a,22,0.88,1.00,5,194,1 month
mesa estudos para quarto,mesa estudos para quarto​,IC,69,0,"2,400",,n/a,n/a,26,0.36,1.00,6,212,1 month
mesa para computador pequena,mesa para computador pequena​,C,60,0,"2,400",,n/a,n/a,23,0.26,1.00,7,213,1 month
mesa para escritorio branca,mesa para escritorio branca​,IC,70,0,"2,400",,n/a,n/a,18,0.88,1.00,6,185,1 month
mesa para jantar 4 cadeiras,mesa para jantar 4 cadeiras​,C,65,0,"2,400",,n/a,n/a,15,0.57,1.00,7,197,1 month
mesa pequena 4 cadeiras,mesa pequena 4 cadeiras​,IC,66,0,"2,400",,n/a,n/a,31,0.36,1.00,7,206,1 month
mesa suspensa,mesa suspensa​,I,60,0,"2,400",,n/a,n/a,25,0.36,1.00,7,221,1 month
mesas com 6 cadeiras,mesas com 6 cadeiras​,I,60,0,"2,400",,n/a,n/a,14,0.52,1.00,7,193,1 month
mesas e cadeiras de jantar,mesas e cadeiras de jantar​,IT,61,0,"2,400",,n/a,n/a,11,0.57,1.00,7,134,1 month
mesas para estudar no quarto,mesas para estudar no quarto​,I,66,0,"2,400",,n/a,n/a,25,0.36,1.00,9,195,1 month
mesinha de computador,mesinha de computador​,C,67,0,"2,400",,n/a,n/a,27,0.36,1.00,8,192,1 month
mesinha para quarto,mesinha para quarto​,I,60,0,"2,400",,n/a,n/a,29,0.31,1.00,8,157,1 month
poltrona para escritorio,poltrona para escritorio​,C,69,0,"2,400",,n/a,n/a,15,0.98,1.00,6,188,1 month
poltronas para escritorio,poltronas para escritorio​,I,66,0,"2,400",,n/a,n/a,15,0.98,1.00,6,177,1 month
sugares para cozinha,sugares para cozinha​,IC,53,0,"2,400",,n/a,n/a,25,0.31,1.00,6,128,1 month
tampo de vidro para mesa,tampo de vidro para mesa​,I,54,0,"2,400",,n/a,n/a,15,0.67,1.00,8,196,1 month
armário para escritório,armário para escritório​,C,67,0,"1,900",,n/a,n/a,19,0.88,1.00,7,171,1 month
balcão para escritório,balcão para escritório​,I,66,0,"1,900",,n/a,n/a,14,0.88,1.00,5,182,1 month
cadeira branca de escritorio,cadeira branca de escritorio​,I,66,0,"1,900",,n/a,n/a,19,0.88,1.00,6,213,1 month
cadeira com braço,cadeira com braço​,I,56,0,"1,900",,n/a,n/a,15,0.73,1.00,5,193,1 month
cadeira de,cadeira de​,T,54,0,"1,900",,n/a,n/a,17,1.19,0.99,7,199,1 month
cadeira ergonomica escritorio,cadeira ergonomica escritorio​,C,68,0,"1,900",,n/a,n/a,21,1.55,1.00,7,188,1 month
cadeira escritorio ergonomica,cadeira escritorio ergonomica​,I,65,0,"1,900",,n/a,n/a,22,1.55,1.00,6,187,1 month
cadeira escritorio fixa,cadeira escritorio fixa​,C,64,0,"1,900",,n/a,n/a,7,1.40,1.00,6,575K,1 month
cadeira escritorio simples,cadeira escritorio simples​,I,70,0,"1,900",,n/a,n/a,20,0.78,1.00,7,196,1 month
cadeira fixa escritorio,cadeira fixa escritorio​,I,63,0,"1,900",,n/a,n/a,9,1.40,1.00,6,193,1 month
cadeira gamer preta,cadeira gamer preta​,IC,60,0,"1,900",,n/a,n/a,32,0.52,1.00,7,191,1 month
cadeira para escritorio fixa,cadeira para escritorio fixa​,I,61,0,"1,900",,n/a,n/a,7,1.40,1.00,5,190,1 month
cadeira para gamer,cadeira para gamer​,C,52,0,"1,900",,n/a,n/a,34,0.67,1.00,7,185,1 month
cadeira para pc,cadeira para pc​,C,70,0,"1,900",,n/a,n/a,33,0.47,1.00,7,186,1 month
cadeira para secretaria,cadeira para secretaria​,IC,69,0,"1,900",,n/a,n/a,24,1.40,1.00,7,198,1 month
cadeira presidente escritório,cadeira presidente escritório​,I,66,0,"1,900",,n/a,n/a,12,1.19,1.00,7,186,1 month
cadeira simples escritorio,cadeira simples escritorio​,IC,70,0,"1,900",,n/a,n/a,18,0.78,1.00,6,194,1 month
cadeiras 4,cadeiras 4​,I,58,0,"1,900",,n/a,n/a,25,0.47,1.00,5,196,1 month
cadeiras de computadores,cadeiras de computadores​,C,65,0,"1,900",,n/a,n/a,13,0.57,1.00,5,201,1 month
cadeiras escritorio,cadeiras escritorio​,C,66,0,"1,900",,n/a,n/a,19,1.61,1.00,6,193,1 month
cadeiras para escritorio confortaveis,cadeiras para escritorio confortaveis​,C,61,0,"1,900",,n/a,n/a,24,0.88,1.00,7,188,1 month
cadeiras para mesinha,cadeiras para mesinha​,C,59,0,"1,900",,n/a,n/a,20,0.36,1.00,7,191,1 month
conjunto de mesa,conjunto de mesa​,IC,64,0,"1,900",,n/a,n/a,14,0.47,1.00,7,198,1 month
conjunto de mesa 4 cadeiras,conjunto de mesa 4 cadeiras​,I,66,0,"1,900",,n/a,n/a,18,0.41,1.00,7,193,1 month
conjunto sala de jantar,conjunto sala de jantar​,C,57,0,"1,900",,n/a,n/a,7,0.98,1.00,6,198,1 month
conjuntos de mesa com 6 cadeiras,conjuntos de mesa com 6 cadeiras​,I,59,0,"1,900",,n/a,n/a,11,0.57,1.00,6,195,1 month
ergonomica,ergonomica​,I,47,0,"1,900",,n/a,n/a,21,2.07,1.00,7,176,1 month
escritório armário,escritório armário​,C,62,0,"1,900",,n/a,n/a,24,1.14,1.00,8,199,1 month
escrivaninha com armario,escrivaninha com armario​,I,65,0,"1,900",,n/a,n/a,22,0.52,1.00,6,191,1 month
escrivaninha com prateleira,escrivaninha com prateleira​,I,65,0,"1,900",,n/a,n/a,26,0.52,1.00,5,192,1 month
escrivaninha dobravel,escrivaninha dobravel​,IC,63,0,"1,900",,n/a,n/a,25,0.36,1.00,8,210,1 month
escrivaninha em l com gavetas,escrivaninha em l com gavetas​,I,64,0,"1,900",,n/a,n/a,23,0.57,1.00,7,228,1 month
escrivaninha em madeira,escrivaninha em madeira​,IC,61,0,"1,900",,n/a,n/a,12,0.73,1.00,7,191,1 month
escrivaninha grande,escrivaninha grande​,I,66,0,"1,900",,n/a,n/a,25,0.67,1.00,7,3.4M,1 month
escrivaninha mdf,escrivaninha mdf​,C,64,0,"1,900",,n/a,n/a,20,0.47,1.00,6,193,1 month
escrivaninha para escritório,escrivaninha para escritório​,C,66,0,"1,900",,n/a,n/a,20,0.78,1.00,7,197,1 month
escrivaninha para quarto pequeno,escrivaninha para quarto pequeno​,C,61,0,"1,900",,n/a,n/a,24,0.36,1.00,5,190,1 month
escrivaninha preta,escrivaninha preta​,IC,69,0,"1,900",,n/a,n/a,27,0.62,1.00,6,182,1 month
escrivaninha retratil,escrivaninha retratil​,IC,63,0,"1,900",,n/a,n/a,27,0.41,1.00,7,182,1 month
loja de cadeiras de escritorio,loja de cadeiras de escritorio​,C,58,0,"1,900",,n/a,n/a,26,2.44,1.00,5,202,1 month
melhores cadeiras ergonomicas,melhores cadeiras ergonomicas​,C,43,0,"1,900",,n/a,n/a,19,1.24,1.00,8,164,1 month
mesa 4 cadeiras jantar,mesa 4 cadeiras jantar​,IC,69,0,"1,900",,n/a,n/a,15,0.57,1.00,7,192,1 month
mesa 6 cadeiras para sala de jantar,mesa 6 cadeiras para sala de jantar​,I,56,0,"1,900",,n/a,n/a,13,0.57,1.00,7,191,1 month
mesa bancada,mesa bancada​,C,63,0,"1,900",,n/a,n/a,25,0.52,1.00,8,190,1 month
mesa c tampo de vidro,mesa c tampo de vidro​,C,64,0,"1,900",,n/a,n/a,24,0.57,1.00,7,206,1 month
mesa cadeira,mesa cadeira​,I,62,0,"1,900",,n/a,n/a,17,0.78,1.00,5,189,1 month
mesa com 6 cadeiras para sala de jantar,mesa com 6 cadeiras para sala de jantar​,I,59,0,"1,900",,n/a,n/a,9,0.57,1.00,9,192,1 month
mesa com regulagem de altura elétrica,mesa com regulagem de altura elétrica​,I,55,0,"1,900",,n/a,n/a,21,1.30,1.00,8,190,1 month
mesa com seis cadeiras,mesa com seis cadeiras​,I,61,0,"1,900",,n/a,n/a,19,0.41,1.00,7,210,1 month
mesa com tampa de vidro 6 cadeiras,mesa com tampa de vidro 6 cadeiras​,I,60,0,"1,900",,n/a,n/a,21,0.52,1.00,8,207,1 month
mesa de escritorio industrial,mesa de escritorio industrial​,I,70,0,"1,900",,n/a,n/a,15,0.88,1.00,6,183,1 month
mesa de jantar 4 cadeiras tampo de vidro,mesa de jantar 4 cadeiras tampo de vidro​,I,60,0,"1,900",,n/a,n/a,21,0.52,1.00,7,225,1 month
mesa de jantar com 4 cadeiras tampo de vidro,mesa de jantar com 4 cadeiras tampo de vidro​,I,60,0,"1,900",,n/a,n/a,21,0.52,1.00,6,194,1 month
mesa de jantar com tampo de vidro 6 cadeiras,mesa de jantar com tampo de vidro 6 cadeiras​,I,61,0,"1,900",,n/a,n/a,24,0.62,1.00,8,231,1 month
mesa de jantar e cadeiras,mesa de jantar e cadeiras​,I,63,0,"1,900",,n/a,n/a,8,0.57,1.00,6,134,1 month
mesa de jantar sala,mesa de jantar sala​,I,57,0,"1,900",,n/a,n/a,23,0.62,1.00,6,189,1 month
mesa de notebook,mesa de notebook​,IC,66,0,"1,900",,n/a,n/a,26,0.36,1.00,8,214,1 month
mesa de reuniao,mesa de reuniao​,I,62,0,"1,900",,n/a,n/a,9,1.87,1.00,9,173,1 month
mesa e cadeiras de jantar,mesa e cadeiras de jantar​,I,62,0,"1,900",,n/a,n/a,11,0.57,1.00,7,190,1 month
mesa em l de escritorio,mesa em l de escritorio​,C,71,0,"1,900",,n/a,n/a,19,0.88,1.00,7,188,1 month
mesa escritório branca,mesa escritório branca​,IC,70,0,"1,900",,n/a,n/a,18,0.88,1.00,6,194,1 month
mesa externa,mesa externa​,I,59,0,"1,900",,n/a,n/a,19,0.83,1.00,6,196,1 month
mesa para ap pequeno,mesa para ap pequeno​,I,62,0,"1,900",,n/a,n/a,26,0.41,1.00,10,207,1 month
mesa para compútador com gaveta,mesa para compútador com gaveta​,I,69,0,"1,900",,n/a,n/a,24,0.52,1.00,6,222,1 month
mesa para estudos,mesa para estudos​,C,73,0,"1,900",,n/a,n/a,28,0.31,1.00,7,216,1 month
mesa para sala,mesa para sala​,IC,64,0,"1,900",,n/a,n/a,25,0.52,1.00,6,188,1 month
mesa para varanda pequena,mesa para varanda pequena​,IC,59,0,"1,900",,n/a,n/a,31,0.47,1.00,7,207,1 month
mesa pequena com 4 cadeiras,mesa pequena com 4 cadeiras​,I,64,0,"1,900",,n/a,n/a,33,0.36,1.00,7,199,1 month
mesa pra computador,mesa pra computador​,C,69,0,"1,900",,n/a,n/a,30,0.41,1.00,7,191,1 month
mesa quarto estudo,mesa quarto estudo​,IC,62,0,"1,900",,n/a,n/a,27,0.36,1.00,9,220,1 month
mesa sala de jantar 6 cadeiras,mesa sala de jantar 6 cadeiras​,IC,59,0,"1,900",,n/a,n/a,13,0.57,1.00,6,194,1 month
mesa sala de jantar com 6 cadeiras,mesa sala de jantar com 6 cadeiras​,I,57,0,"1,900",,n/a,n/a,7,0.57,1.00,6,189,1 month
mesa tampo de vidro 6 cadeiras,mesa tampo de vidro 6 cadeiras​,IC,59,0,"1,900",,n/a,n/a,26,0.52,1.00,7,217,1 month
mesas de escritorio,mesas de escritorio​,C,79,0,"1,900",,n/a,n/a,17,0.83,1.00,6,189,1 month
mesas pc gaming,mesas pc gaming​,C,51,0,"1,900",,n/a,n/a,30,0.36,1.00,7,200,1 month
mesinha com tampo de vidro,mesinha com tampo de vidro​,I,59,0,"1,900",,n/a,n/a,19,0.57,1.00,8,194,1 month
mesinha de estudos,mesinha de estudos​,IC,69,0,"1,900",,n/a,n/a,29,0.31,1.00,9,207,1 month
prateleira escritorio,prateleira escritorio​,I,59,0,"1,900",,n/a,n/a,22,0.78,1.00,5,187,1 month
promoção mesa de jantar 6 cadeiras,promoção mesa de jantar 6 cadeiras​,C,56,0,"1,900",,n/a,n/a,18,0.47,1.00,5,194,1 month
sala de jantar 4 cadeiras,sala de jantar 4 cadeiras​,I,62,0,"1,900",,n/a,n/a,12,0.57,1.00,7,192,1 month
sala de jantar com 6 cadeiras,sala de jantar com 6 cadeiras​,I,55,0,"1,900",,n/a,n/a,13,0.62,1.00,7,182,1 month
sala de jantar mesa com 6 cadeiras,sala de jantar mesa com 6 cadeiras​,I,56,0,"1,900",,n/a,n/a,7,0.57,1.00,7,198,1 month
6 cadeiras para mesa de jantar,6 cadeiras para mesa de jantar​,IC,58,0,"1,600",,n/a,n/a,18,0.41,1.00,7,194,1 month
armario arquivo,armario arquivo​,C,57,0,"1,600",,n/a,n/a,7,1.35,1.00,8,194,1 month
armario para arquivo,armario para arquivo​,I,49,0,"1,600",,n/a,n/a,30,1.35,1.00,9,196,1 month
armário de escritório,armário de escritório​,IT,67,0,"1,600",,n/a,n/a,13,0.93,1.00,7,197,1 month
armário escritório,armário escritório​,C,68,0,"1,600",,n/a,n/a,21,0.98,1.00,7,173,1 month
cadeira confortável para estudar,cadeira confortável para estudar​,IC,55,0,"1,600",,n/a,n/a,23,0.41,1.00,11,190,1 month
cadeira de escritorio rosa,cadeira de escritorio rosa​,I,64,0,"1,600",,n/a,n/a,26,0.57,1.00,8,228,1 month
cadeira de escritório giratória,cadeira de escritório giratória​,C,65,0,"1,600",,n/a,n/a,17,1.14,1.00,7,192,1 month
cadeira de game,cadeira de game​,C,58,0,"1,600",,n/a,n/a,39,0.47,1.00,7,191,1 month
cadeira de rodinha,cadeira de rodinha​,I,59,0,"1,600",,n/a,n/a,23,0.73,1.00,7,233,1 month
cadeira ergometrica escritorio,cadeira ergometrica escritorio​,C,61,0,"1,600",,n/a,n/a,22,1.35,1.00,6,191,1 month
cadeira escritorio preta,cadeira escritorio preta​,I,73,0,"1,600",,n/a,n/a,23,1.61,1.00,7,189,1 month
cadeira ganer,cadeira ganer​,C,50,0,"1,600",,n/a,n/a,39,0.93,1.00,7,190,1 month
cadeira para consultorio,cadeira para consultorio​,C,61,0,"1,600",,n/a,n/a,19,1.09,1.00,7,187,1 month
cadeira para escritorio branca,cadeira para escritorio branca​,IC,68,0,"1,600",,n/a,n/a,21,1.09,1.00,6,177,1 month
cadeira para mesas,cadeira para mesas​,IC,56,0,"1,600",,n/a,n/a,23,0.36,1.00,7,211,1 month
cadeira presidente de escritório,cadeira presidente de escritório​,C,65,0,"1,600",,n/a,n/a,11,1.14,1.00,6,197,1 month
cadeiras de escritório ergonômicas,cadeiras de escritório ergonômicas​,C,61,0,"1,600",,n/a,n/a,21,1.45,1.00,7,190,1 month
cadeiras de mesas,cadeiras de mesas​,IC,59,0,"1,600",,n/a,n/a,15,0.47,1.00,7,195,1 month
cadeiras e mesa,cadeiras e mesa​,C,58,0,"1,600",,n/a,n/a,11,0.73,1.00,5,194,1 month
conjunto 4 cadeiras jantar,conjunto 4 cadeiras jantar​,C,62,0,"1,600",,n/a,n/a,21,0.62,1.00,5,212,1 month
conjunto de cadeiras,conjunto de cadeiras​,I,60,0,"1,600",,n/a,n/a,18,0.52,1.00,7,194,1 month
conjunto de mesa jantar,conjunto de mesa jantar​,I,60,0,"1,600",,n/a,n/a,9,0.83,1.00,7,196,1 month
conjunto de sala jantar,conjunto de sala jantar​,I,49,0,"1,600",,n/a,n/a,7,0.98,1.00,5,197,1 month
conjunto mesa e cadeiras,conjunto mesa e cadeiras​,C,63,0,"1,600",,n/a,n/a,11,0.67,1.00,6,186,1 month
escritorio mesa,escritorio mesa​,C,86,0,"1,600",,n/a,n/a,24,0.98,1.00,7,191,1 month
escrivaninha antiga,escrivaninha antiga​,I,57,0,"1,600",,n/a,n/a,27,0.21,1.00,7,196,1 month
escrivaninha em madeira maciça,escrivaninha em madeira maciça​,I,58,0,"1,600",,n/a,n/a,5,0.83,1.00,8,196,1 month
escrivaninha estante,escrivaninha estante​,IC,65,0,"1,600",,n/a,n/a,24,0.78,1.00,8,186,1 month
escrivaninha madeira madeira,escrivaninha madeira madeira​,I,63,0,"1,600",,n/a,n/a,22,0.47,1.00,9,235,1 month
escrivaninhas,escrivaninhas​,I,64,0,"1,600",,n/a,n/a,32,0.52,1.00,7,188,1 month
estante escrivaninha,estante escrivaninha​,I,66,0,"1,600",,n/a,n/a,18,0.78,1.00,7,188,1 month
jogo mesa 4 cadeiras,jogo mesa 4 cadeiras​,IC,60,0,"1,600",,n/a,n/a,21,0.52,1.00,7,187,1 month
jogos de cadeira e mesa,jogos de cadeira e mesa​,I,55,0,"1,600",,n/a,n/a,13,0.41,1.00,6,193,1 month
jogos de mesas,jogos de mesas​,I,50,0,"1,600",,n/a,n/a,21,0.47,0.99,6,221,1 month
loja de cadeiras,loja de cadeiras​,C,51,0,"1,600",,n/a,n/a,31,1.66,1.00,10,193,1 month
loja de cadeiras para escritorio,loja de cadeiras para escritorio​,C,63,0,"1,600",,n/a,n/a,25,2.44,1.00,7,197,1 month
mesa bancada para cozinha,mesa bancada para cozinha​,C,62,0,"1,600",,n/a,n/a,23,0.52,1.00,7,194,1 month
mesa com 4 cadeiras de jantar,mesa com 4 cadeiras de jantar​,I,60,0,"1,600",,n/a,n/a,15,0.47,1.00,6,194,1 month
mesa com 4 cadeiras tampo de vidro,mesa com 4 cadeiras tampo de vidro​,I,64,0,"1,600",,n/a,n/a,21,0.52,1.00,8,223,1 month
mesa com 6 cadeiras e tampo de vidro,mesa com 6 cadeiras e tampo de vidro​,I,65,0,"1,600",,n/a,n/a,22,0.52,1.00,8,209,1 month
mesa com ajuste de altura,mesa com ajuste de altura​,I,57,0,"1,600",,n/a,n/a,19,1.14,1.00,6,185,1 month
mesa com cadeiras de jantar,mesa com cadeiras de jantar​,I,58,0,"1,600",,n/a,n/a,9,0.57,1.00,6,9.6M,1 month
mesa com tampo de vidro 6 cadeiras,mesa com tampo de vidro 6 cadeiras​,I,59,0,"1,600",,n/a,n/a,20,0.52,1.00,8,200,1 month
mesa com tampo de vidro com 4 cadeiras,mesa com tampo de vidro com 4 cadeiras​,I,61,0,"1,600",,n/a,n/a,20,0.52,1.00,7,197,1 month
mesa de 4 cadeiras vidro,mesa de 4 cadeiras vidro​,I,66,0,"1,600",,n/a,n/a,21,0.41,1.00,7,189,1 month
mesa de 6 cadeiras vidro,mesa de 6 cadeiras vidro​,I,60,0,"1,600",,n/a,n/a,19,0.41,1.00,7,220,1 month
mesa de jantar cadeira,mesa de jantar cadeira​,C,58,0,"1,600",,n/a,n/a,9,0.57,1.00,6,197,1 month
mesa de jantar com 4 cadeiras e tampo de vidro,mesa de jantar com 4 cadeiras e tampo de vidro​,I,64,0,"1,600",,n/a,n/a,22,0.52,1.00,5,191,1 month
mesa de jantar com tampo de vidro com 6 cadeiras,mesa de jantar com tampo de vidro com 6 cadeiras​,I,61,0,"1,600",,n/a,n/a,20,0.62,1.00,5,193,1 month
mesa de jantar de madeira,mesa de jantar de madeira​,I,55,0,"1,600",,n/a,n/a,24,0.67,1.00,7,193,1 month
mesa de jantar na sala,mesa de jantar na sala​,I,60,0,"1,600",,n/a,n/a,13,0.62,1.00,9,178,1 month
mesa de madeira com cadeiras,mesa de madeira com cadeiras​,I,61,0,"1,600",,n/a,n/a,10,0.57,1.00,8,190,1 month
mesa de sala de jantar,mesa de sala de jantar​,C,63,0,"1,600",,n/a,n/a,29,0.83,1.00,7,184,1 month
mesa ergonomica,mesa ergonomica​,I,62,0,"1,600",,n/a,n/a,19,1.09,1.00,7,1.9M,1 month
mesa escritorio grande,mesa escritorio grande​,C,70,0,"1,600",,n/a,n/a,28,0.88,1.00,6,195,1 month
mesa estudo quarto,mesa estudo quarto​,I,66,0,"1,600",,n/a,n/a,26,0.36,1.00,7,194,1 month
mesa game,mesa game​,IC,52,0,"1,600",,n/a,n/a,34,0.47,1.00,9,197,1 month
mesa grande escritorio,mesa grande escritorio​,I,76,0,"1,600",,n/a,n/a,24,0.88,1.00,7,198,1 month
mesa jantar 6 cadeiras,mesa jantar 6 cadeiras​,I,62,0,"1,600",,n/a,n/a,14,0.62,1.00,7,190,1 month
mesa jardim,mesa jardim​,IC,60,0,"1,600",,n/a,n/a,20,0.67,1.00,6,196,1 month
mesa notebook cama,mesa notebook cama​,I,56,0,"1,600",,n/a,n/a,28,0.31,1.00,8,229,1 month
mesa para estudar no quarto,mesa para estudar no quarto​,C,65,0,"1,600",,n/a,n/a,28,0.36,1.00,8,167,1 month
mesa para estudo para quarto,mesa para estudo para quarto​,C,64,0,"1,600",,n/a,n/a,23,0.36,1.00,7,19M,1 month
mesa para home office,mesa para home office​,I,76,0,"1,600",,n/a,n/a,21,0.73,1.00,7,192,1 month
mesa para jardim,mesa para jardim​,I,66,0,"1,600",,n/a,n/a,21,0.47,1.00,7,183,1 month
mesa para notebook cama,mesa para notebook cama​,IC,60,0,"1,600",,n/a,n/a,27,0.31,1.00,7,225,1 month
mesa para pc e impressora,mesa para pc e impressora​,I,65,0,"1,600",,n/a,n/a,23,0.41,1.00,6,207,1 month
mesa para sala de jantar com 6 cadeiras,mesa para sala de jantar com 6 cadeiras​,I,57,0,"1,600",,n/a,n/a,7,0.57,1.00,8,189,1 month
mesa para área externa que podem molhar,mesa para área externa que podem molhar​,I,58,0,"1,600",,n/a,n/a,24,0.57,1.00,10,190,1 month
mesa pequena apartamento,mesa pequena apartamento​,I,62,0,"1,600",,n/a,n/a,26,0.41,1.00,9,199,1 month
mesa pequena varanda,mesa pequena varanda​,IC,59,0,"1,600",,n/a,n/a,29,0.47,1.00,7,214,1 month
mesa que sobe e desce,mesa que sobe e desce​,I,60,0,"1,600",,n/a,n/a,26,0.93,1.00,9,179,1 month
mesa tampa de vidro 6 cadeiras,mesa tampa de vidro 6 cadeiras​,IC,58,0,"1,600",,n/a,n/a,20,0.52,1.00,8,214,1 month
mesa varanda pequena,mesa varanda pequena​,C,59,0,"1,600",,n/a,n/a,29,0.47,1.00,6,192,1 month
mesas de sala,mesas de sala​,C,58,0,"1,600",,n/a,n/a,21,0.57,1.00,7,191,1 month
mesas de vidros com 6 cadeiras,mesas de vidros com 6 cadeiras​,I,64,0,"1,600",,n/a,n/a,18,0.41,1.00,6,200,1 month
mesas para escritório,mesas para escritório​,C,84,0,"1,600",,n/a,n/a,16,0.93,1.00,7,191,1 month
mesinha para computador,mesinha para computador​,I,64,0,"1,600",,n/a,n/a,24,0.41,1.00,7,194,1 month
mesinha para computador pequena,mesinha para computador pequena​,I,58,0,"1,600",,n/a,n/a,25,0.26,1.00,8,234,1 month
móveis de escritório,móveis de escritório​,I,66,0,"1,600",,n/a,n/a,18,2.33,1.00,6,183,1 month
poltrona escritório,poltrona escritório​,I,69,0,"1,600",,n/a,n/a,7,1.14,1.00,5,188,1 month
prateleira para escritório,prateleira para escritório​,IC,60,0,"1,600",,n/a,n/a,21,0.78,1.00,7,194,1 month
rodas cadeiras de escritorio,rodas cadeiras de escritorio​,C,55,0,"1,600",,n/a,n/a,4,0.41,1.00,5,189,1 month
sala de jantar conjunto,sala de jantar conjunto​,C,55,0,"1,600",,n/a,n/a,14,0.98,1.00,6,189,1 month
tampa de vidro mesa,tampa de vidro mesa​,I,55,0,"1,600",,n/a,n/a,11,0.67,1.00,9,10.8M,1 month
tampa de vidro para mesa,tampa de vidro para mesa​,I,56,0,"1,600",,n/a,n/a,10,0.67,1.00,9,195,1 month
armario baixo escritorio,armario baixo escritorio​,I,68,0,"1,300",,n/a,n/a,11,1.04,1.00,7,166,1 month
armario escritório,armario escritório​,I,68,0,"1,300",,n/a,n/a,22,0.98,1.00,6,177,1 month
arquivo armario,arquivo armario​,I,51,0,"1,300",,n/a,n/a,27,1.35,1.00,8,197,1 month
cadeira couro escritorio,cadeira couro escritorio​,I,65,0,"1,300",,n/a,n/a,10,1.45,1.00,6,197,1 month
cadeira de escritorio mercado livre,cadeira de escritorio mercado livre​,IT,57,0,"1,300",,n/a,n/a,42,0.57,1.00,4,164,1 month
cadeira de escritorio sem braço,cadeira de escritorio sem braço​,C,63,0,"1,300",,n/a,n/a,13,0.98,1.00,8,169,1 month
cadeira de escritorio usada,cadeira de escritorio usada​,C,61,0,"1,300",,n/a,n/a,23,0.36,1.00,6,165,1 month
cadeira de escritório rosa,cadeira de escritório rosa​,IC,66,0,"1,300",,n/a,n/a,23,0.57,1.00,9,213,1 month
cadeira de gaming,cadeira de gaming​,C,54,0,"1,300",,n/a,n/a,33,0.47,1.00,5,196,1 month
cadeira diretor escritorio,cadeira diretor escritorio​,I,65,0,"1,300",,n/a,n/a,6,1.97,1.00,6,191,1 month
cadeira ergonomica branca,cadeira ergonomica branca​,IC,64,0,"1,300",,n/a,n/a,21,0.83,1.00,7,205,1 month
cadeira ergonómica,cadeira ergonómica​,C,61,0,"1,300",,n/a,n/a,22,0.98,1.00,7,197,1 month
cadeira ergonômica escritório,cadeira ergonômica escritório​,I,67,0,"1,300",,n/a,n/a,23,1.55,1.00,7,185,1 month
cadeira ergonômica para escritório,cadeira ergonômica para escritório​,I,64,0,"1,300",,n/a,n/a,31,1.35,1.00,7,191,1 month
cadeira escritorio bege,cadeira escritorio bege​,I,61,0,"1,300",,n/a,n/a,17,1.35,1.00,6,205,1 month
cadeira escritorio sem braço,cadeira escritorio sem braço​,C,63,0,"1,300",,n/a,n/a,12,1.19,1.00,7,193,1 month
cadeira escritório confortável,cadeira escritório confortável​,C,65,0,"1,300",,n/a,n/a,23,0.98,1.00,7,181,1 month
cadeira fixa,cadeira fixa​,I,56,0,"1,300",,n/a,n/a,5,1.71,1.00,6,192,1 month
cadeira gamer promoção,cadeira gamer promoção​,C,57,0,"1,300",,n/a,n/a,32,0.41,1.00,5,196,1 month
cadeira giratoria estofada,cadeira giratoria estofada​,IC,62,0,"1,300",,n/a,n/a,18,0.78,1.00,6,192,1 month
cadeira ortopedica,cadeira ortopedica​,I,57,0,"1,300",,n/a,n/a,21,0.00,0.00,7,182,1 month
cadeira para escritório branca,cadeira para escritório branca​,IC,67,0,"1,300",,n/a,n/a,18,1.09,1.00,7,184,1 month
cadeira para estudar,cadeira para estudar​,I,64,0,"1,300",,n/a,n/a,27,0.47,1.00,8,189,1 month
cadeira para estudos,cadeira para estudos​,I,64,0,"1,300",,n/a,n/a,22,0.47,1.00,8,209,1 month
cadeira preta escritorio,cadeira preta escritorio​,I,69,0,"1,300",,n/a,n/a,21,1.61,1.00,7,191,1 month
cadeira sala de reunião,cadeira sala de reunião​,C,59,0,"1,300",,n/a,n/a,12,2.59,1.00,7,163,1 month
cadeiras de escritorio ergonomica,cadeiras de escritorio ergonomica​,C,64,0,"1,300",,n/a,n/a,20,1.45,1.00,8,186,1 month
cadeiras estudar,cadeiras estudar​,C,59,0,"1,300",,n/a,n/a,30,0.47,1.00,5,202,1 month
cadeiras para consultorio,cadeiras para consultorio​,I,60,0,"1,300",,n/a,n/a,21,1.09,1.00,6,193,1 month
cama multifuncional solteiro,cama multifuncional solteiro​,IC,54,0,"1,300",,n/a,n/a,29,0.62,1.00,6,209,1 month
conjunto 4 cadeiras,conjunto 4 cadeiras​,I,63,0,"1,300",,n/a,n/a,16,0.62,1.00,6,227,1 month
conjunto de cadeiras de jantar,conjunto de cadeiras de jantar​,IC,55,0,"1,300",,n/a,n/a,17,0.47,1.00,6,194,1 month
conjunto de jantar mesa,conjunto de jantar mesa​,I,59,0,"1,300",,n/a,n/a,20,0.83,1.00,7,196,1 month
conjunto de mesa de jantar com 4 cadeiras,conjunto de mesa de jantar com 4 cadeiras​,I,66,0,"1,300",,n/a,n/a,13,0.47,1.00,7,192,1 month
conjunto mesa 6 cadeiras,conjunto mesa 6 cadeiras​,IC,59,0,"1,300",,n/a,n/a,16,0.62,1.00,6,194,1 month
conjunto mesa cadeira,conjunto mesa cadeira​,I,59,0,"1,300",,n/a,n/a,12,0.67,1.00,7,196,1 month
conjunto mesa de jantar 6 lugares,conjunto mesa de jantar 6 lugares​,C,59,0,"1,300",,n/a,n/a,10,0.78,1.00,6,195,1 month
conjunto mesa e 4 cadeiras,conjunto mesa e 4 cadeiras​,IC,65,0,"1,300",,n/a,n/a,10,0.57,1.00,7,190,1 month
conjunto para sala de jantar,conjunto para sala de jantar​,C,49,0,"1,300",,n/a,n/a,10,0.98,1.00,6,193,1 month
conjunto sala de jantar 4 cadeiras,conjunto sala de jantar 4 cadeiras​,C,63,0,"1,300",,n/a,n/a,11,0.73,1.00,6,193,1 month
escravaninha,escravaninha​,IC,53,0,"1,300",,n/a,n/a,17,0.52,1.00,6,191,1 month
escritorios,escritorios​,IC,71,0,"1,300",,n/a,n/a,37,2.13,0.44,7,184,1 month
escrivania para escritorio,escrivania para escritorio​,I,68,0,"1,300",,n/a,n/a,17,0.78,1.00,7,195,1 month
escrivanias para computador,escrivanias para computador​,C,56,0,"1,300",,n/a,n/a,11,0.00,0.33,5,201,1 month
escrivaninha em mdf,escrivaninha em mdf​,C,62,0,"1,300",,n/a,n/a,21,0.47,1.00,8,198,1 month
escrivaninha mercado livre,escrivaninha mercado livre​,IN,52,0,"1,300",,n/a,n/a,37,0.47,1.00,5,168,1 month
escrivaninha para notebook,escrivaninha para notebook​,IT,62,0,"1,300",,n/a,n/a,26,0.31,1.00,7,193,1 month
escrivaninha para pc,escrivaninha para pc​,I,63,0,"1,300",,n/a,n/a,25,0.41,1.00,5,603K,1 month
escrivaninha pc,escrivaninha pc​,I,62,0,"1,300",,n/a,n/a,34,0.41,1.00,7,602K,1 month
escrivaninha pequena para quarto,escrivaninha pequena para quarto​,C,63,0,"1,300",,n/a,n/a,21,0.36,1.00,6,188,1 month
escrivaninha quarto pequeno,escrivaninha quarto pequeno​,I,59,0,"1,300",,n/a,n/a,28,0.36,1.00,6,193,1 month
escrivaninha retro,escrivaninha retro​,C,60,0,"1,300",,n/a,n/a,20,0.52,1.00,7,192,1 month
escrivaninha simples,escrivaninha simples​,I,67,0,"1,300",,n/a,n/a,29,0.31,1.00,6,192,1 month
escrivaninha vintage,escrivaninha vintage​,I,62,0,"1,300",,n/a,n/a,14,0.52,1.00,7,185,1 month
escrivaninhas mdf,escrivaninhas mdf​,C,62,0,"1,300",,n/a,n/a,14,0.47,1.00,4,193,1 month
estante para escritorio,estante para escritorio​,I,62,0,"1,300",,n/a,n/a,11,0.93,1.00,6,199,1 month
gaveteiro branco,gaveteiro branco​,I,52,0,"1,300",,n/a,n/a,19,0.62,1.00,7,200,1 month
jogo de mesa cadeira,jogo de mesa cadeira​,I,56,0,"1,300",,n/a,n/a,17,0.41,1.00,6,191,1 month
jogo de mesa cadeiras,jogo de mesa cadeiras​,C,54,0,"1,300",,n/a,n/a,13,0.41,1.00,7,195,1 month
jogo de mesa com cadeiras,jogo de mesa com cadeiras​,I,62,0,"1,300",,n/a,n/a,16,0.41,1.00,6,192,1 month
jogo de mesa e cadeira,jogo de mesa e cadeira​,I,61,0,"1,300",,n/a,n/a,13,0.41,1.00,6,194,1 month
loja de moveis de escritorio,loja de moveis de escritorio​,C,59,0,"1,300",,n/a,n/a,21,2.70,1.00,5,197,1 month
loja de moveis escritorio,loja de moveis escritorio​,C,60,0,"1,300",,n/a,n/a,20,2.70,1.00,6,196,1 month
mdf escrivaninha,mdf escrivaninha​,C,63,0,"1,300",,n/a,n/a,21,0.47,1.00,8,182,1 month
melhor cadeira gamer,melhor cadeira gamer​,C,47,0,"1,300",,n/a,n/a,24,0.88,1.00,8,176,1 month
mesa 2 cadeiras,mesa 2 cadeiras​,IC,60,0,"1,300",,n/a,n/a,21,0.47,1.00,6,205,1 month
mesa 4 cadeiras de vidro,mesa 4 cadeiras de vidro​,IC,64,0,"1,300",,n/a,n/a,22,0.41,1.00,9,210,1 month
mesa 4 cadeiras preto,mesa 4 cadeiras preto​,I,66,0,"1,300",,n/a,n/a,21,0.73,1.00,7,218,1 month
mesa 6 cadeira,mesa 6 cadeira​,IC,59,0,"1,300",,n/a,n/a,19,0.52,1.00,7,194,1 month
mesa 6 cadeiras jantar,mesa 6 cadeiras jantar​,IC,62,0,"1,300",,n/a,n/a,14,0.62,1.00,8,188,1 month
mesa ajustavel,mesa ajustavel​,I,56,0,"1,300",,n/a,n/a,19,1.14,1.00,6,193,1 month
mesa altura regulável,mesa altura regulável​,I,57,0,"1,300",,n/a,n/a,21,1.50,1.00,7,191,1 month
mesa apartamento pequeno,mesa apartamento pequeno​,I,59,0,"1,300",,n/a,n/a,27,0.47,1.00,9,176,1 month
mesa cama notebook,mesa cama notebook​,I,57,0,"1,300",,n/a,n/a,26,0.31,1.00,7,248,1 month
mesa com 2 cadeiras,mesa com 2 cadeiras​,I,65,0,"1,300",,n/a,n/a,18,0.41,1.00,6,188,1 month
mesa com 4 cadeiras e tampo de vidro,mesa com 4 cadeiras e tampo de vidro​,I,65,0,"1,300",,n/a,n/a,16,0.52,1.00,6,197,1 month
mesa com 6 cadeiras sala de jantar,mesa com 6 cadeiras sala de jantar​,I,59,0,"1,300",,n/a,n/a,10,0.57,1.00,6,195,1 month
mesa com cadeira de madeira,mesa com cadeira de madeira​,I,64,0,"1,300",,n/a,n/a,11,0.57,1.00,7,193,1 month
mesa com cadeiras para cozinha,mesa com cadeiras para cozinha​,I,68,0,"1,300",,n/a,n/a,19,0.31,1.00,7,191,1 month
mesa com gavetas,mesa com gavetas​,I,66,0,"1,300",,n/a,n/a,28,0.62,1.00,6,169,1 month
mesa de escritorio com gaveta,mesa de escritorio com gaveta​,I,70,0,"1,300",,n/a,n/a,25,0.93,1.00,5,188,1 month
mesa de escritório grande,mesa de escritório grande​,I,76,0,"1,300",,n/a,n/a,21,0.78,1.00,6,192,1 month
mesa de jantar com 6 cadeiras e tampo de vidro,mesa de jantar com 6 cadeiras e tampo de vidro​,I,61,0,"1,300",,n/a,n/a,20,0.62,1.00,6,186,1 month
mesa de jantar de sala,mesa de jantar de sala​,I,57,0,"1,300",,n/a,n/a,27,0.83,1.00,6,188,1 month
mesa de jantar industrial,mesa de jantar industrial​,I,59,0,"1,300",,n/a,n/a,23,0.62,1.00,7,188,1 month
mesa de jantar tampo de vidro 4 cadeiras,mesa de jantar tampo de vidro 4 cadeiras​,IC,60,0,"1,300",,n/a,n/a,16,0.52,1.00,7,225,1 month
mesa de jantar tampo de vidro 6 cadeiras,mesa de jantar tampo de vidro 6 cadeiras​,I,60,0,"1,300",,n/a,n/a,21,0.62,1.00,7,210,1 month
mesa de jantar vidro,mesa de jantar vidro​,I,61,0,"1,300",,n/a,n/a,25,0.62,1.00,9,193,1 month
mesa de vidro e 4 cadeiras,mesa de vidro e 4 cadeiras​,I,61,0,"1,300",,n/a,n/a,22,0.41,1.00,4,8,1 month
mesa diretor,mesa diretor​,I,64,0,"1,300",,n/a,n/a,9,1.61,1.00,8,188,1 month
mesa e quatro cadeiras,mesa e quatro cadeiras​,I,63,0,"1,300",,n/a,n/a,15,0.47,1.00,6,195,1 month
mesa escritorio pequena,mesa escritorio pequena​,I,80,0,"1,300",,n/a,n/a,25,0.67,1.00,5,193,1 month
mesa escritorio preta,mesa escritorio preta​,C,75,0,"1,300",,n/a,n/a,19,1.09,1.00,7,192,1 month
mesa escritório industrial,mesa escritório industrial​,I,69,0,"1,300",,n/a,n/a,10,0.93,1.00,9,188,1 month
mesa escrivaninha com gaveta,mesa escrivaninha com gaveta​,I,68,0,"1,300",,n/a,n/a,23,0.52,1.00,6,193,1 month
mesa gamer branca,mesa gamer branca​,I,64,0,"1,300",,n/a,n/a,30,0.41,1.00,6,189,1 month
mesa para cama notebook,mesa para cama notebook​,I,63,0,"1,300",,n/a,n/a,30,0.31,1.00,7,223,1 month
mesa para compútador,mesa para compútador​,I,63,0,"1,300",,n/a,n/a,28,0.41,1.00,6,193,1 month
mesa para escritorio com gavetas,mesa para escritorio com gavetas​,I,74,0,"1,300",,n/a,n/a,17,0.93,1.00,6,188,1 month
mesa para escritorio preta,mesa para escritorio preta​,IC,74,0,"1,300",,n/a,n/a,16,1.09,1.00,5,193,1 month
mesa para estudo quarto,mesa para estudo quarto​,C,70,0,"1,300",,n/a,n/a,24,0.36,1.00,6,207,1 month
mesa para notebook e impressora,mesa para notebook e impressora​,I,62,0,"1,300",,n/a,n/a,25,0.36,1.00,7,213,1 month
mesa para sacada,mesa para sacada​,IC,66,0,"1,300",,n/a,n/a,29,0.57,1.00,7,206,1 month
mesa para sala de jantar com 4 cadeiras,mesa para sala de jantar com 4 cadeiras​,I,61,0,"1,300",,n/a,n/a,8,0.57,1.00,5,193,1 month
mesa para setup,mesa para setup​,C,60,0,"1,300",,n/a,n/a,26,0.36,1.00,9,171,1 month
mesa para varanda gourmet,mesa para varanda gourmet​,I,54,0,"1,300",,n/a,n/a,23,0.83,1.00,8,180,1 month
mesa pequena para apartamento,mesa pequena para apartamento​,IC,60,0,"1,300",,n/a,n/a,27,0.36,1.00,9,185,1 month
mesa portatil notebook,mesa portatil notebook​,I,59,0,"1,300",,n/a,n/a,26,0.31,1.00,7,205,1 month
mesa pra pc,mesa pra pc​,I,59,0,"1,300",,n/a,n/a,30,0.31,1.00,8,194,1 month
mesa preta escritorio,mesa preta escritorio​,I,74,0,"1,300",,n/a,n/a,19,1.09,1.00,6,194,1 month
mesa redonda preta,mesa redonda preta​,I,58,0,"1,300",,n/a,n/a,20,0.83,1.00,7,197,1 month
mesa regulagem altura,mesa regulagem altura​,I,56,0,"1,300",,n/a,n/a,13,1.50,1.00,7,191,1 month
mesa sala,mesa sala​,IC,60,0,"1,300",,n/a,n/a,29,0.83,1.00,7,190,1 month
mesa setup,mesa setup​,C,54,0,"1,300",,n/a,n/a,29,0.52,1.00,9,173,1 month
mesa tampa de vidro,mesa tampa de vidro​,I,61,0,"1,300",,n/a,n/a,10,0.57,1.00,8,200,1 month
mesa tampo de vidro com 6 cadeiras,mesa tampo de vidro com 6 cadeiras​,I,59,0,"1,300",,n/a,n/a,22,0.52,1.00,9,194,1 month
mesa varanda gourmet,mesa varanda gourmet​,I,48,0,"1,300",,n/a,n/a,31,0.83,1.00,6,187,1 month
mesa vidro,mesa vidro​,IC,61,0,"1,300",,n/a,n/a,20,0.67,1.00,7,191,1 month
mesa vidro 6 cadeiras,mesa vidro 6 cadeiras​,I,59,0,"1,300",,n/a,n/a,22,0.52,1.00,7,188,1 month
mesa área externa,mesa área externa​,I,64,0,"1,300",,n/a,n/a,20,0.78,1.00,7,193,1 month
mesas bancada,mesas bancada​,C,61,0,"1,300",,n/a,n/a,21,0.52,1.00,7,190,1 month
mesas com tampo de vidro 6 cadeiras,mesas com tampo de vidro 6 cadeiras​,I,60,0,"1,300",,n/a,n/a,22,0.52,1.00,6,189,1 month
mesas de escritorio pequenas,mesas de escritorio pequenas​,C,75,0,"1,300",,n/a,n/a,20,0.57,1.00,4,193,1 month
mesas de jantar 6 lugares,mesas de jantar 6 lugares​,I,59,0,"1,300",,n/a,n/a,13,0.57,1.00,8,188,1 month
mesas de jantar modernas 6 lugares,mesas de jantar modernas 6 lugares​,IC,52,0,"1,300",,n/a,n/a,19,0.57,1.00,7,186,1 month
mesas de maquilhagem,mesas de maquilhagem​,I,55,0,"1,300",,n/a,n/a,29,0.31,1.00,6,196,1 month
mesas estilo industrial,mesas estilo industrial​,I,59,0,"1,300",,n/a,n/a,25,0.57,1.00,8,195,1 month
mesas para cama notebook,mesas para cama notebook​,IC,58,0,"1,300",,n/a,n/a,30,0.31,1.00,8,247,1 month
mesas para computador,mesas para computador​,C,69,0,"1,300",,n/a,n/a,21,0.41,1.00,6,188,1 month
mesas para sala,mesas para sala​,IC,58,0,"1,300",,n/a,n/a,22,0.52,1.00,6,190,1 month
mesinha com cadeira de madeira,mesinha com cadeira de madeira​,I,57,0,"1,300",,n/a,n/a,18,0.57,1.00,8,207,1 month
mesinha de estudo,mesinha de estudo​,IT,70,0,"1,300",,n/a,n/a,29,0.31,1.00,8,215,1 month
moveis escritorios,moveis escritorios​,C,59,0,"1,300",,n/a,n/a,30,2.11,1.00,8,197,1 month
moveis para escritório,moveis para escritório​,I,61,0,"1,300",,n/a,n/a,29,1.91,1.00,8,192,1 month
poltrona para escritório,poltrona para escritório​,IC,66,0,"1,300",,n/a,n/a,14,1.13,1.00,5,187,1 month
prateleira com escrivaninha,prateleira com escrivaninha​,I,62,0,"1,300",,n/a,n/a,26,0.52,1.00,7,199,1 month
promoção mesa de jantar com 6 cadeiras,promoção mesa de jantar com 6 cadeiras​,I,55,0,"1,300",,n/a,n/a,20,0.46,1.00,6,195,1 month
sala de jantar com 4 cadeiras,sala de jantar com 4 cadeiras​,I,61,0,"1,300",,n/a,n/a,11,0.57,1.00,7,186,1 month
sala de jantar mesa 6 cadeiras,sala de jantar mesa 6 cadeiras​,IC,58,0,"1,300",,n/a,n/a,10,0.57,1.00,6,198,1 month
shopping do escritorio,shopping do escritorio​,N,52,0,"1,300",,n/a,n/a,16,1.13,0.68,8,172,1 month
tampo de vidro mesa,tampo de vidro mesa​,C,56,0,"1,300",,n/a,n/a,15,0.67,1.00,9,191,1 month
tampões de vidro para mesa,tampões de vidro para mesa​,C,52,0,"1,300",,n/a,n/a,21,0.67,1.00,7,198,1 month
armarinho de escritorio,armarinho de escritorio​,C,68,0,"1,000",,n/a,n/a,25,0.93,1.00,7,188,1 month
armario para escritório,armario para escritório​,C,66,0,"1,000",,n/a,n/a,20,0.88,1.00,6,180,1 month
armário baixo para escritório,armário baixo para escritório​,I,69,0,"1,000",,n/a,n/a,5,1.03,1.00,7,167,1 month
cadeira barata,cadeira barata​,C,60,0,"1,000",,n/a,n/a,29,0.52,1.00,7,225,1 month
cadeira confortável para estudo,cadeira confortável para estudo​,I,54,0,"1,000",,n/a,n/a,18,0.41,1.00,9,194,1 month
cadeira de couro escritorio,cadeira de couro escritorio​,IC,62,0,"1,000",,n/a,n/a,16,1.19,1.00,7,202,1 month
cadeira de escritorio confortavel,cadeira de escritorio confortavel​,IC,66,0,"1,000",,n/a,n/a,30,1.08,1.00,10,193,1 month
cadeira de escritorio em couro,cadeira de escritorio em couro​,IC,63,0,"1,000",,n/a,n/a,13,1.19,1.00,5,192,1 month
cadeira de escritorio fixa,cadeira de escritorio fixa​,I,66,0,"1,000",,n/a,n/a,10,1.39,1.00,5,164,1 month
cadeira de escritorio presidencial,cadeira de escritorio presidencial​,I,63,0,"1,000",,n/a,n/a,15,1.29,1.00,9,195,1 month
cadeira de escritorio preta,cadeira de escritorio preta​,I,70,0,"1,000",,n/a,n/a,18,1.29,1.00,8,191,1 month
cadeira de escrivaninha,cadeira de escrivaninha​,I,71,0,"1,000",,n/a,n/a,25,0.46,1.00,7,211,1 month
cadeira ergonômica nr17,cadeira ergonômica nr17​,C,46,0,"1,000",,n/a,n/a,13,1.29,1.00,8,196,1 month
cadeira escritorio couro,cadeira escritorio couro​,I,62,0,"1,000",,n/a,n/a,14,1.44,1.00,7,203,1 month
cadeira escritorio diretor,cadeira escritorio diretor​,IC,64,0,"1,000",,n/a,n/a,8,1.96,1.00,7,192,1 month
cadeira escritorio marrom,cadeira escritorio marrom​,I,68,0,"1,000",,n/a,n/a,18,1.24,1.00,7,187,1 month
cadeira escrivaninha quarto,cadeira escrivaninha quarto​,C,63,0,"1,000",,n/a,n/a,28,0.41,1.00,6,236,1 month
cadeira estudar,cadeira estudar​,C,59,0,"1,000",,n/a,n/a,27,0.46,1.00,8,190,1 month
cadeira gamer 150kg,cadeira gamer 150kg​,C,49,0,"1,000",,n/a,n/a,25,0.46,1.00,7,184,1 month
cadeira gamer ergonômica,cadeira gamer ergonômica​,I,55,0,"1,000",,n/a,n/a,24,0.67,1.00,8,189,1 month
cadeira giratoria secretaria,cadeira giratoria secretaria​,C,62,0,"1,000",,n/a,n/a,5,1.39,1.00,5,188,1 month
cadeira para escritorio diretor,cadeira para escritorio diretor​,IC,62,0,"1,000",,n/a,n/a,6,1.96,1.00,5,194,1 month
cadeira para escritorio sem braço,cadeira para escritorio sem braço​,I,61,0,"1,000",,n/a,n/a,11,1.19,1.00,8,208,1 month
cadeira para escritorio sem rodinha,cadeira para escritorio sem rodinha​,C,62,0,"1,000",,n/a,n/a,15,0.88,1.00,7,204,1 month
cadeira para escritório presidente,cadeira para escritório presidente​,C,64,0,"1,000",,n/a,n/a,31,1.19,1.00,6,187,1 month
cadeira para home office,cadeira para home office​,C,60,0,"1,000",,n/a,n/a,22,0.93,1.00,8,165,1 month
cadeira presidencial,cadeira presidencial​,C,59,0,"1,000",,n/a,n/a,8,1.13,1.00,10,191,1 month
cadeira simples,cadeira simples​,I,60,0,"1,000",,n/a,n/a,18,0.52,1.00,7,196,1 month
cadeiras em promoção,cadeiras em promoção​,C,64,0,"1,000",,n/a,n/a,16,0.52,1.00,5,177,1 month
cadeiras ergonomica,cadeiras ergonomica​,C,61,0,"1,000",,n/a,n/a,30,1.24,1.00,8,187,1 month
cadeiras ergonômicas,cadeiras ergonômicas​,IC,58,0,"1,000",,n/a,n/a,35,0.98,1.00,9,186,1 month
cadeiras para computador,cadeiras para computador​,IC,69,0,"1,000",,n/a,n/a,21,0.57,1.00,6,196,1 month
cadeiras para escritorio ergonomicas,cadeiras para escritorio ergonomicas​,C,66,0,"1,000",,n/a,n/a,24,1.55,1.00,7,189,1 month
cadeiras sem mesa,cadeiras sem mesa​,IC,60,0,"1,000",,n/a,n/a,21,0.31,1.00,5,195,1 month
conjunto 6 cadeiras jantar,conjunto 6 cadeiras jantar​,I,53,0,"1,000",,n/a,n/a,19,0.67,1.00,7,211,1 month
conjunto de mesa de jantar 4 cadeiras,conjunto de mesa de jantar 4 cadeiras​,IC,62,0,"1,000",,n/a,n/a,8,0.46,1.00,6,193,1 month
conjunto de mesa e 4 cadeiras,conjunto de mesa e 4 cadeiras​,I,63,0,"1,000",,n/a,n/a,14,0.41,1.00,6,193,1 month
conjunto de mesa e cadeira,conjunto de mesa e cadeira​,I,67,0,"1,000",,n/a,n/a,12,0.52,1.00,7,199,1 month
conjunto jantar 4 cadeiras,conjunto jantar 4 cadeiras​,IC,57,0,"1,000",,n/a,n/a,9,0.62,1.00,5,193,1 month
conjunto mesa de jantar 4 cadeiras,conjunto mesa de jantar 4 cadeiras​,I,66,0,"1,000",,n/a,n/a,11,0.62,1.00,6,191,1 month
conjunto mesa e 4 cadeira,conjunto mesa e 4 cadeira​,C,61,0,"1,000",,n/a,n/a,14,0.57,1.00,7,196,1 month
conjunto mesa e 6 cadeiras,conjunto mesa e 6 cadeiras​,I,62,0,"1,000",,n/a,n/a,10,0.62,1.00,6,19.3M,1 month
conjunto mesa e cadeira,conjunto mesa e cadeira​,IC,65,0,"1,000",,n/a,n/a,8,0.67,1.00,6,196,1 month
escritorio home office,escritorio home office​,I,66,0,"1,000",,n/a,n/a,36,0.93,0.98,6,189,1 month
escritorios em ingles,escritorios em ingles​,I,76,0,"1,000",,n/a,n/a,26,0.00,0.33,6,n/a,1 month
escrivaniha,escrivaniha​,C,58,0,"1,000",,n/a,n/a,24,0.52,1.00,5,194,1 month
escrivaninha branca com gavetas,escrivaninha branca com gavetas​,I,61,0,"1,000",,n/a,n/a,23,0.57,1.00,7,197,1 month
escrivaninha e estante,escrivaninha e estante​,IC,70,0,"1,000",,n/a,n/a,22,0.77,1.00,7,193,1 month
escrivaninha l,escrivaninha l​,I,67,0,"1,000",,n/a,n/a,22,0.62,1.00,6,192,1 month
escrivaninha no quarto,escrivaninha no quarto​,IC,62,0,"1,000",,n/a,n/a,28,0.36,1.00,7,194,1 month
escrivaninha notebook,escrivaninha notebook​,IC,62,0,"1,000",,n/a,n/a,23,0.31,1.00,6,198,1 month
escrivaninha para quarto com gavetas,escrivaninha para quarto com gavetas​,I,62,0,"1,000",,n/a,n/a,31,0.41,1.00,7,200,1 month
escrivaninhas para quarto,escrivaninhas para quarto​,C,63,0,"1,000",,n/a,n/a,26,0.36,1.00,6,193,1 month
estante e escrivaninha,estante e escrivaninha​,I,66,0,"1,000",,n/a,n/a,21,0.77,1.00,7,195,1 month
estação de trabalho 4 lugares,estação de trabalho 4 lugares​,I,54,0,"1,000",,n/a,n/a,6,2.73,1.00,8,169,1 month
jogo de 4 cadeiras,jogo de 4 cadeiras​,I,62,0,"1,000",,n/a,n/a,21,0.36,1.00,6,198,1 month
jogo de cadeira com mesa,jogo de cadeira com mesa​,I,56,0,"1,000",,n/a,n/a,11,0.41,1.00,6,194,1 month
jogo de cadeira e mesa,jogo de cadeira e mesa​,I,63,0,"1,000",,n/a,n/a,11,0.41,1.00,5,188,1 month
jogo de mesas e cadeiras,jogo de mesas e cadeiras​,I,60,0,"1,000",,n/a,n/a,14,0.41,1.00,6,184,1 month
loja moveis de escritório,loja moveis de escritório​,C,60,0,"1,000",,n/a,n/a,21,2.68,1.00,7,197,1 month
madeira madeira escrivaninha,madeira madeira escrivaninha​,I,59,0,"1,000",,n/a,n/a,23,0.52,1.00,8,192,1 month
melhor cadeira para gamers,melhor cadeira para gamers​,C,46,0,"1,000",,n/a,n/a,23,0.57,1.00,8,168,1 month
melhores cadeiras de escritorio,melhores cadeiras de escritorio​,C,51,0,"1,000",,n/a,n/a,21,1.65,1.00,9,180,1 month
melhores cadeiras gamer,melhores cadeiras gamer​,C,44,0,"1,000",,n/a,n/a,24,0.57,1.00,8,176,1 month
mercado livre escrivaninha,mercado livre escrivaninha​,TN,53,0,"1,000",,n/a,n/a,35,0.46,1.00,4,166,1 month
mesa 4 cadeiras com tampo de vidro,mesa 4 cadeiras com tampo de vidro​,I,66,0,"1,000",,n/a,n/a,27,0.46,1.00,8,190,1 month
mesa 6 cadeiras com tampo de vidro,mesa 6 cadeiras com tampo de vidro​,I,60,0,"1,000",,n/a,n/a,22,0.52,1.00,8,202,1 month
mesa 6 cadeiras vidro,mesa 6 cadeiras vidro​,IC,59,0,"1,000",,n/a,n/a,23,0.52,1.00,7,198,1 month
mesa 6 lugares tampo de vidro,mesa 6 lugares tampo de vidro​,I,62,0,"1,000",,n/a,n/a,19,0.62,1.00,8,188,1 month
mesa balcao,mesa balcao​,IC,57,0,"1,000",,n/a,n/a,26,0.57,1.00,7,209,1 month
mesa com 4 cadeiras quadrada,mesa com 4 cadeiras quadrada​,I,64,0,"1,000",,n/a,n/a,21,0.46,1.00,6,195,1 month
mesa com cadeiras embutidas,mesa com cadeiras embutidas​,I,69,0,"1,000",,n/a,n/a,23,0.41,1.00,7,186,1 month
mesa com duas cadeiras,mesa com duas cadeiras​,I,63,0,"1,000",,n/a,n/a,22,0.31,1.00,6,194,1 month
mesa com prateleira,mesa com prateleira​,I,64,0,"1,000",,n/a,n/a,14,0.46,1.00,8,199,1 month
mesa computador em l,mesa computador em l​,C,69,0,"1,000",,n/a,n/a,23,0.52,1.00,7,209,1 month
mesa de 4 cadeira,mesa de 4 cadeira​,IC,68,0,"1,000",,n/a,n/a,28,0.41,1.00,6,189,1 month
mesa de area externa,mesa de area externa​,I,63,0,"1,000",,n/a,n/a,18,0.67,1.00,6,190,1 month
mesa de cabeceira suspenso,mesa de cabeceira suspenso​,IC,62,0,"1,000",,n/a,n/a,27,0.62,1.00,8,191,1 month
mesa de canto escritorio,mesa de canto escritorio​,IC,69,0,"1,000",,n/a,n/a,26,0.72,1.00,7,13.7M,1 month
mesa de computador pequena,mesa de computador pequena​,IC,62,0,"1,000",,n/a,n/a,25,0.26,1.00,7,206,1 month
mesa de computador pequeno,mesa de computador pequeno​,I,58,0,"1,000",,n/a,n/a,21,0.26,1.00,7,194,1 month
mesa de escritorio branca,mesa de escritorio branca​,C,70,0,"1,000",,n/a,n/a,17,1.03,1.00,5,179,1 month
mesa de estudo quarto,mesa de estudo quarto​,C,58,0,"1,000",,n/a,n/a,25,0.31,1.00,8,187,1 month
mesa de jantar 4 cadeiras com tampo de vidro,mesa de jantar 4 cadeiras com tampo de vidro​,I,57,0,"1,000",,n/a,n/a,22,0.52,1.00,6,215,1 month
mesa de jantar 6 cadeiras com tampo de vidro,mesa de jantar 6 cadeiras com tampo de vidro​,I,58,0,"1,000",,n/a,n/a,20,0.62,1.00,6,208,1 month
mesa de jantar 6 cadeiras em promoção,mesa de jantar 6 cadeiras em promoção​,IC,58,0,"1,000",,n/a,n/a,22,0.46,1.00,5,199,1 month
mesa de jantar 6 cadeiras promoção,mesa de jantar 6 cadeiras promoção​,C,57,0,"1,000",,n/a,n/a,15,0.46,1.00,5,195,1 month
mesa de jantar 6 lugares luxo,mesa de jantar 6 lugares luxo​,I,56,0,"1,000",,n/a,n/a,20,0.88,1.00,7,8,1 month
mesa de jantar com 4 cadeiras pequena,mesa de jantar com 4 cadeiras pequena​,I,60,0,"1,000",,n/a,n/a,11,0.36,1.00,8,194,1 month
mesa de jantar com tampa de vidro,mesa de jantar com tampa de vidro​,I,59,0,"1,000",,n/a,n/a,18,0.57,1.00,8,197,1 month
mesa de jantar com tampo de vidro,mesa de jantar com tampo de vidro​,I,60,0,"1,000",,n/a,n/a,23,0.57,1.00,6,194,1 month
mesa de jantar com tampo de vidro e 4 cadeiras,mesa de jantar com tampo de vidro e 4 cadeiras​,I,61,0,"1,000",,n/a,n/a,21,0.52,1.00,6,232,1 month
mesa de jantar de vidro,mesa de jantar de vidro​,I,59,0,"1,000",,n/a,n/a,21,0.52,1.00,8,194,1 month
mesa de jantar para 6 lugares,mesa de jantar para 6 lugares​,I,59,0,"1,000",,n/a,n/a,12,0.57,1.00,9,186,1 month
mesa de jantar tampo de vidro,mesa de jantar tampo de vidro​,I,59,0,"1,000",,n/a,n/a,22,0.57,1.00,6,189,1 month
mesa de pc gamer,mesa de pc gamer​,IC,62,0,"1,000",,n/a,n/a,31,0.31,1.00,6,193,1 month
mesa de reuniao escritorio,mesa de reuniao escritorio​,I,70,0,"1,000",,n/a,n/a,7,1.44,1.00,8,178,1 month
mesa dobravel notebook,mesa dobravel notebook​,I,55,0,"1,000",,n/a,n/a,24,0.31,1.00,8,235,1 month
mesa e cadeira 4 lugares,mesa e cadeira 4 lugares​,IC,69,0,"1,000",,n/a,n/a,21,0.52,1.00,7,195,1 month
mesa e cadeira de madeira,mesa e cadeira de madeira​,I,62,0,"1,000",,n/a,n/a,16,0.57,1.00,6,188,1 month
mesa e cadeira escritorio,mesa e cadeira escritorio​,C,78,0,"1,000",,n/a,n/a,24,0.88,1.00,7,173,1 month
mesa em l com gavetas,mesa em l com gavetas​,I,68,0,"1,000",,n/a,n/a,18,0.67,1.00,6,219,1 month
mesa em l escritório,mesa em l escritório​,I,70,0,"1,000",,n/a,n/a,21,0.88,1.00,6,193,1 month
mesa em l industrial,mesa em l industrial​,IC,64,0,"1,000",,n/a,n/a,23,0.72,1.00,6,203,1 month
mesa em l para quarto,mesa em l para quarto​,C,68,0,"1,000",,n/a,n/a,25,0.36,1.00,6,209,1 month
mesa em vidro,mesa em vidro​,IC,65,0,"1,000",,n/a,n/a,20,0.67,1.00,7,209,1 month
mesa escritorio madeira,mesa escritorio madeira​,I,69,0,"1,000",,n/a,n/a,25,1.03,1.00,5,196,1 month
mesa escritorio mdf,mesa escritorio mdf​,IC,71,0,"1,000",,n/a,n/a,19,0.82,1.00,6,192,1 month
mesa industrial em l,mesa industrial em l​,IT,66,0,"1,000",,n/a,n/a,21,0.67,1.00,7,221,1 month
mesa jantar de vidro,mesa jantar de vidro​,C,62,0,"1,000",,n/a,n/a,19,0.62,1.00,8,196,1 month
mesa l escritorio,mesa l escritorio​,IC,72,0,"1,000",,n/a,n/a,19,0.82,1.00,5,194,1 month
mesa mdf escritório,mesa mdf escritório​,I,69,0,"1,000",,n/a,n/a,16,0.82,1.00,7,195,1 month
mesa notebook dobravel,mesa notebook dobravel​,I,58,0,"1,000",,n/a,n/a,28,0.31,1.00,9,224,1 month
mesa para computador em l,mesa para computador em l​,I,72,0,"1,000",,n/a,n/a,25,0.52,1.00,7,223,1 month
mesa para escritório reunião,mesa para escritório reunião​,C,71,0,"1,000",,n/a,n/a,8,1.49,1.00,10,172,1 month
mesa para estudar,mesa para estudar​,IC,72,0,"1,000",,n/a,n/a,28,0.31,1.00,7,212,1 month
mesa para jantar 4 lugares,mesa para jantar 4 lugares​,I,62,0,"1,000",,n/a,n/a,11,0.62,1.00,7,191,1 month
mesa para jantar 6 cadeiras,mesa para jantar 6 cadeiras​,C,60,0,"1,000",,n/a,n/a,7,0.62,1.00,5,197,1 month
mesa para jardim externo,mesa para jardim externo​,I,61,0,"1,000",,n/a,n/a,21,0.52,1.00,8,189,1 month
mesa para notebook dobravel,mesa para notebook dobravel​,I,65,0,"1,000",,n/a,n/a,24,0.31,1.00,9,239,1 month
mesa para notebook portátil,mesa para notebook portátil​,I,60,0,"1,000",,n/a,n/a,27,0.26,1.00,8,233,1 month
mesa para o quarto,mesa para o quarto​,C,73,0,"1,000",,n/a,n/a,22,0.31,1.00,7,215,1 month
mesa para penteadeira,mesa para penteadeira​,IC,61,0,"1,000",,n/a,n/a,26,0.41,1.00,9,5.5M,1 month
mesa para sala de jantar 4 cadeiras,mesa para sala de jantar 4 cadeiras​,I,65,0,"1,000",,n/a,n/a,11,0.57,1.00,7,188,1 month
mesa pequena escritorio,mesa pequena escritorio​,I,82,0,"1,000",,n/a,n/a,22,0.57,1.00,6,190,1 month
mesa portátil notebook,mesa portátil notebook​,I,57,0,"1,000",,n/a,n/a,23,0.31,1.00,5,209,1 month
mesa preta redonda,mesa preta redonda​,I,59,0,"1,000",,n/a,n/a,17,0.82,1.00,5,192,1 month
mesa reuniao escritorio,mesa reuniao escritorio​,I,66,0,"1,000",,n/a,n/a,6,1.49,1.00,6,175,1 month
mesa sala de jantar 4 cadeiras,mesa sala de jantar 4 cadeiras​,I,66,0,"1,000",,n/a,n/a,14,0.57,1.00,6,197,1 month
mesa sala de jantar 6 lugares,mesa sala de jantar 6 lugares​,I,58,0,"1,000",,n/a,n/a,7,0.62,1.00,7,194,1 month
mesa simples,mesa simples​,I,61,0,"1,000",,n/a,n/a,31,0.31,1.00,7,168,1 month
mesa tampo de vidro 6 lugares,mesa tampo de vidro 6 lugares​,I,61,0,"1,000",,n/a,n/a,22,0.62,1.00,7,211,1 month
mesa tampo de vidro com 4 cadeiras,mesa tampo de vidro com 4 cadeiras​,I,61,0,"1,000",,n/a,n/a,21,0.52,1.00,8,218,1 month
mesas 2 cadeiras,mesas 2 cadeiras​,I,63,0,"1,000",,n/a,n/a,18,0.46,1.00,5,215,1 month
mesas balcão,mesas balcão​,IC,64,0,"1,000",,n/a,n/a,23,0.57,1.00,7,216,1 month
mesas com 4 cadeiras,mesas com 4 cadeiras​,I,68,0,"1,000",,n/a,n/a,22,0.36,1.00,7,187,1 month
mesas com 6 cadeiras com tampo de vidro,mesas com 6 cadeiras com tampo de vidro​,I,62,0,"1,000",,n/a,n/a,21,0.52,1.00,6,196,1 month
mesas de escritório,mesas de escritório​,C,84,0,"1,000",,n/a,n/a,20,0.82,1.00,7,188,1 month
mesas de jantar 4 cadeiras pequena,mesas de jantar 4 cadeiras pequena​,C,61,0,"1,000",,n/a,n/a,30,0.36,1.00,7,195,1 month
mesas de jantar 4 lugares,mesas de jantar 4 lugares​,IC,60,0,"1,000",,n/a,n/a,11,0.57,1.00,7,197,1 month
mesas de jantar com 4 cadeiras,mesas de jantar com 4 cadeiras​,I,66,0,"1,000",,n/a,n/a,14,0.46,1.00,7,6.4M,1 month
mesas de jantar modernas,mesas de jantar modernas​,IC,51,0,"1,000",,n/a,n/a,27,0.62,1.00,8,180,1 month
mesas para computadores,mesas para computadores​,I,63,0,"1,000",,n/a,n/a,31,0.41,1.00,5,192,1 month
mesas para pc,mesas para pc​,I,63,0,"1,000",,n/a,n/a,30,0.31,1.00,6,195,1 month
mesas pequenas,mesas pequenas​,C,62,0,"1,000",,n/a,n/a,26,0.31,1.00,7,228,1 month
mesinha cama notebook,mesinha cama notebook​,C,59,0,"1,000",,n/a,n/a,28,0.31,1.00,8,237,1 month
mesinha com 2 cadeiras,mesinha com 2 cadeiras​,I,59,0,"1,000",,n/a,n/a,22,0.41,1.00,6,223,1 month
mesinha computador pequena,mesinha computador pequena​,IC,63,0,"1,000",,n/a,n/a,23,0.26,1.00,5,199,1 month
mesinha em l para quarto,mesinha em l para quarto​,C,64,0,"1,000",,n/a,n/a,23,0.36,1.00,7,168,1 month
mesinha para computador em l,mesinha para computador em l​,C,67,0,"1,000",,n/a,n/a,23,0.52,1.00,5,224,1 month
mesinha para notebook cama,mesinha para notebook cama​,I,59,0,"1,000",,n/a,n/a,30,0.31,1.00,7,236,1 month
mesinha para notebook e impressora,mesinha para notebook e impressora​,IC,60,0,"1,000",,n/a,n/a,23,0.36,1.00,7,233,1 month
modelos de mesas,modelos de mesas​,IC,56,0,"1,000",,n/a,n/a,23,0.67,0.99,9,180,1 month
movel escritorio,movel escritorio​,C,64,0,"1,000",,n/a,n/a,20,2.16,1.00,7,195,1 month
prateleira para escritorio,prateleira para escritorio​,I,58,0,"1,000",,n/a,n/a,18,0.77,1.00,7,198,1 month
prateleiras com mesa,prateleiras com mesa​,I,67,0,"1,000",,n/a,n/a,19,0.46,1.00,8,198,1 month
promoção cadeira,promoção cadeira​,C,62,0,"1,000",,n/a,n/a,17,0.52,1.00,5,186,1 month
shopping do escritório,shopping do escritório​,N,51,0,"1,000",,n/a,n/a,16,1.13,0.68,6,168,1 month
suspença,suspença​,I,42,0,"1,000",,n/a,n/a,23,0.00,0.33,6,173,1 month
tampa de vidro de mesa,tampa de vidro de mesa​,I,56,0,"1,000",,n/a,n/a,14,0.67,1.00,9,193,1 month
vidro mesa,vidro mesa​,I,55,0,"1,000",,n/a,n/a,16,0.57,0.96,8,188,1 month
vidro para mesa,vidro para mesa​,I,58,0,"1,000",,n/a,n/a,15,0.57,0.96,10,193,1 month
armario de escrito,armario de escrito​,I,60,0,880,,n/a,n/a,25,1.13,1.00,6,184,1 month
armario de escritório,armario de escritório​,I,71,0,880,,n/a,n/a,18,0.93,1.00,6,179,1 month
armarios para escritorio,armarios para escritorio​,IC,69,0,880,,n/a,n/a,19,1.03,1.00,8,176,1 month
bancada de estudo,bancada de estudo​,C,67,0,880,,n/a,n/a,29,0.41,1.00,9,195,1 month
bancada escritorio,bancada escritorio​,I,65,0,880,,n/a,n/a,24,1.19,1.00,5,121,1 month
cadeira bege,cadeira bege​,I,59,0,880,,n/a,n/a,20,0.77,1.00,8,186,1 month
cadeira de compu,cadeira de compu​,C,68,0,880,,n/a,n/a,26,0.00,0.00,7,196,1 month
cadeira de escritorio bege,cadeira de escritorio bege​,IT,61,0,880,,n/a,n/a,15,1.13,1.00,7,210,1 month
cadeira de escritorio couro,cadeira de escritorio couro​,I,65,0,880,,n/a,n/a,17,1.19,1.00,6,193,1 month
cadeira de escritorio sem rodinha,cadeira de escritorio sem rodinha​,C,64,0,880,,n/a,n/a,15,0.88,1.00,5,197,1 month
cadeira de escritório branca,cadeira de escritório branca​,IC,68,0,880,,n/a,n/a,20,0.82,1.00,7,190,1 month
cadeira de escritório usada,cadeira de escritório usada​,C,62,0,880,,n/a,n/a,26,0.36,1.00,7,165,1 month
cadeira e mesa de madeira,cadeira e mesa de madeira​,I,56,0,880,,n/a,n/a,18,0.93,1.00,8,195,1 month
cadeira ergonimica,cadeira ergonimica​,C,63,0,880,,n/a,n/a,23,0.98,1.00,7,194,1 month
cadeira ergonomia,cadeira ergonomia​,I,54,0,880,,n/a,n/a,31,0.98,1.00,8,185,1 month
cadeira escritorio cinza,cadeira escritorio cinza​,I,66,0,880,,n/a,n/a,12,1.49,1.00,5,194,1 month
cadeira escritorio madeira,cadeira escritorio madeira​,C,69,0,880,,n/a,n/a,17,1.44,1.00,5,186,1 month
cadeira escritorio sem rodinha,cadeira escritorio sem rodinha​,IC,66,0,880,,n/a,n/a,17,0.88,1.00,5,198,1 month
cadeira escritório ergonomica,cadeira escritório ergonomica​,I,64,0,880,,n/a,n/a,29,1.55,1.00,7,198,1 month
cadeira escritório rosa,cadeira escritório rosa​,IC,66,0,880,,n/a,n/a,21,0.82,1.00,9,204,1 month
cadeira estudos confortavel,cadeira estudos confortavel​,IC,57,0,880,,n/a,n/a,23,0.41,1.00,11,213,1 month
cadeira fixa de escritorio,cadeira fixa de escritorio​,C,62,0,880,,n/a,n/a,6,1.39,1.00,7,193,1 month
cadeira gamer feminina,cadeira gamer feminina​,I,56,0,880,,n/a,n/a,26,0.41,1.00,7,186,1 month
cadeira gamer usada,cadeira gamer usada​,IT,56,0,880,,n/a,n/a,27,0.10,1.00,6,164,1 month
cadeira marrom,cadeira marrom​,I,61,0,880,,n/a,n/a,21,0.98,1.00,8,205,1 month
cadeira para diretor,cadeira para diretor​,I,55,0,880,,n/a,n/a,5,1.49,1.00,5,200,1 month
cadeira para esc,cadeira para esc​,C,61,0,880,,n/a,n/a,19,1.34,1.00,5,193,1 month
cadeira para escritorio bege,cadeira para escritorio bege​,I,61,0,880,,n/a,n/a,16,1.34,1.00,6,212,1 month
cadeira para escritorio marrom,cadeira para escritorio marrom​,C,64,0,880,,n/a,n/a,21,1.24,1.00,7,209,1 month
cadeira para escritório confortável,cadeira para escritório confortável​,C,68,0,880,,n/a,n/a,25,0.88,1.00,7,193,1 month
cadeira para escritório ergonômica,cadeira para escritório ergonômica​,I,70,0,880,,n/a,n/a,18,1.55,1.00,6,183,1 month
cadeiras de escritorio em promocao,cadeiras de escritorio em promocao​,C,67,0,880,,n/a,n/a,25,0.93,1.00,5,35.2M,1 month
cadeiras de escritório baratas,cadeiras de escritório baratas​,C,67,0,880,,n/a,n/a,21,0.98,1.00,7,205,1 month
cadeiras ergonomicas de escritorio,cadeiras ergonomicas de escritorio​,C,60,0,880,,n/a,n/a,14,1.44,1.00,6,190,1 month
cadeiras gamers,cadeiras gamers​,C,52,0,880,,n/a,n/a,36,0.93,1.00,7,168,1 month
cadeiras para escritorio confortavel,cadeiras para escritorio confortavel​,I,64,0,880,,n/a,n/a,26,0.88,1.00,8,194,1 month
cama alta com escrivaninha,cama alta com escrivaninha​,I,65,0,880,,n/a,n/a,21,0.57,1.00,8,223,1 month
conjunto de jantar 4 cadeiras,conjunto de jantar 4 cadeiras​,I,61,0,880,,n/a,n/a,9,0.67,1.00,6,190,1 month
conjunto de mesa de jantar,conjunto de mesa de jantar​,C,62,0,880,,n/a,n/a,19,0.52,1.00,6,137,1 month
conjunto escritorio,conjunto escritorio​,C,69,0,880,,n/a,n/a,12,1.08,1.00,7,183,1 month
conjunto sala de jantar 6 cadeiras,conjunto sala de jantar 6 cadeiras​,I,53,0,880,,n/a,n/a,15,0.72,1.00,7,194,1 month
escrivaninha com cadeira,escrivaninha com cadeira​,I,62,0,880,,n/a,n/a,23,0.36,1.00,6,221,1 month
escrivaninha escritório,escrivaninha escritório​,IC,74,0,880,,n/a,n/a,26,0.77,1.00,5,195,1 month
escrivaninha home office,escrivaninha home office​,I,67,0,880,,n/a,n/a,19,0.82,1.00,6,194,1 month
escrivaninhas em mdf,escrivaninhas em mdf​,C,61,0,880,,n/a,n/a,21,0.46,1.00,6,196,1 month
estacao de trabalho,estacao de trabalho​,I,53,0,880,,n/a,n/a,16,2.32,1.00,8,197,1 month
jogo 4 cadeiras,jogo 4 cadeiras​,IC,60,0,880,,n/a,n/a,16,0.57,1.00,6,187,1 month
jogo de mesa de jantar,jogo de mesa de jantar​,I,60,0,880,,n/a,n/a,16,0.46,1.00,6,194,1 month
melhor cadeira de escritorio,melhor cadeira de escritorio​,C,49,0,880,,n/a,n/a,22,1.19,1.00,8,133,1 month
melhor cadeira ergonomica,melhor cadeira ergonomica​,C,45,0,880,,n/a,n/a,22,1.13,1.00,10,168,1 month
melhor cadeira ergonômica,melhor cadeira ergonômica​,C,43,0,880,,n/a,n/a,23,1.13,1.00,8,165,1 month
mesa 4 cadeiras barata,mesa 4 cadeiras barata​,I,66,0,880,,n/a,n/a,27,0.31,1.00,7,215,1 month
mesa 4 cadeiras baratinha,mesa 4 cadeiras baratinha​,C,58,0,880,,n/a,n/a,27,0.31,1.00,5,190,1 month
mesa 4 cadeiras promoção,mesa 4 cadeiras promoção​,IC,64,0,880,,n/a,n/a,20,0.41,1.00,7,195,1 month
mesa 4 cadeiras sala de jantar,mesa 4 cadeiras sala de jantar​,IC,67,0,880,,n/a,n/a,14,0.57,1.00,7,186,1 month
mesa 6 cadeiras de vidro,mesa 6 cadeiras de vidro​,I,57,0,880,,n/a,n/a,19,0.41,1.00,8,222,1 month
mesa com 4 cadeiras em madeira,mesa com 4 cadeiras em madeira​,I,59,0,880,,n/a,n/a,6,0.52,1.00,7,191,1 month
mesa com 4 cadeiras sala de jantar,mesa com 4 cadeiras sala de jantar​,I,67,0,880,,n/a,n/a,17,0.57,1.00,9,192,1 month
mesa com 6 cadeira,mesa com 6 cadeira​,I,61,0,880,,n/a,n/a,15,0.52,1.00,7,217,1 month
mesa com tampo de vidro 6 lugares,mesa com tampo de vidro 6 lugares​,I,64,0,880,,n/a,n/a,20,0.62,1.00,7,218,1 month
mesa com tampo de vidro e 4 cadeiras,mesa com tampo de vidro e 4 cadeiras​,I,63,0,880,,n/a,n/a,21,0.52,1.00,8,197,1 month
mesa computador e impressora,mesa computador e impressora​,IC,57,0,880,,n/a,n/a,22,0.36,1.00,5,228,1 month
mesa computador impressora,mesa computador impressora​,IC,60,0,880,,n/a,n/a,23,0.36,1.00,5,226,1 month
mesa de computador em l,mesa de computador em l​,I,72,0,880,,n/a,n/a,21,0.46,1.00,7,215,1 month
mesa de escritorio preta,mesa de escritorio preta​,I,69,0,880,,n/a,n/a,15,0.93,1.00,6,193,1 month
mesa de escritorio reuniao,mesa de escritorio reuniao​,IC,63,0,880,,n/a,n/a,7,1.44,1.00,8,177,1 month
mesa de jantar com vidro,mesa de jantar com vidro​,I,56,0,880,,n/a,n/a,18,0.62,1.00,7,191,1 month
mesa de jantar pequena com 4 cadeiras,mesa de jantar pequena com 4 cadeiras​,I,60,0,880,,n/a,n/a,27,0.36,1.00,7,189,1 month
mesa de madeira e cadeiras,mesa de madeira e cadeiras​,IC,62,0,880,,n/a,n/a,7,0.93,1.00,9,190,1 month
mesa de reuniao para escritorio,mesa de reuniao para escritorio​,IC,65,0,880,,n/a,n/a,7,1.44,1.00,8,183,1 month
mesa de vidro com madeira,mesa de vidro com madeira​,I,57,0,880,,n/a,n/a,33,0.57,1.00,7,185,1 month
mesa de vidro de 6 cadeiras,mesa de vidro de 6 cadeiras​,IC,58,0,880,,n/a,n/a,17,0.41,1.00,8,219,1 month
mesa de vidro de jantar,mesa de vidro de jantar​,IC,61,0,880,,n/a,n/a,15,0.52,1.00,8,192,1 month
mesa e cadeira para escritorio,mesa e cadeira para escritorio​,C,79,0,880,,n/a,n/a,20,0.88,1.00,8,179,1 month
mesa escritorio com gaveta,mesa escritorio com gaveta​,I,73,0,880,,n/a,n/a,20,1.03,1.00,8,198,1 month
mesa escritorio reuniao,mesa escritorio reuniao​,I,65,0,880,,n/a,n/a,7,1.49,1.00,8,182,1 month
mesa escrivaninha com gavetas,mesa escrivaninha com gavetas​,I,70,0,880,,n/a,n/a,19,0.52,1.00,7,193,1 month
mesa escrivaninha industrial,mesa escrivaninha industrial​,IC,68,0,880,,n/a,n/a,13,0.57,1.00,9,196,1 month
mesa gamer preta,mesa gamer preta​,I,55,0,880,,n/a,n/a,21,0.46,1.00,7,194,1 month
mesa industrial escritório,mesa industrial escritório​,IC,73,0,880,,n/a,n/a,10,0.72,1.00,7,187,1 month
mesa notebook e impressora,mesa notebook e impressora​,I,55,0,880,,n/a,n/a,23,0.36,1.00,6,245,1 month
mesa office,mesa office​,IC,60,0,880,,n/a,n/a,20,1.08,1.00,8,199,1 month
mesa para apartamento,mesa para apartamento​,I,62,0,880,,n/a,n/a,24,0.52,1.00,9,180,1 month
mesa para comput,mesa para comput​,IC,65,0,880,,n/a,n/a,30,0.57,1.00,7,192,1 month
mesa para computador e impressora,mesa para computador e impressora​,C,65,0,880,,n/a,n/a,23,0.36,1.00,6,224,1 month
mesa para computador gamer,mesa para computador gamer​,I,65,0,880,,n/a,n/a,29,0.41,1.00,6,191,1 month
mesa para jantar pequena,mesa para jantar pequena​,C,59,0,880,,n/a,n/a,27,0.57,1.00,7,199,1 month
mesa para varanda apartamento,mesa para varanda apartamento​,IT,58,0,880,,n/a,n/a,23,0.57,1.00,8,9.3M,1 month
mesa pc gaming,mesa pc gaming​,C,55,0,880,,n/a,n/a,33,0.36,1.00,8,198,1 month
mesa pequena para escritório,mesa pequena para escritório​,IC,77,0,880,,n/a,n/a,19,0.57,1.00,5,196,1 month
mesa portátil para notebook,mesa portátil para notebook​,I,62,0,880,,n/a,n/a,25,0.26,1.00,5,6,1 month
mesa redonda area externa,mesa redonda area externa​,C,59,0,880,,n/a,n/a,25,0.82,1.00,9,191,1 month
mesa regulavel,mesa regulavel​,I,57,0,880,,n/a,n/a,19,1.34,1.00,6,186,1 month
mesas com gaveta,mesas com gaveta​,I,66,0,880,,n/a,n/a,21,0.62,1.00,5,197,1 month
mesas com regulagem de altura,mesas com regulagem de altura​,I,53,0,880,,n/a,n/a,8,1.29,1.00,7,189,1 month
mesas de 6 lugares,mesas de 6 lugares​,I,57,0,880,,n/a,n/a,19,0.57,1.00,7,194,1 month
mesas de jantar nas casas bahia,mesas de jantar nas casas bahia​,I,53,0,880,,n/a,n/a,29,0.26,1.00,4,161,1 month
mesas de madeiras com cadeiras,mesas de madeiras com cadeiras​,I,58,0,880,,n/a,n/a,12,0.57,1.00,7,195,1 month
mesas de reunião para escritório,mesas de reunião para escritório​,IT,64,0,880,,n/a,n/a,5,1.44,1.00,7,176,1 month
mesas de vidro com madeira,mesas de vidro com madeira​,I,55,0,880,,n/a,n/a,20,0.57,1.00,7,205,1 month
mesas e cadeiras de madeira,mesas e cadeiras de madeira​,I,57,0,880,,n/a,n/a,29,0.93,1.00,6,188,1 month
mesas em l,mesas em l​,C,68,0,880,,n/a,n/a,5,0.62,1.00,6,195,1 month
mesas gamers,mesas gamers​,I,55,0,880,,n/a,n/a,29,0.41,1.00,8,192,1 month
mesas para escritorio,mesas para escritorio​,IC,83,0,880,,n/a,n/a,20,0.93,1.00,7,189,1 month
mesas tampo de vidro 6 cadeiras,mesas tampo de vidro 6 cadeiras​,IC,61,0,880,,n/a,n/a,21,0.52,1.00,8,194,1 month
mesinha computador em l,mesinha computador em l​,C,70,0,880,,n/a,n/a,22,0.52,1.00,7,221,1 month
mesinha de canto quarto,mesinha de canto quarto​,IC,58,0,880,,n/a,n/a,25,0.41,1.00,8,214,1 month
mesinha de escritório,mesinha de escritório​,I,81,0,880,,n/a,n/a,21,0.82,1.00,7,196,1 month
mesinha portatil para notebook,mesinha portatil para notebook​,IC,57,0,880,,n/a,n/a,27,0.26,1.00,9,239,1 month
móveis escritório,móveis escritório​,I,67,0,880,,n/a,n/a,24,2.16,1.00,7,202,1 month
penteadeira escrivaninha com espelho,penteadeira escrivaninha com espelho​,I,59,0,880,,n/a,n/a,22,0.31,1.00,7,203,1 month
prateleira escritório,prateleira escritório​,C,62,0,880,,n/a,n/a,24,0.77,1.00,6,207,1 month
salas de jantar,salas de jantar​,I,46,0,880,,n/a,n/a,24,0.98,1.00,10,184,1 month
tampa de mesa de vidro,tampa de mesa de vidro​,I,56,0,880,,n/a,n/a,14,0.67,1.00,8,194,1 month
tampo de mesa de vidro,tampo de mesa de vidro​,I,56,0,880,,n/a,n/a,14,0.67,1.00,8,189,1 month
6 cadeiras,6 cadeiras​,I,54,0,720,,n/a,n/a,20,0.62,1.00,8,195,1 month
armario de arquivo,armario de arquivo​,I,53,0,720,,n/a,n/a,25,1.44,1.00,9,197,1 month
armario suspenso escritorio,armario suspenso escritorio​,IC,62,0,720,,n/a,n/a,21,0.82,1.00,7,183,1 month
armário escritório baixo,armário escritório baixo​,IC,69,0,720,,n/a,n/a,10,1.03,1.00,7,168,1 month
arquivo para escritorio,arquivo para escritorio​,IC,66,0,720,,n/a,n/a,13,1.03,1.00,7,194,1 month
braço de cadeira de escritorio,braço de cadeira de escritorio​,I,52,0,720,,n/a,n/a,12,0.31,1.00,8,202,1 month
cadeira com mesinha,cadeira com mesinha​,I,61,0,720,,n/a,n/a,19,0.41,1.00,8,198,1 month
cadeira com rodas escritorio,cadeira com rodas escritorio​,I,68,0,720,,n/a,n/a,20,1.24,1.00,6,10,1 month
cadeira com rodas para escritorio,cadeira com rodas para escritorio​,I,66,0,720,,n/a,n/a,21,1.24,1.00,5,194,1 month
cadeira confortavel escritorio,cadeira confortavel escritorio​,C,63,0,720,,n/a,n/a,27,1.03,1.00,8,194,1 month
cadeira de couro para escritório,cadeira de couro para escritório​,IC,63,0,720,,n/a,n/a,17,1.19,1.00,5,197,1 month
cadeira de diretor,cadeira de diretor​,I,58,0,720,,n/a,n/a,8,1.24,1.00,8,192,1 month
cadeira de escritorio barata,cadeira de escritorio barata​,IC,70,0,720,,n/a,n/a,27,0.62,1.00,7,191,1 month
cadeira de escritorio gamer,cadeira de escritorio gamer​,C,63,0,720,,n/a,n/a,33,0.67,1.00,7,192,1 month
cadeira de escritorio marrom,cadeira de escritorio marrom​,IC,66,0,720,,n/a,n/a,17,1.24,1.00,7,171,1 month
cadeira de escritorio promoção,cadeira de escritorio promoção​,C,68,0,720,,n/a,n/a,20,0.93,1.00,3,199,1 month
cadeira de estudo para quarto,cadeira de estudo para quarto​,IC,63,0,720,,n/a,n/a,26,0.41,1.00,7,215,1 month
cadeira de presidente,cadeira de presidente​,I,60,0,720,,n/a,n/a,5,0.88,1.00,7,192,1 month
cadeira de trabalho,cadeira de trabalho​,C,63,0,720,,n/a,n/a,29,1.49,1.00,6,160,1 month
cadeira e mesa,cadeira e mesa​,I,66,0,720,,n/a,n/a,21,0.72,1.00,7,149,1 month
cadeira ergonomica nr17,cadeira ergonomica nr17​,C,50,0,720,,n/a,n/a,8,1.29,1.00,7,194,1 month
cadeira escritorio sem braco,cadeira escritorio sem braco​,IC,64,0,720,,n/a,n/a,9,1.19,1.00,6,195,1 month
cadeira escritório branca,cadeira escritório branca​,IC,68,0,720,,n/a,n/a,23,0.98,1.00,7,197,1 month
cadeira escritório fixa,cadeira escritório fixa​,I,64,0,720,,n/a,n/a,11,1.39,1.00,8,194,1 month
cadeira escritório giratória,cadeira escritório giratória​,I,66,0,720,,n/a,n/a,19,1.34,1.00,5,190,1 month
cadeira estudo confortável,cadeira estudo confortável​,I,56,0,720,,n/a,n/a,21,0.41,1.00,9,202,1 month
cadeira fixa escritório,cadeira fixa escritório​,IC,63,0,720,,n/a,n/a,7,1.39,1.00,5,195,1 month
cadeira gamer confortavel,cadeira gamer confortavel​,C,53,0,720,,n/a,n/a,27,0.62,1.00,8,190,1 month
cadeira games,cadeira games​,C,51,0,720,,n/a,n/a,34,0.93,1.00,6,193,1 month
cadeira gammer,cadeira gammer​,C,51,0,720,,n/a,n/a,42,0.93,1.00,7,121,1 month
cadeira giratoria com braço,cadeira giratoria com braço​,I,58,0,720,,n/a,n/a,13,1.34,1.00,6,10,1 month
cadeira madeira escritorio,cadeira madeira escritorio​,IC,72,0,720,,n/a,n/a,17,1.44,1.00,5,192,1 month
cadeira para escritorio cinza,cadeira para escritorio cinza​,C,66,0,720,,n/a,n/a,18,1.49,1.00,6,193,1 month
cadeira para escritorio com rodinhas,cadeira para escritorio com rodinhas​,I,64,0,720,,n/a,n/a,22,1.24,1.00,7,217,1 month
cadeira para escritório de couro,cadeira para escritório de couro​,C,65,0,720,,n/a,n/a,11,1.19,1.00,6,212,1 month
cadeira para estudo confortável,cadeira para estudo confortável​,I,55,0,720,,n/a,n/a,22,0.41,1.00,8,201,1 month
cadeira pc gamer,cadeira pc gamer​,IC,50,0,720,,n/a,n/a,35,0.46,1.00,8,129,1 month
cadeira presidente branca,cadeira presidente branca​,I,55,0,720,,n/a,n/a,20,1.08,1.00,7,209,1 month
cadeira rodinha,cadeira rodinha​,IC,61,0,720,,n/a,n/a,26,0.72,1.00,6,214,1 month
cadeiras baratas,cadeiras baratas​,C,65,0,720,,n/a,n/a,25,0.41,1.00,6,167,1 month
cadeiras gamer branca,cadeiras gamer branca​,C,53,0,720,,n/a,n/a,21,0.52,1.00,4,181,1 month
cadeiras para estudar confortável,cadeiras para estudar confortável​,IC,57,0,720,,n/a,n/a,22,0.41,1.00,8,179,1 month
cadeiras para estudo confortável,cadeiras para estudo confortável​,I,59,0,720,,n/a,n/a,28,0.41,1.00,10,200,1 month
conj de mesa 4 cadeiras,conj de mesa 4 cadeiras​,I,65,0,720,,n/a,n/a,22,0.00,1.00,6,198,1 month
conjunto cadeiras,conjunto cadeiras​,C,59,0,720,,n/a,n/a,11,1.03,1.00,6,198,1 month
conjunto cadeiras jantar,conjunto cadeiras jantar​,C,60,0,720,,n/a,n/a,18,0.67,1.00,6,191,1 month
conjunto de mesa com 4 cadeiras de jantar,conjunto de mesa com 4 cadeiras de jantar​,I,64,0,720,,n/a,n/a,7,0.46,1.00,4,192,1 month
conjunto de mesa de jantar com 6 cadeiras,conjunto de mesa de jantar com 6 cadeiras​,I,57,0,720,,n/a,n/a,9,0.57,1.00,6,193,1 month
conjunto mesa com 4 cadeiras,conjunto mesa com 4 cadeiras​,I,64,0,720,,n/a,n/a,15,0.46,1.00,7,166,1 month
conjuntos mesa de jantar,conjuntos mesa de jantar​,I,59,0,720,,n/a,n/a,12,0.82,1.00,5,192,1 month
escrivaninha 1 metro,escrivaninha 1 metro​,IC,65,0,720,,n/a,n/a,23,0.46,1.00,6,202,1 month
escrivaninha 120cm,escrivaninha 120cm​,I,66,0,720,,n/a,n/a,23,0.46,1.00,6,222,1 month
escrivaninha 90 cm,escrivaninha 90 cm​,C,61,0,720,,n/a,n/a,21,0.46,1.00,6,172,1 month
escrivaninha cinza,escrivaninha cinza​,I,64,0,720,,n/a,n/a,19,0.67,1.00,5,179,1 month
escrivaninha com espelho,escrivaninha com espelho​,I,62,0,720,,n/a,n/a,26,0.36,1.00,8,207,1 month
escrivaninha com gaveteiro,escrivaninha com gaveteiro​,I,66,0,720,,n/a,n/a,16,0.72,1.00,6,189,1 month
escrivaninha de madeira maciça,escrivaninha de madeira maciça​,I,60,0,720,,n/a,n/a,7,0.62,1.00,6,188,1 month
escrivaninha e penteadeira juntas,escrivaninha e penteadeira juntas​,I,56,0,720,,n/a,n/a,28,0.46,1.00,6,183,1 month
escrivaninha gaveta,escrivaninha gaveta​,IC,63,0,720,,n/a,n/a,21,0.67,1.00,7,198,1 month
escrivaninha suspensa com gaveta,escrivaninha suspensa com gaveta​,I,62,0,720,,n/a,n/a,23,0.46,1.00,6,209,1 month
escrivinha,escrivinha​,C,58,0,720,,n/a,n/a,17,0.52,1.00,6,194,1 month
estação de trabalho 6 lugares,estação de trabalho 6 lugares​,IC,55,0,720,,n/a,n/a,3,3.20,1.00,6,174,1 month
gaveteiro branca,gaveteiro branca​,I,56,0,720,,n/a,n/a,15,0.62,1.00,5,2.1M,1 month
jogo de cadeira e mesa de madeira,jogo de cadeira e mesa de madeira​,I,57,0,720,,n/a,n/a,2,0.52,1.00,7,200,1 month
jogo de mesa e cadeira de madeira,jogo de mesa e cadeira de madeira​,IC,54,0,720,,n/a,n/a,10,0.52,1.00,8,192,1 month
jogo de mesa e cadeiras,jogo de mesa e cadeiras​,IC,64,0,720,,n/a,n/a,15,0.41,1.00,6,196,1 month
jogo mesa de jantar,jogo mesa de jantar​,IC,56,0,720,,n/a,n/a,9,0.67,1.00,6,189,1 month
kit cadeira escritorio,kit cadeira escritorio​,I,64,0,720,,n/a,n/a,15,1.29,1.00,6,199,1 month
loja de moveis para escritorio,loja de moveis para escritorio​,C,59,0,720,,n/a,n/a,21,2.68,1.00,6,201,1 month
lojas de moveis para escritorios,lojas de moveis para escritorios​,C,57,0,720,,n/a,n/a,21,2.68,1.00,5,209,1 month
melhores cadeiras gamers,melhores cadeiras gamers​,C,45,0,720,,n/a,n/a,25,0.57,1.00,7,178,1 month
mesa 4 cadeira sala de jantar,mesa 4 cadeira sala de jantar​,I,63,0,720,,n/a,n/a,21,0.57,1.00,6,8.5M,1 month
mesa 4 cadeiras baratas,mesa 4 cadeiras baratas​,C,62,0,720,,n/a,n/a,22,0.31,1.00,7,219,1 month
mesa 4 cadeiras em promoção,mesa 4 cadeiras em promoção​,I,60,0,720,,n/a,n/a,23,0.41,1.00,6,196,1 month
mesa 4 cadeiras simples,mesa 4 cadeiras simples​,I,64,0,720,,n/a,n/a,28,0.41,1.00,6,198,1 month
mesa 4 lugares sala de jantar,mesa 4 lugares sala de jantar​,C,62,0,720,,n/a,n/a,17,0.62,1.00,7,193,1 month
mesa 4 lugares tampo de vidro,mesa 4 lugares tampo de vidro​,I,65,0,720,,n/a,n/a,19,0.62,1.00,7,207,1 month
mesa 6 cadeiras tampa de vidro,mesa 6 cadeiras tampa de vidro​,IC,59,0,720,,n/a,n/a,24,0.52,1.00,8,214,1 month
mesa ajuste de altura,mesa ajuste de altura​,IC,52,0,720,,n/a,n/a,8,1.24,1.00,5,196,1 month
mesa barata 4 cadeiras,mesa barata 4 cadeiras​,I,64,0,720,,n/a,n/a,22,0.31,1.00,8,214,1 month
mesa baratas,mesa baratas​,C,58,0,720,,n/a,n/a,29,0.31,1.00,7,194,1 month
mesa com 4 cadeira,mesa com 4 cadeira​,I,65,0,720,,n/a,n/a,30,0.41,1.00,7,196,1 month
mesa com 4 cadeiras para sala de jantar,mesa com 4 cadeiras para sala de jantar​,I,65,0,720,,n/a,n/a,13,0.46,1.00,7,192,1 month
mesa com 6 cadeiras com tampo de vidro,mesa com 6 cadeiras com tampo de vidro​,I,63,0,720,,n/a,n/a,17,0.52,1.00,7,194,1 month
mesa com estante,mesa com estante​,I,66,0,720,,n/a,n/a,22,0.62,1.00,5,8,1 month
mesa com tampo de vidro com 6 cadeiras,mesa com tampo de vidro com 6 cadeiras​,I,61,0,720,,n/a,n/a,21,0.52,1.00,6,205,1 month
mesa com tampo de vidro e 6 cadeiras,mesa com tampo de vidro e 6 cadeiras​,I,61,0,720,,n/a,n/a,20,0.52,1.00,7,222,1 month
mesa computador gamer,mesa computador gamer​,IC,59,0,720,,n/a,n/a,30,0.41,1.00,4,10,1 month
mesa de 6 cadeiras de vidro,mesa de 6 cadeiras de vidro​,I,59,0,720,,n/a,n/a,24,0.41,1.00,8,209,1 month
mesa de canto alta,mesa de canto alta​,I,59,0,720,,n/a,n/a,25,0.36,1.00,9,190,1 month
mesa de escritorio grande,mesa de escritorio grande​,I,71,0,720,,n/a,n/a,21,0.98,1.00,4,194,1 month
mesa de escritório industrial,mesa de escritório industrial​,IC,71,0,720,,n/a,n/a,14,0.77,1.00,7,194,1 month
mesa de escritório pequena,mesa de escritório pequena​,C,75,0,720,,n/a,n/a,21,0.57,1.00,6,196,1 month
mesa de jantar 2 lugares,mesa de jantar 2 lugares​,I,57,0,720,,n/a,n/a,18,0.57,1.00,6,217,1 month
mesa de jantar 4 cadeiras pequena,mesa de jantar 4 cadeiras pequena​,IC,62,0,720,,n/a,n/a,15,0.36,1.00,6,195,1 month
mesa de jantar em vidro,mesa de jantar em vidro​,IC,57,0,720,,n/a,n/a,20,0.62,1.00,7,195,1 month
mesa de jantar pequena 4 cadeiras,mesa de jantar pequena 4 cadeiras​,I,58,0,720,,n/a,n/a,11,0.36,1.00,6,199,1 month
mesa de jantar promocao,mesa de jantar promocao​,C,54,0,720,,n/a,n/a,25,0.41,1.00,6,193,1 month
mesa de jantar seis cadeiras,mesa de jantar seis cadeiras​,I,61,0,720,,n/a,n/a,14,0.46,1.00,8,198,1 month
mesa de varanda pequena,mesa de varanda pequena​,IC,60,0,720,,n/a,n/a,24,0.41,1.00,7,219,1 month
mesa de vidro e madeira,mesa de vidro e madeira​,I,58,0,720,,n/a,n/a,8,0.57,1.00,7,180,1 month
mesa de vidro jantar,mesa de vidro jantar​,IC,62,0,720,,n/a,n/a,28,0.62,1.00,5,10,1 month
mesa dois lugares,mesa dois lugares​,C,60,0,720,,n/a,n/a,23,0.46,1.00,5,240,1 month
mesa em l branca,mesa em l branca​,I,67,0,720,,n/a,n/a,20,0.62,1.00,6,206,1 month
mesa em l quarto,mesa em l quarto​,IC,67,0,720,,n/a,n/a,25,0.36,1.00,5,10,1 month
mesa em promocao,mesa em promocao​,C,61,0,720,,n/a,n/a,17,0.41,1.00,6,195,1 month