Keyword,Intent,Position,SF,Traffic,Traffic %,Volume,KD %,URL,Updated
cadeira de escritorio,C,1,7,26.5K,16.54,201K,34,www.flexform.com.br/cadeiras/cadeiras-de-escritorio,Sep 15
flexform,N,,8,9.7K,6.04,49.5K,46,www.flexform.com.br/,Sep 14
cadeira escritorio,C,1,7,7.4K,4.62,90.5K,28,www.flexform.com.br/cadeiras/cadeiras-de-escritorio,3 days
cadeira ergonomica,CI,2,7,7.2K,4.45,110K,32,www.flexform.com.br/,Sep 14
poltrona,I,2,8,7.2K,4.45,110K,27,www.flexform.com.br/moveis/sala/poltronas,Sep 14
flexform,N,,8,5.5K,3.45,49.5K,46,www.flexform.com.br/,Sep 14
cadeira de escritório,I,1,7,3.6K,2.22,27.1K,26,www.flexform.com.br/cadeiras/cadeiras-de-escritorio,3 days
mesa de escritorio,I,2,7,3.3K,2.02,74K,28,www.flexform.com.br/moveis/escritorio/mesa-de-escritorio,1 day
flexform cadeira,NT,1,6,2.9K,1.79,3.6K,31,www.flexform.com.br/cadeiras/cadeiras-de-escritorio,15 hours
cadeira para escritorio,T,1,7,2.4K,1.48,18.1K,27,www.flexform.com.br/cadeiras/cadeiras-de-escritorio,Sep 14
flexform cadeiras,NT,1,7,1.9K,1.19,2.4K,36,www.flexform.com.br/cadeiras/cadeiras-de-escritorio,Aug 22
flexform uni,IT,1,8,1.5K,0.94,1.9K,25,www.flexform.com.br/cadeiras/cadeiras-de-escritorio/cadeira-uni-all-black,Aug 22
cadeira de escritorio ergonomica,CI,1,8,1.5K,0.92,18.1K,34,www.flexform.com.br/,3 days
cadeira escritório,C,1,7,1.5K,0.92,18.1K,24,www.flexform.com.br/cadeiras/cadeiras-de-escritorio,Sep 13
cadeiras de escritorio,C,1,7,1.3K,0.81,9.9K,26,www.flexform.com.br/cadeiras/cadeiras-de-escritorio,4 days
flexform,N,1,8,1.3K,0.80,49.5K,46,www.flexform.com.br/,Sep 14
cadeira gamer,CI,6,8,1.2K,0.76,246K,44,www.flexform.com.br/gaming,1 day
erme,I,1,6,1.1K,0.66,8.1K,16,www.flexform.com.br/institucional/cadeira-de-escritorio/cadeira-de-escritorio-erme,Sep 15
mesa escritorio,IT,5,7,972,0.60,40.5K,22,www.flexform.com.br/moveis/escritorio/mesa-de-escritorio,Sep 15
cadeira secretaria,C,1,6,892,0.55,3.6K,21,www.flexform.com.br/cadeiras/cadeiras-de-escritorio,Sep 13
cadeira dot,CI,1,9,871,0.54,6.6K,35,www.flexform.com.br/cadeiras/cadeiras-de-escritorio/cadeira-dot-graphite,1 day
flex form,IN,,9,862,0.53,4.4K,42,www.flexform.com.br/,Sep 14
cadeira escritorio flexform,IT,1,8,800,0.49,1K,30,www.flexform.com.br/cadeiras/cadeiras-de-escritorio,Aug 23
cadeira para escritório flexform,NT,1,7,800,0.49,1K,27,www.flexform.com.br/cadeiras/cadeiras-de-escritorio,Aug 25
flexform tecton,I,1,6,800,0.49,1K,19,www.flexform.com.br/cadeiras/cadeiras-de-escritorio/cadeira-tecton-all-black,Aug 29
cadeiras flexform,NT,1,6,800,0.49,1K,39,www.flexform.com.br/cadeiras/cadeiras-de-escritorio,Aug 18
cadeira escritório ergonômica,CI,2,8,786,0.49,12.1K,24,www.flexform.com.br/,Sep 15
cadeira ergonomica escritório,I,2,7,786,0.49,12.1K,33,www.flexform.com.br/,Sep 13
cadeira ergonomica escritório,I,,7,735,0.45,12.1K,33,www.flexform.com.br/,Sep 13
cadeiras escritório,C,1,7,664,0.41,8.1K,26,www.flexform.com.br/cadeiras/cadeiras-de-escritorio,Sep 15
cadeiras escritorio,C,1,6,595,0.37,2.4K,28,www.flexform.com.br/cadeiras/cadeiras-de-escritorio,Aug 21
cadeira dot flexform,IT,1,9,576,0.35,720,32,www.flexform.com.br/cadeiras/cadeiras-de-escritorio/cadeira-dot-graphite,Sep 05
cadeira ergonomica flexform,NT,1,6,576,0.35,720,43,www.flexform.com.br/cadeiras/cadeiras-de-escritorio,Sep 12
cadeira flexform uni,IT,1,7,576,0.35,720,31,www.flexform.com.br/cadeiras/cadeiras-de-escritorio/cadeira-uni-all-black,Jul 27
cadeira de escritório flexform,IT,1,7,576,0.35,720,29,www.flexform.com.br/cadeiras/cadeiras-de-escritorio,Aug 31
tecton flexform,I,1,8,576,0.35,720,19,www.flexform.com.br/cadeiras/cadeiras-de-escritorio/cadeira-tecton-all-black-unique,Jul 28
cadeira flex form,NT,1,7,576,0.35,720,27,www.flexform.com.br/cadeiras/cadeiras-de-escritorio,Aug 28
flexform dot,I,1,6,576,0.35,720,28,www.flexform.com.br/cadeiras/cadeiras-de-escritorio/cadeira-dot-graphite,Sep 08
uni pro all black da flexform,IT,1,7,576,0.35,720,29,www.flexform.com.br/cadeiras/cadeiras-de-escritorio/cadeira-uni-all-black,2 days
cadeiras para gamers,CI,2,8,518,0.32,14.8K,39,www.flexform.com.br/gaming,3 days
flex form,IN,,9,492,0.30,4.4K,42,www.flexform.com.br/,Sep 14
erme,I,,6,492,0.30,8.1K,16,www.flexform.com.br/institucional/cadeira-de-escritorio/cadeira-de-escritorio-erme,Sep 15
mesas escritorio,CI,1,7,475,0.29,3.6K,14,www.flexform.com.br/moveis/escritorio/mesa-de-escritorio,3 days
cadeiras para home office,I,1,9,472,0.29,590,24,www.flexform.com.br/,Aug 29
cadeira flexform escritorio,NT,1,10,472,0.29,590,27,www.flexform.com.br/cadeiras/cadeiras-de-escritorio,Aug 26
flexform uni pro,IT,1,7,472,0.29,590,22,www.flexform.com.br/cadeiras/cadeiras-de-escritorio/cadeira-uni-pro-all-black,Aug 13
cadeira escritorio,C,,7,470,0.29,90.5K,28,www.flexform.com.br/cadeiras/cadeiras-de-escritorio,3 days
cadeira de escritório ergonômica,CI,2,9,435,0.27,9.9K,24,www.flexform.com.br/,Sep 14
cadeira para escritorio ergonomica,I,1,9,429,0.26,6.6K,27,www.flexform.com.br/,4 days
cadeira home office,C,,9,403,0.25,3.6K,36,www.flexform.com.br/,Sep 12
cadeira dot,CI,,9,401,0.24,6.6K,35,www.flexform.com.br/cadeiras/cadeiras-de-escritorio/cadeira-dot-sky-blue,1 day
cadeira ergonomica gamer,CI,,8,401,0.24,6.6K,22,www.flexform.com.br/gaming,3 days
mesa para escritorio,IT,6,6,398,0.24,18.1K,19,www.flexform.com.br/moveis/escritorio/mesa-de-escritorio,Sep 13
cadeira uni,C,1,8,396,0.24,1.6K,33,www.flexform.com.br/cadeiras/cadeiras-de-escritorio/cadeira-uni-all-black,Jul 30
cadeira ergométrica,C,1,7,382,0.23,2.9K,34,www.flexform.com.br/,Aug 25
cadeira ergometrica,I,1,7,382,0.23,2.9K,25,www.flexform.com.br/,Aug 07
sofas modulares,C,1,7,382,0.23,2.9K,16,www.flexform.com.br/moveis/sala/sofas-modulares,Aug 21
cadeira computador,I,1,7,360,0.22,4.4K,23,www.flexform.com.br/cadeiras/cadeiras-de-escritorio,Sep 13
cadeiras para escritorio,C,2,8,351,0.21,5.4K,26,www.flexform.com.br/cadeiras/cadeiras-de-escritorio,Sep 15
cadeira para escritório,I,1,8,351,0.21,5.4K,28,www.flexform.com.br/cadeiras/cadeiras-de-escritorio,Sep 14
sofa cama 2 lugares,I,3,8,343,0.21,18.1K,21,www.flexform.com.br/moveis/sala/sofas/sofa-2-lugares-vittoria,Sep 13
what is a rattan chair,I,13,7,330,0.20,110K,33,www.flexform.com.br/cadeiras/cadeiras-de-escritorio/cadeira-my-chair-bege,2 days
cadeira simples escritorio,CI,1,7,322,0.20,1.3K,24,www.flexform.com.br/cadeiras/cadeiras-de-escritorio,Aug 23
cadeira confortavel,I,1,8,316,0.19,2.4K,28,www.flexform.com.br/,Aug 23
cadeiras de escritório,C,1,6,316,0.19,2.4K,28,www.flexform.com.br/cadeiras/cadeiras-de-escritorio,Aug 25
cadeir ergnomica,C,1,7,316,0.19,2.4K,28,www.flexform.com.br/,Jul 30
cadeira de estudos,C,1,6,316,0.19,2.4K,26,www.flexform.com.br/,Aug 11
mesas de escritorio,C,1,7,316,0.19,2.4K,12,www.flexform.com.br/moveis/escritorio/mesa-de-escritorio,Aug 18
cadeira office,IT,1,6,316,0.19,2.4K,31,www.flexform.com.br/,Aug 21
cadeira gamer flexform,IT,1,9,312,0.19,390,20,www.flexform.com.br/gaming/cadeiras-gaming,Sep 09
flexform uni all black,I,1,5,312,0.19,390,32,www.flexform.com.br/cadeiras/cadeiras-de-escritorio/cadeira-uni-all-black,Aug 15
cadeira de escritorio flexform,IT,1,7,312,0.19,390,29,www.flexform.com.br/cadeiras/cadeiras-de-escritorio,Sep 05
cadeira ortopédica,C,1,7,295,0.18,3.6K,15,www.flexform.com.br/,Aug 19
cadeira gamer ergonomica,CI,2,8,283,0.17,8.1K,35,www.flexform.com.br/gaming,4 days
sofa modular,I,3,10,281,0.17,14.8K,20,www.flexform.com.br/moveis/sala/sofas/sofa-agora-1-branco,Sep 15
flexform guarulhos,IT,1,7,256,0.15,320,27,www.flexform.com.br/institucional/trabalhe-conosco,Jul 30
cadeira ergonômica flexform,NT,1,10,256,0.15,320,26,www.flexform.com.br/cadeiras/cadeiras-de-escritorio,Jul 31
cadeira uni flexform,I,1,10,256,0.15,320,25,www.flexform.com.br/cadeiras/cadeiras-de-escritorio/cadeira-uni-all-black,Aug 27
cadeira flexform,NT,1,8,253,0.15,18.1K,31,www.flexform.com.br/cadeiras,Sep 13
cadeiras para escritorio confortaveis,CI,1,7,250,0.15,1.9K,30,www.flexform.com.br/,Aug 25
chair,CI,1,8,237,0.14,5.4K,18,www.flexform.com.br/,Sep 15
cadeiras para games,C,1,6,237,0.14,2.9K,32,www.flexform.com.br/gaming,Aug 25
escritorio de mesa,I,2,7,231,0.14,6.6K,21,www.flexform.com.br/moveis/escritorio/mesa-de-escritorio,3 days
cadeira de escritório confortável,I,1,8,231,0.14,6.6K,36,www.flexform.com.br/cadeiras/cadeiras-de-escritorio,19 hours
cadeira escritório flexform,NT,1,7,208,0.12,260,30,www.flexform.com.br/cadeiras/cadeiras-de-escritorio,Aug 17
flexform couch,IT,1,8,208,0.12,260,18,www.flexform.com.br/moveis/sala/sofas,Aug 09
cadeira presidente ergonômica flexform,NT,1,6,208,0.12,260,28,www.flexform.com.br/cadeiras/cadeiras-de-escritorio,Jul 27
flexform my chair,N,1,7,208,0.12,260,21,www.flexform.com.br/cadeiras/cadeiras-de-escritorio/my-chair-all-black,Sep 02
sofa flexform,NT,1,6,208,0.12,260,22,www.flexform.com.br/moveis/sala/sofas,Aug 31
escritorio mesa,I,1,5,196,0.12,2.4K,22,www.flexform.com.br/moveis/escritorio/mesa-de-escritorio,Aug 21
cadeiras para escritório,T,1,7,196,0.12,2.4K,27,www.flexform.com.br/cadeiras/cadeiras-de-escritorio,Aug 20
cadeira para estudo,CI,2,9,193,0.12,4.4K,27,www.flexform.com.br/,Sep 13
c h a i r,I,1,7,193,0.12,4.4K,15,www.flexform.com.br/,Sep 14
sofá cama 2 lugares,I,3,8,188,0.11,9.9K,21,www.flexform.com.br/moveis/sala/sofas/sofa-2-lugares-vittoria,4 days
cadeira de estudo,CI,2,9,188,0.11,2.9K,25,www.flexform.com.br/,Sep 14
cadeira flexform,NT,2,8,181,0.11,18.1K,31,www.flexform.com.br/,Sep 13
cadeira gamer barata,C,,8,173,0.10,9.9K,31,www.flexform.com.br/gaming/neymar-jr,Sep 15
cadeira de escritorio sem braço,C,1,7,171,0.10,1.3K,10,www.flexform.com.br/cadeiras/cadeiras-de-escritorio,Aug 20
cadeira escritório confortável,C,1,7,171,0.10,1.3K,23,www.flexform.com.br/cadeiras/cadeiras-de-escritorio,Aug 21
flexform trabalhe conosco,T,1,3,168,0.10,210,25,www.flexform.com.br/institucional/trabalhe-conosco,Aug 25
mesa flexform,NT,1,11,168,0.10,210,20,www.flexform.com.br/moveis/escritorio/mesa-de-escritorio,Aug 12
cadeira flexform my chair,N,1,8,168,0.10,210,34,www.flexform.com.br/cadeiras/cadeiras-de-escritorio/my-chair-all-black,Aug 26
cadeira flextropic flexform,I,1,9,168,0.10,210,19,www.flexform.com.br/cadeiras/cadeiras-de-escritorio/flextropic,3 days
cadeira doty flexform,I,1,10,168,0.10,210,28,www.flexform.com.br/cadeiras/cadeiras-de-escritorio/cadeira-dot-graphite,Aug 27
flexform sofa,NT,1,7,168,0.10,210,20,www.flexform.com.br/moveis/sala/sofas,Aug 31
cadeira flexform dot,IT,1,8,168,0.10,210,26,www.flexform.com.br/cadeiras/cadeiras-de-escritorio/cadeira-dot-graphite,Aug 15
cadeiras de escritorio flexform,IT,1,6,168,0.10,210,26,www.flexform.com.br/cadeiras/cadeiras-de-escritorio,Sep 02
the white lotus,IT,10,8,165,0.10,33.1K,51,www.flexform.com.br/cadeiras/cadeiras-de-escritorio/cadeira-uni-pro-white-n-champagne,21 hours
cadeira,I,14,6,165,0.10,110K,27,www.flexform.com.br/cadeiras/cadeiras-de-escritorio,Sep 15
flexform,N,,8,165,0.10,49.5K,46,www.flexform.com.br/,Sep 14
what is a rattan chair,I,18,7,165,0.10,110K,33,www.flexform.com.br/cadeiras/cadeiras-de-escritorio/cadeira-my-chair-bege,2 days
cadeira escritorio confortavel,CI,2,8,158,0.09,6.6K,37,www.flexform.com.br/,4 days
cadeira para secretaria,I,1,7,155,0.09,1.9K,24,www.flexform.com.br/,Aug 23
cadeira escritorio ergonomica,I,1,7,155,0.09,1.9K,27,www.flexform.com.br/,Aug 07
loja de cadeiras de escritorio,C,2,7,155,0.09,1.9K,34,www.flexform.com.br/,Aug 24
cadeira escritorio simples,I,1,6,155,0.09,1.9K,21,www.flexform.com.br/cadeiras/cadeiras-de-escritorio,Aug 23
cadeira pc,I,2,6,155,0.09,1.9K,34,www.flexform.com.br/cadeiras/cadeiras-de-escritorio,Aug 25
cadeira ergonomica escritorio,C,2,9,155,0.09,1.9K,21,www.flexform.com.br/,Aug 20
cadeira para escritorio fixa,I,1,8,155,0.09,1.9K,17,www.flexform.com.br/cadeiras/cadeiras-fixas,Aug 25
carregador inducao,CI,3,8,154,0.09,4.4K,26,www.flexform.com.br/decoracao-e-acessorios/carregador-de-inducao/product-one,Sep 13
mesa regulagem de altura,CI,6,8,153,0.09,8.1K,18,www.flexform.com.br/moveis/escritorio/mesa-de-escritorio/mesa-tech-120-desk-regulagem-eletrica,Sep 15
mesa com regulagem de altura,I,6,8,153,0.09,8.1K,23,www.flexform.com.br/moveis/escritorio/mesa-de-escritorio/mesa-tech-120-desk-regulagem-eletrica,Sep 13
cadeira uni all black,I,1,9,146,0.09,590,24,www.flexform.com.br/cadeiras/cadeiras-de-escritorio/cadeira-uni-all-black,Jul 27
uni flexform,I,1,7,136,0.08,170,27,www.flexform.com.br/cadeiras/cadeiras-de-escritorio/cadeira-uni-all-black,Jul 28
cadeira my chair,IT,1,10,136,0.08,170,26,www.flexform.com.br/cadeiras/cadeiras-de-escritorio/my-chair-all-black,Jul 30
flex form cadeira,C,1,8,136,0.08,170,33,www.flexform.com.br/cadeiras/cadeiras-de-escritorio,Aug 14
cadeira flexform flextropic,I,1,8,136,0.08,170,19,www.flexform.com.br/cadeiras/cadeiras-de-escritorio/flextropic,Sep 03
cadeira my chair flexform,IT,1,8,136,0.08,170,19,www.flexform.com.br/cadeiras/cadeiras-de-escritorio/cadeira-my-chair-platinum-grey,Sep 02
cadeira uni all black flexform,I,1,8,136,0.08,170,25,www.flexform.com.br/cadeiras/cadeiras-de-escritorio/cadeira-uni-all-black,Aug 27
flexform lite,C,1,8,136,0.08,170,17,www.flexform.com.br/cadeiras/cadeiras-de-escritorio/cadeira-lite,Aug 06
cadeira game,CI,2,7,132,0.08,4.4K,36,www.flexform.com.br/gaming,Sep 13
sofa modulares,C,1,7,132,0.08,1K,12,www.flexform.com.br/moveis/sala/sofas-modulares,Aug 10
cadeiras ergonomicas de escritorio,I,1,7,132,0.08,1K,26,www.flexform.com.br/,Aug 22
cadeira escritorio fixa,I,1,7,131,0.08,1.6K,9,www.flexform.com.br/cadeiras/cadeiras-fixas,Aug 20
flexform,N,,8,131,0.08,49.5K,46,www.flexform.com.br/cadeiras/cadeiras-de-escritorio/cadeira-uni-all-black,Sep 14
cadeiras de escritório ergonômicas,C,2,7,131,0.08,1.6K,30,www.flexform.com.br/,Aug 19
sofá curvo,I,1,10,131,0.08,1.6K,15,www.flexform.com.br/moveis/sala/sofas/sofa-4-lugares-c1,Aug 20
flex forming,I,1,7,127,0.07,2.9K,30,www.flexform.com.br/,Aug 20
cadeira simples de escritorio,CI,1,7,127,0.07,2.9K,27,www.flexform.com.br/cadeiras/cadeiras-de-escritorio,Jul 28
cadeira giratória escritório,I,3,7,126,0.07,3.6K,22,www.flexform.com.br/cadeiras/cadeiras-de-escritorio,Sep 13
cadeira ergonomica gamer,CI,4,8,125,0.07,6.6K,22,www.flexform.com.br/gaming,3 days
sofá modular,T,3,9,125,0.07,6.6K,16,www.flexform.com.br/moveis/sala/sofas/sofa-agora-1-branco,4 days
cadeira fixa escritorio,I,1,7,123,0.07,1.9K,10,www.flexform.com.br/cadeiras/cadeiras-fixas,Aug 22
cadeira de,CI,1,7,123,0.07,1.9K,17,www.flexform.com.br/,Aug 23
mesa para escritório,T,6,7,118,0.07,5.4K,20,www.flexform.com.br/moveis/escritorio/mesa-de-escritorio,Sep 15
cadeira estudos confortavel,CI,1,10,116,0.07,880,23,www.flexform.com.br/,Sep 11
loja de cadeira,C,1,8,116,0.07,880,34,www.flexform.com.br/,Aug 26
cadeira coral,I,1,8,116,0.07,880,13,www.flexform.com.br/cadeiras/cadeiras-fixas/cadeira-coral-grey,Aug 28
flex form,IN,1,9,114,0.07,4.4K,42,www.flexform.com.br/,Sep 14
cadeira flexform gamer,IT,1,9,112,0.06,140,19,www.flexform.com.br/gaming/cadeiras-gaming,Sep 14
flexiform,N,1,6,112,0.06,140,39,www.flexform.com.br/,Sep 03
flexform cadeiras para escritorio,IT,1,7,112,0.06,140,25,www.flexform.com.br/cadeiras/cadeiras-de-escritorio,Aug 27
cadeira flexform uni all black,I,1,9,112,0.06,140,28,www.flexform.com.br/cadeiras/cadeiras-de-escritorio/cadeira-uni-all-black,Aug 12
loja flexform,N,1,8,112,0.06,140,26,www.flexform.com.br/institucional/onde-comprar,Aug 04
dot flexform,I,1,8,112,0.06,140,33,www.flexform.com.br/cadeiras/cadeiras-de-escritorio/cadeira-dot-graphite,Sep 07
cadeira tecton flexform,IT,1,7,112,0.06,140,22,www.flexform.com.br/cadeiras/cadeiras-de-escritorio/cadeira-tecton-all-black-unique,Jul 31
flexfomr,N,1,7,112,0.06,140,39,www.flexform.com.br/,Aug 29
cadeira lite flexform,C,1,8,112,0.06,140,21,www.flexform.com.br/cadeiras/cadeiras-de-escritorio/cadeira-lite,Aug 08
flexforma,N,1,5,112,0.06,140,39,www.flexform.com.br/,Aug 14
cadeira flexform tecton,IT,1,9,112,0.06,140,19,www.flexform.com.br/cadeiras/cadeiras-de-escritorio/cadeira-tecton-all-black,Aug 29
cadeiras de escritório flexform,IT,1,8,112,0.06,140,26,www.flexform.com.br/cadeiras/cadeiras-de-escritorio,Sep 14
cadeira confortável,I,1,9,108,0.06,3.6K,30,www.flexform.com.br/,2 days
cadeira flexform,NT,4,8,108,0.06,18.1K,31,www.flexform.com.br/institucional/cadeira-de-escritorio/city,Sep 13
cadeira ergonómica,C,2,7,106,0.06,1.3K,28,www.flexform.com.br/,Aug 22
cadeira estudar,C,2,6,106,0.06,1.3K,30,www.flexform.com.br/,Aug 16
cadeira ergonômica para escritório,I,1,8,106,0.06,1.3K,30,www.flexform.com.br/,Sep 01
cadeira ergonomica home office,I,1,7,105,0.06,2.4K,28,www.flexform.com.br/,3 days
cadeira para computador,CI,3,8,105,0.06,4.4K,34,www.flexform.com.br/,Sep 13
deskpad,I,4,7,105,0.06,2.4K,19,www.flexform.com.br/decoracao-e-acessorios/deskpad/deskpad,Aug 19
cadeira presidente de escritório,C,3,6,104,0.06,1.6K,6,www.flexform.com.br/cadeiras/cadeiras-de-escritorio,Aug 09
cadeira área gourmet,I,2,9,104,0.06,1.6K,21,www.flexform.com.br/moveis/area-gourmet,Aug 20
all all of me,I,5,2,101,0.06,2.9K,30,www.flexform.com.br/cadeiras/cadeiras-de-escritorio/cadeira-tecton-all-black,2 days
cadeira de computador,I,3,5,101,0.06,2.9K,24,www.flexform.com.br/,Sep 15
the white lotus,IT,12,8,99,0.06,33.1K,51,www.flexform.com.br/cadeiras/cadeiras-de-escritorio/cadeira-uni-white-n-green,21 hours
escritorio,CI,12,7,99,0.06,33.1K,31,www.flexform.com.br/moveis/escritorio/mesa-de-escritorio,Sep 15
sofá 4 lugares,I,1,8,96,0.05,4.4K,15,www.flexform.com.br/moveis/sala/sofas/sofa-4-lugares-retratil-cecile,18 hours
cadeira ergonômica home office,CI,1,8,96,0.05,390,23,www.flexform.com.br/,Sep 13
cadeiras para escritorios,I,1,6,95,0.05,720,27,www.flexform.com.br/cadeiras/cadeiras-de-escritorio,Sep 01
cadeira ergonomia,CI,1,7,95,0.05,720,36,www.flexform.com.br/,Sep 13
flexform uni me,I,,7,94,0.05,480,32,www.flexform.com.br/cadeiras/cadeiras-de-escritorio/cadeira-uni-all-black,4 days
flexform cadeira,NT,2,6,93,0.05,3.6K,31,www.flexform.com.br/,15 hours
sofa 4 lugares,C,4,6,89,0.05,9.9K,15,www.flexform.com.br/moveis/sala/sofas/sofa-4-lugares-retratil-cecile,4 days
cadeira flexform promoção,IT,1,7,88,0.05,110,29,www.flexform.com.br/cadeiras/cadeiras-de-escritorio,Sep 04
cadeira volare flexform,I,1,7,88,0.05,110,16,www.flexform.com.br/institucional/cadeira-de-escritorio/cadeira-de-escritorio-volare,Jul 29
flexform vagas,T,1,4,88,0.05,110,24,www.flexform.com.br/institucional/trabalhe-conosco,Aug 27
flexform tecton hd,I,1,7,88,0.05,110,21,www.flexform.com.br/cadeiras/cadeiras-de-escritorio/cadeira-hd-graphite-n-blk,21 hours
flexform cadeira escritorio,I,1,6,88,0.05,110,25,www.flexform.com.br/cadeiras/cadeiras-de-escritorio,4 days
mychair,I,1,5,88,0.05,110,20,www.flexform.com.br/cadeiras/cadeiras-de-escritorio/my-chair-all-black,Aug 10
cadeira uni pro flexform,IT,1,8,88,0.05,110,23,www.flexform.com.br/cadeiras/cadeiras-de-escritorio/cadeira-uni-pro-all-black,Sep 03
flexform flextropic,IT,1,6,88,0.05,110,17,www.flexform.com.br/cadeiras/cadeiras-de-escritorio/flextropic,Aug 16
cadeira escritorio flex form,IT,1,7,88,0.05,110,25,www.flexform.com.br/cadeiras/cadeiras-de-escritorio,Sep 14
cadeira flexform escritório,IT,1,7,88,0.05,110,26,www.flexform.com.br/cadeiras/cadeiras-de-escritorio,Aug 27
uni pro flexform,IT,1,7,88,0.05,110,21,www.flexform.com.br/cadeiras/cadeiras-de-escritorio/cadeira-uni-pro-all-black,Aug 26
led flexform,I,1,9,88,0.05,110,19,www.flexform.com.br/cadeiras/cadeiras-de-escritorio/cadeira-led-all-black-hd,Aug 13
cadeira flexform uni pro,T,1,8,88,0.05,110,18,www.flexform.com.br/cadeiras/cadeiras-de-escritorio/cadeira-uni-pro-all-black,Sep 04
my chair,I,1,7,88,0.05,110,32,www.flexform.com.br/cadeiras/cadeiras-de-escritorio/my-chair-all-black,Aug 27
flexform volare,I,1,6,88,0.05,110,27,www.flexform.com.br/institucional/cadeira-de-escritorio/cadeira-de-escritorio-volare,Aug 15
flex form dot,I,1,6,88,0.05,110,21,www.flexform.com.br/cadeiras/cadeiras-de-escritorio/cadeira-dot-graphite,Sep 15
flexform alpha,IT,1,9,88,0.05,110,19,www.flexform.com.br/gaming/alpha-pro/cadeira-gamer-flexform-alpha-pro-all-black,Sep 12
all all of me,I,6,2,87,0.05,2.9K,30,www.flexform.com.br/cadeiras/cadeiras-de-escritorio/cadeira-dot-all-black,2 days
cadeiras gamer,C,4,7,87,0.05,2.9K,38,www.flexform.com.br/gaming,Aug 25
poltrona escritorio,I,5,7,86,0.05,3.6K,20,www.flexform.com.br/,Sep 15
sofá retrátil 4 lugares,I,3,8,85,0.05,6.6K,15,www.flexform.com.br/moveis/sala/sofas/sofa-4-lugares-retratil-cecile,4 days
cadeira escritorio bege,I,1,6,84,0.05,1.3K,19,www.flexform.com.br/cadeiras/cadeiras-de-escritorio/cadeira-dot-bege,Aug 23
cadeira estudos,IT,3,8,84,0.05,2.4K,23,www.flexform.com.br/,Aug 23
cadeira ergonômica escritório,I,1,8,84,0.05,1.3K,30,www.flexform.com.br/,Aug 25
sofa reclinavel e retratil 4 lugares,I,2,6,84,0.05,2.4K,11,www.flexform.com.br/moveis/sala/sofas/sofa-4-lugares-retratil-cecile,Aug 22
sofa 4 lugares reclinavel retratil,C,2,7,84,0.05,2.4K,14,www.flexform.com.br/moveis/sala/sofas/sofa-4-lugares-retratil-cecile,Aug 27
sofa 4 lugares retratil,I,1,8,82,0.05,1K,13,www.flexform.com.br/moveis/sala/sofas/sofa-4-lugares-retratil-cecile,Aug 20
cadeira em tela,I,1,8,82,0.05,1K,9,www.flexform.com.br/cadeiras/cadeiras-de-escritorio,Aug 21
cadeira para escritorio sem braço,I,1,7,82,0.05,1K,9,www.flexform.com.br/cadeiras/cadeiras-de-escritorio,Aug 21
cadeira diretor escritorio,I,1,6,82,0.05,1K,8,www.flexform.com.br/cadeiras/cadeiras-de-escritorio,Aug 21
cadeira de escritorio fixa,I,1,7,82,0.05,1K,10,www.flexform.com.br/cadeiras/cadeiras-fixas,Aug 25
mesas de escritório,I,1,6,82,0.05,1K,11,www.flexform.com.br/moveis/escritorio/mesa-de-escritorio,Aug 24
cadeira giratória para escritório,I,4,8,79,0.04,3.6K,14,www.flexform.com.br/cadeiras/cadeiras-de-escritorio,4 days
mesa de altura regulável,I,,8,79,0.04,3.6K,17,www.flexform.com.br/moveis/escritorio/mesa-de-escritorio/mesa-tech-desk-max-140-com-regulagem,Sep 13
mesa de altura regulável,I,4,8,79,0.04,3.6K,17,www.flexform.com.br/moveis/escritorio/mesa-de-escritorio/mesa-tech-120-desk-regulagem-eletrica,Sep 13
cadeiras escritorio executivas,C,1,5,79,0.04,320,11,www.flexform.com.br/cadeiras/cadeiras-de-escritorio,Aug 03
poltronas e cadeiras para escritorio,C,1,7,79,0.04,320,21,www.flexform.com.br/,Aug 16
cadeiras de escritorio fixas,C,1,6,79,0.04,320,8,www.flexform.com.br/cadeiras/cadeiras-fixas,Aug 31
cadeiras executivas escritorio,C,1,6,79,0.04,320,14,www.flexform.com.br/cadeiras/cadeiras-de-escritorio,Aug 14
sofá 4 lugares retrátil,C,,8,79,0.04,3.6K,14,www.flexform.com.br/moveis/sala/sofas/sofa-4-lugares-retratil-cecile,2 days
cadeira games,C,1,7,77,0.04,590,40,www.flexform.com.br/gaming,Aug 18
cadeira de escritorio promoção,C,1,7,77,0.04,590,27,www.flexform.com.br/cadeiras/cadeiras-de-escritorio,Sep 14
cadeira de escritório confortável,I,,8,75,0.04,6.6K,36,www.flexform.com.br/cadeiras/cadeiras-de-escritorio,19 hours
n hentainet,C,16,0,74,0.04,14.8K,36,www.flexform.com.br/cadeiras/cadeiras-de-escritorio/cadeira-dot-white-n-black,1 day
flex form,IN,,9,73,0.04,4.4K,42,www.flexform.com.br/cadeiras/cadeiras-de-escritorio,Sep 14
flexform showroom,N,,7,72,0.04,90,38,www.flexform.com.br/,Sep 03
cadeira flexform onde comprar,T,1,6,72,0.04,90,35,www.flexform.com.br/,Aug 16
cadeira giratória flexform,N,1,7,72,0.04,90,29,www.flexform.com.br/cadeiras/cadeiras-de-escritorio,Jul 29
cadeira fixa de escritorio,I,1,7,72,0.04,880,6,www.flexform.com.br/cadeiras/cadeiras-fixas,Aug 19
cadeira egonomica,C,2,7,72,0.04,880,27,www.flexform.com.br/,Sep 01
flexforme,N,1,8,72,0.04,90,46,www.flexform.com.br/,Aug 31
cadeira dot da flexform,I,1,8,72,0.04,90,27,www.flexform.com.br/cadeiras/cadeiras-de-escritorio/cadeira-dot-graphite,Aug 17
flexform cadeira ergonomica,NT,1,7,72,0.04,90,29,www.flexform.com.br/cadeiras/cadeiras-de-escritorio,Aug 27
mesas de escritorio pequenas,C,2,5,72,0.04,880,25,www.flexform.com.br/moveis/escritorio/mesa-de-escritorio,Aug 21
cadeiras para escritorio confortavel,I,1,7,72,0.04,880,29,www.flexform.com.br/cadeiras/cadeiras-de-escritorio,Aug 02
flexform led,I,1,9,72,0.04,90,19,www.flexform.com.br/cadeiras/cadeiras-de-escritorio/cadeira-led-all-black-hd,Aug 07
flexform delta,IT,1,8,72,0.04,90,24,www.flexform.com.br/gaming/cadeira-flexform-delta-black,Jul 30
flexform alpha pro,IT,1,9,72,0.04,90,21,www.flexform.com.br/gaming/alpha-pro/cadeira-gamer-flexform-alpha-pro-all-black,Aug 15
cadeira pra jogar por horas,I,3,8,70,0.04,1.6K,26,www.flexform.com.br/gaming,Sep 15
loja de cadeiras para escritorio,C,2,6,70,0.04,1.6K,30,www.flexform.com.br/,Aug 20
sofa cama 3 lugares,CI,4,7,69,0.04,9.9K,15,www.flexform.com.br/moveis/sala/sofas/sofa-bela,18 hours
cadeira ergonômica gamer,C,3,7,69,0.04,2.9K,25,www.flexform.com.br/gaming,Aug 22
sofa reclinavel retratil 4 lugares,CI,3,7,68,0.04,3.6K,12,www.flexform.com.br/moveis/sala/sofas/sofa-4-lugares-retratil-cecile,2 days
sofá 4 lugares retrátil,C,2,8,68,0.04,3.6K,14,www.flexform.com.br/moveis/sala/sofas/sofa-4-lugares-retratil-cecile,2 days
ergonomica,I,3,7,66,0.04,1.9K,21,www.flexform.com.br/,Aug 24
cadeira escritorio sem braço,I,1,7,65,0.04,1K,20,www.flexform.com.br/cadeiras/cadeiras-de-escritorio,Aug 22
cadeiras ergonomica,C,2,8,65,0.04,1K,30,www.flexform.com.br/,Jul 30
cadeiras estudar,C,2,7,65,0.04,1K,29,www.flexform.com.br/,Aug 23
cadeira home office,C,1,9,64,0.03,3.6K,36,www.flexform.com.br/,Sep 12
cadeira executiva ergonômica,C,1,9,63,0.03,480,21,www.flexform.com.br/,Aug 28
cadeiras ergonomicas escritorio,C,1,8,63,0.03,480,36,www.flexform.com.br/,Jul 28
cadeira de escritório ergonomica,CI,1,6,63,0.03,480,24,www.flexform.com.br/,Jul 27
cadeira de escritorio simples,I,5,6,63,0.03,2.9K,29,www.flexform.com.br/cadeiras/cadeiras-de-escritorio,Aug 20
cadeiras de escritorio confortaveis,I,1,9,63,0.03,480,32,www.flexform.com.br/,Aug 20
sofá retrátil e reclinável 4 lugares,IT,3,7,63,0.03,2.9K,16,www.flexform.com.br/moveis/sala/sofas/sofa-4-lugares-retratil-cecile,Aug 20
cadeir,CI,1,7,63,0.03,480,24,www.flexform.com.br/cadeiras,Sep 02
sofa curvo,I,4,7,63,0.03,2.9K,14,www.flexform.com.br/moveis/sala/sofas/sofa-4-lugares-c1,3 days
cadeira ergomica,C,1,6,63,0.03,480,16,www.flexform.com.br/,Jul 31
cadeiras ergonomicas,C,5,7,63,0.03,2.9K,22,www.flexform.com.br/,Sep 12
flexform cadeiras,NT,2,7,62,0.03,2.4K,36,www.flexform.com.br/,Aug 22
mesa de escritório,I,9,7,60,0.03,12.1K,21,www.flexform.com.br/moveis/escritorio/mesa-de-escritorio,4 days
cadeiras ergonomica,C,,8,60,0.03,1K,30,www.flexform.com.br/,Jul 30
cadeira home office,C,,9,60,0.03,3.6K,36,www.flexform.com.br/,Sep 12
cadeira de trabalho,C,1,7,59,0.03,720,25,www.flexform.com.br/cadeiras/cadeiras-de-escritorio,Aug 31
cadeira ergonômica,CI,3,8,59,0.03,9.9K,33,www.flexform.com.br/,3 days
cadeira escritorio sem braco,I,1,7,59,0.03,720,20,www.flexform.com.br/cadeiras/cadeiras-de-escritorio,Aug 29
cadeira de escritorio preta,I,2,6,57,0.03,880,30,www.flexform.com.br/,Aug 21
cadeira para escritorio bege,I,1,6,57,0.03,880,13,www.flexform.com.br/cadeiras/cadeiras-de-escritorio,Aug 21
cadeira para home office,I,1,7,57,0.03,880,29,www.flexform.com.br/,Aug 21
sofá 4 lugares reclinável retrátil,C,2,9,57,0.03,1.9K,18,www.flexform.com.br/moveis/sala/sofas/sofa-4-lugares-retratil-cecile,Aug 19
cadeiras para computador,CI,1,8,57,0.03,1.3K,24,www.flexform.com.br/cadeiras/cadeiras-de-escritorio,Aug 23
cadeira fixa,I,1,9,57,0.03,1.3K,10,www.flexform.com.br/cadeiras/cadeiras-fixas,Aug 23
mesa eletrica,C,5,8,57,0.03,2.4K,24,www.flexform.com.br/moveis/escritorio/mesa-de-escritorio/mesa-tech-desk-max-140-com-regulagem,Aug 21
cadeira auditorio,I,2,7,57,0.03,880,7,www.flexform.com.br/institucional/auditorio/poltrona-de-auditorio-eventum-free,Aug 22
cadeira escritório simples,I,6,5,57,0.03,4.4K,26,www.flexform.com.br/cadeiras/cadeiras-de-escritorio,3 days
cadeira escritório fixa,I,1,8,57,0.03,880,11,www.flexform.com.br/cadeiras/cadeiras-fixas,Sep 04
cadeiras de escritorio ergonomica,C,2,9,56,0.03,1.6K,30,www.flexform.com.br/,Aug 21
cadeira de gamer,I,3,9,55,0.03,2.9K,27,www.flexform.com.br/gaming,Sep 15
cadeira pra jogar por horas,I,,8,55,0.03,1.6K,26,www.flexform.com.br/gaming,Sep 15
poltronas,C,11,7,54,0.03,18.1K,21,www.flexform.com.br/moveis/sala/poltronas,Sep 13
flexform uni me,I,,7,53,0.03,480,32,www.flexform.com.br/,4 days
cadeiras corporativas,C,1,8,52,0.03,210,21,www.flexform.com.br/,Aug 07
sofá em l pequeno,I,,8,52,0.03,2.4K,26,www.flexform.com.br/moveis/sala/sofas/sofa-cama-helena-bg,Aug 23
sofá em módulos,I,2,8,52,0.03,2.4K,17,www.flexform.com.br/moveis/sala/sofas-modulares,Aug 22
cadeira estudo,I,6,8,52,0.03,2.4K,27,www.flexform.com.br/,Aug 24
cadeiras executivas para escritório,C,1,7,52,0.03,210,14,www.flexform.com.br/cadeiras/cadeiras-de-escritorio,Aug 26
poltrona lounge,CI,1,8,52,0.03,210,7,www.flexform.com.br/moveis/sala/poltronas/captain-lounge-grey,Jul 28
loja cadeiras,C,1,5,51,0.03,390,36,www.flexform.com.br/,Aug 08
cadeira escritorio reclinavel,I,1,8,51,0.03,390,21,www.flexform.com.br/cadeiras/cadeiras-de-escritorio,Aug 29
er me.,I,1,3,51,0.03,390,26,www.flexform.com.br/institucional/cadeira-de-escritorio/cadeira-de-escritorio-erme,Sep 14
cadeira para trabalho,I,1,7,51,0.03,390,27,www.flexform.com.br/cadeiras/cadeiras-de-escritorio,Sep 07
cadeira de escritorio ergonomica e confortavel,I,1,8,51,0.03,390,29,www.flexform.com.br/,Aug 14
mesas escritório,T,1,6,51,0.03,390,18,www.flexform.com.br/moveis/escritorio/mesa-de-escritorio,Aug 28
cadeira e mesa escritorio,CI,1,6,51,0.03,390,26,www.flexform.com.br/,Sep 12
tecton,I,1,7,51,0.03,390,15,www.flexform.com.br/cadeiras/cadeiras-de-escritorio/cadeira-tecton-all-black-unique,Sep 03
cadeira de compu,C,1,6,51,0.03,390,18,www.flexform.com.br/cadeiras/cadeiras-de-escritorio,Aug 20
cadeiras de computador,I,1,6,51,0.03,390,21,www.flexform.com.br/cadeiras/cadeiras-de-escritorio,Sep 03
flexform cadeira,NT,3,6,50,0.03,3.6K,31,www.flexform.com.br/cadeiras,15 hours
flexform uni,IT,2,8,49,0.03,1.9K,25,www.flexform.com.br/,Aug 22
cadeira secretária,I,2,6,48,0.02,590,20,www.flexform.com.br/cadeiras/cadeiras-de-escritorio,Aug 29
cadeira fixa escritório,I,1,7,48,0.02,590,11,www.flexform.com.br/cadeiras/cadeiras-fixas,Sep 06
cadeira mesa escritorio,C,1,7,48,0.02,590,35,www.flexform.com.br/cadeiras/cadeiras-de-escritorio,Aug 19
cadeira alta escritorio,I,1,6,48,0.02,590,23,www.flexform.com.br/cadeiras/cadeiras-de-escritorio,Sep 06
comprar cadeira,T,1,6,48,0.02,590,44,www.flexform.com.br/,Jul 29
sofa retratil 4 lugares reclinavel,C,2,8,48,0.02,1.6K,13,www.flexform.com.br/moveis/sala/sofas/sofa-4-lugares-retratil-cecile,Aug 18
cadeiras para escritório ergonomicas,CI,2,8,48,0.02,1.6K,33,www.flexform.com.br/,Aug 27
cadeira para escritório simples,I,1,5,48,0.02,590,24,www.flexform.com.br/cadeiras/cadeiras-de-escritorio,Aug 28
cadeira ergonimica,C,2,7,48,0.02,590,35,www.flexform.com.br/,Sep 07
cadeira flexform,NT,6,8,47,0.02,18.1K,31,www.flexform.com.br/cadeiras/cadeiras-fixas,Sep 13
cadeiras para estudar confortável,CI,1,8,46,0.02,720,27,www.flexform.com.br/,Aug 31
sofas retratil reclinavel 4 lugares,C,4,7,45,0.02,1.9K,12,www.flexform.com.br/moveis/sala/sofas/sofa-4-lugares-retratil-cecile,Aug 26
cadeira dot,CI,,9,45,0.02,6.6K,35,www.flexform.com.br/cadeiras/cadeiras-de-escritorio/cadeira-dot-graphite,1 day
sofa em modulos,I,2,6,45,0.02,1.3K,14,www.flexform.com.br/moveis/sala/sofas-modulares,Aug 27
sofa de 4 lugares,C,2,6,45,0.02,1.3K,11,www.flexform.com.br/moveis/sala/sofas/sofa-4-lugares-retratil-cecile,Aug 24
cadeira preta escritorio,I,2,6,45,0.02,1.3K,32,www.flexform.com.br/,Aug 25
sofa retratil reclinavel 4 lugares,I,3,7,45,0.02,2.4K,12,www.flexform.com.br/moveis/sala/sofas/sofa-4-lugares-retratil-cecile,Aug 22
cadeira para gamer,I,3,7,45,0.02,1.9K,34,www.flexform.com.br/gaming,Aug 21
cadeira para estudos,I,2,9,45,0.02,1.3K,26,www.flexform.com.br/,Aug 24
cadeira escritorio diretor,CI,1,7,44,0.02,1K,8,www.flexform.com.br/cadeiras/cadeiras-de-escritorio,Aug 21
cadeira para escritorio diretor,I,1,7,44,0.02,1K,10,www.flexform.com.br/cadeiras/cadeiras-de-escritorio,Aug 18
how do black holes form,I,11,7,44,0.02,14.8K,79,www.flexform.com.br/cadeiras/cadeiras-de-escritorio/cadeira-dot-all-black,18 hours
cadeira escritorio sem rodinha,CI,2,6,44,0.02,1K,18,www.flexform.com.br/,Aug 16
flex forming,I,,7,43,0.02,2.9K,30,www.flexform.com.br/,Aug 20
flexform cadeiras,NT,3,7,43,0.02,2.4K,36,www.flexform.com.br/cadeiras,Aug 22
cadeira ergonomia,CI,,7,43,0.02,720,36,www.flexform.com.br/,Sep 13
cadeira para escritorio secretaria,C,1,6,42,0.02,320,19,www.flexform.com.br/cadeiras/cadeiras-de-escritorio,Sep 07
mesa regulagem de altura,CI,,8,42,0.02,8.1K,18,www.flexform.com.br/moveis/escritorio/mesa-de-escritorio/mesa-tech-120-desk-regulagem-eletrica,Sep 15
cadeiras escritorio baratas,C,1,6,42,0.02,320,27,www.flexform.com.br/cadeiras/cadeiras-de-escritorio,Aug 07
cadeira gamer alpha,I,1,7,42,0.02,170,22,www.flexform.com.br/gaming/alpha-pro/cadeira-gamer-flexform-alpha-2-pro-red,Aug 02
cadeiras ergonomicas home office,CI,1,8,42,0.02,320,25,www.flexform.com.br/,Sep 13
cadeira executivo escritorio,C,1,5,42,0.02,320,11,www.flexform.com.br/cadeiras/cadeiras-de-escritorio,Aug 14
cadeira hergonomica,C,1,6,42,0.02,320,17,www.flexform.com.br/,Jul 31
cadeira pr,C,1,7,42,0.02,170,27,www.flexform.com.br/,4 days
caderia,C,1,7,42,0.02,320,24,www.flexform.com.br/,Aug 09
desk desk pads,C,1,5,42,0.02,320,20,www.flexform.com.br/decoracao-e-acessorios/deskpad/deskpad,Jul 31
uni pro,I,1,8,42,0.02,170,33,www.flexform.com.br/cadeiras/cadeiras-de-escritorio/cadeira-uni-pro-all-black,Aug 23
cadeira escritotio,C,1,7,42,0.02,320,24,www.flexform.com.br/cadeiras/cadeiras-de-escritorio,Aug 20
cadeira de escritorio ergonômica,I,1,7,42,0.02,320,30,www.flexform.com.br/,Sep 03
cadeira ergonomica preta,I,1,7,42,0.02,320,16,www.flexform.com.br/,Sep 03
cadeira escritório diretor,I,1,7,42,0.02,320,9,www.flexform.com.br/cadeiras/cadeiras-de-escritorio,Aug 31
cadeiras home office,C,1,9,42,0.02,320,25,www.flexform.com.br/,Aug 06
erme,I,,6,42,0.02,8.1K,16,www.flexform.com.br/institucional/cadeira-de-escritorio/cadeira-de-escritorio-erme,Sep 15
poltrona para computador,CI,1,4,42,0.02,320,21,www.flexform.com.br/,Aug 10
cadeira de escritorio comprar,T,1,6,42,0.02,320,27,www.flexform.com.br/cadeiras/cadeiras-de-escritorio,Sep 04
cadeira black friday,C,1,4,42,0.02,170,17,www.flexform.com.br/black-friday,Aug 03
lojas de cadeira,C,1,5,42,0.02,170,23,www.flexform.com.br/,Sep 14
felxform,N,,7,41,0.02,210,40,www.flexform.com.br/,Sep 05
flexform spa,N,3,5,40,0.02,2.9K,33,www.flexform.com.br/,Jul 29
mesa com regulagem de altura,I,,8,40,0.02,8.1K,23,www.flexform.com.br/moveis/escritorio/mesa-de-escritorio/mesa-tech-desk-max-140-com-regulagem,Sep 13
cadeiras secretaria,I,1,5,39,0.02,480,21,www.flexform.com.br/cadeiras/cadeiras-de-escritorio,Aug 08
cadeira de escritorio pequena,I,1,6,39,0.02,480,21,www.flexform.com.br/cadeiras/cadeiras-de-escritorio,Sep 13
loja cadeira de escritorio,C,2,6,39,0.02,480,32,www.flexform.com.br/,Sep 04
sofa cama dois lugares,IT,1,7,39,0.02,1.3K,18,www.flexform.com.br/moveis/sala/sofas/sofa-2-lugares-vittoria,Aug 24
cadeira de pc,CI,1,6,39,0.02,480,34,www.flexform.com.br/cadeiras/cadeiras-de-escritorio,Sep 09
mesa altura regulável,I,4,8,39,0.02,1.3K,22,www.flexform.com.br/moveis/escritorio/mesa-de-escritorio/mesa-tech-120-desk-regulagem-eletrica,Aug 20
poltrona ergonomica,C,1,7,39,0.02,480,18,www.flexform.com.br/,Jul 30
cadeira de game,I,2,7,38,0.02,1.6K,33,www.flexform.com.br/gaming,Aug 23
cadeira reforçada,I,1,7,38,0.02,590,7,www.flexform.com.br/,Aug 31
mesa que sobe e desce,I,5,9,38,0.02,1.6K,27,www.flexform.com.br/moveis/escritorio/mesa-de-escritorio/mesa-tech-desk-max-140-com-regulagem,Aug 21
cadeira de escritório giratória,I,3,6,38,0.02,1.6K,22,www.flexform.com.br/cadeiras/cadeiras-de-escritorio,Aug 20
cadeiras para secretarias,CI,1,6,38,0.02,590,17,www.flexform.com.br/cadeiras/cadeiras-de-escritorio,Sep 02
cadeira com rodas para escritorio,I,3,4,38,0.02,880,20,www.flexform.com.br/cadeiras/cadeiras-de-escritorio,Aug 09
cadeira de escritorio sem rodinha,C,2,7,38,0.02,880,15,www.flexform.com.br/,Aug 17
mesas para escritório,I,4,7,38,0.02,1.6K,11,www.flexform.com.br/moveis/escritorio/mesa-de-escritorio,Aug 21
cadeira ganer,C,6,6,38,0.02,1.6K,41,www.flexform.com.br/gaming,Aug 23
comprar cadeira de escritorio,T,2,6,38,0.02,590,31,www.flexform.com.br/cadeiras/cadeiras-de-escritorio,Aug 06
puff cinza,I,1,7,38,0.02,880,20,www.flexform.com.br/moveis/sala/puffs/puff-big-cz,Aug 23
cadeira de escritorio bege,I,1,6,38,0.02,880,19,www.flexform.com.br/cadeiras/cadeiras-de-escritorio/cadeira-dot-bege,Aug 19
cadeira para escritorio confortavel,I,1,7,38,0.02,590,25,www.flexform.com.br/,Aug 25
sofa 4 lugares retratil e reclinavel,C,3,8,38,0.02,1.6K,10,www.flexform.com.br/moveis/sala/sofas/sofa-4-lugares-retratil-cecile,Aug 21
sofa retratil 4 lugares,I,1,7,38,0.02,880,13,www.flexform.com.br/moveis/sala/sofas/sofa-4-lugares-retratil-cecile,Aug 20
cadeira bege,I,1,7,38,0.02,880,15,www.flexform.com.br/cadeiras/cadeiras-de-escritorio/cadeira-dot-bege,Aug 24
super pro,I,6,7,38,0.02,14.8K,52,www.flexform.com.br/cadeiras/cadeiras-de-escritorio/cadeira-uni-pro-white-n-champagne,24 hours
cadeira confortável para escritório,I,1,8,38,0.02,590,34,www.flexform.com.br/,Sep 02
cadeira escritorio preta,I,3,7,38,0.02,1.6K,34,www.flexform.com.br/,Aug 21
black sails black sails,IT,10,6,37,0.02,5.4K,55,www.flexform.com.br/cadeiras/cadeiras-de-escritorio/cadeira-dot-all-black,2 days
cadeira para pc,C,5,7,36,0.02,1.9K,29,www.flexform.com.br/cadeiras/cadeiras-de-escritorio,Aug 20
cadeira para escritorio confortavel,I,,7,36,0.02,590,25,www.flexform.com.br/,Aug 25
cadeira coral,I,,8,36,0.02,880,13,www.flexform.com.br/cadeiras/cadeiras-fixas/cadeira-coral-grey,Aug 28
carregador por inducao,I,3,7,36,0.02,1.9K,18,www.flexform.com.br/decoracao-e-acessorios/carregador-de-inducao/product-one,Aug 25
mesa que sobe e desce,I,,9,35,0.02,1.6K,27,www.flexform.com.br/moveis/escritorio/mesa-de-escritorio/mesa-tech-desk-max-140-com-regulagem,Aug 21
cadeiras de office,C,1,6,34,0.02,140,24,www.flexform.com.br/,Aug 23
cadeiras giratórias cadeira de escritorio,C,1,8,34,0.02,260,19,www.flexform.com.br/cadeiras/cadeiras-de-escritorio,4 days
cadeira para escritorio preta,IT,1,8,34,0.02,260,20,www.flexform.com.br/cadeiras/cadeiras-de-escritorio,Jul 28
cadeiras de escritorio giratoria,T,1,6,34,0.02,260,19,www.flexform.com.br/cadeiras/cadeiras-de-escritorio,Aug 07
cadeira uni pro,C,1,6,34,0.02,140,32,www.flexform.com.br/cadeiras/cadeiras-de-escritorio/cadeira-uni-pro-all-black,Sep 04
cadeira escritorio preço,T,1,7,34,0.02,140,22,www.flexform.com.br/cadeiras/cadeiras-de-escritorio,Sep 13
cadeira para escritorio alta,C,1,8,34,0.02,260,21,www.flexform.com.br/,Aug 11
cadeiras ergometricas para escritorio,C,1,6,34,0.02,140,27,www.flexform.com.br/,Aug 15
cadeora,CI,1,6,34,0.02,260,24,www.flexform.com.br/cadeiras,Aug 31
cadeira de escritorio diretor,I,1,6,34,0.02,260,14,www.flexform.com.br/cadeiras/cadeiras-de-escritorio,Sep 11
cadeira executiva de escritorio,T,1,5,34,0.02,260,8,www.flexform.com.br/cadeiras/cadeiras-de-escritorio,Jul 28
poltrona home office,I,1,6,34,0.02,260,16,www.flexform.com.br/,Aug 30
cadeiras games,I,1,5,34,0.02,260,32,www.flexform.com.br/gaming,Sep 08
cadeiras de escritório cadeira ergonomica,C,1,9,34,0.02,260,28,www.flexform.com.br/,Aug 13
cadeira dots,CI,1,9,34,0.02,260,14,www.flexform.com.br/cadeiras/cadeiras-de-escritorio/cadeira-dot-graphite,Jul 31
cadeira tecton,IT,1,8,34,0.02,140,21,www.flexform.com.br/cadeiras/cadeiras-de-escritorio/cadeira-tecton-all-black-unique,Jul 31
uni all black,I,1,8,34,0.02,140,19,www.flexform.com.br/cadeiras/cadeiras-de-escritorio/cadeira-uni-all-black,Sep 06
cadeira lite,I,1,8,34,0.02,140,15,www.flexform.com.br/cadeiras/cadeiras-de-escritorio/cadeira-lite,Aug 10
loja cadeira escritorio,C,1,7,34,0.02,260,24,www.flexform.com.br/,Aug 18
cadeiras de estudo,I,1,9,34,0.02,260,24,www.flexform.com.br/,Aug 12
cadeiras para escritorio ergonomica,C,,9,32,0.01,1K,34,www.flexform.com.br/,Aug 23
sofa modular grande,I,1,6,31,0.01,480,14,www.flexform.com.br/moveis/sala/sofas/sofa-agora-1-branco,Aug 25
cadeira confortavel de escritorio,I,1,7,31,0.01,480,29,www.flexform.com.br/,Aug 15
cadeiras fixas de escritorio,CI,1,7,31,0.01,480,14,www.flexform.com.br/cadeiras/cadeiras-fixas,Aug 29
cadeira fixa secretaria,CI,2,8,31,0.01,480,4,www.flexform.com.br/cadeiras/cadeiras-fixas,Aug 30
cadeira poltrona escritorio,I,1,6,31,0.01,480,18,www.flexform.com.br/,Sep 07
cadeira area gourmet,I,2,8,31,0.01,1.3K,31,www.flexform.com.br/moveis/area-gourmet,Aug 21
cadeira de escritorio alta,I,2,6,31,0.01,480,17,www.flexform.com.br/cadeiras/cadeiras-de-escritorio,Sep 03
carregador induçao,IT,2,9,31,0.01,480,19,www.flexform.com.br/decoracao-e-acessorios/carregador-de-inducao/product-one,Aug 07
cadeira egornomica,C,1,7,31,0.01,390,17,www.flexform.com.br/,Sep 13
cadeira preta escritório,I,1,6,31,0.01,390,12,www.flexform.com.br/cadeiras/cadeiras-de-escritorio,Aug 09
cadeira alpha gamer,I,1,8,31,0.01,390,21,www.flexform.com.br/gaming/alpha-pro/cadeira-gamer-flexform-alpha-2-pro-red,Sep 07
loja de cadeira de escritório,C,2,6,31,0.01,390,21,www.flexform.com.br/,Jul 29
cafeira,C,1,7,31,0.01,390,26,www.flexform.com.br/cadeiras,Aug 26
cadeiras para escritorio executiva,C,1,6,31,0.01,390,13,www.flexform.com.br/cadeiras/cadeiras-de-escritorio,Aug 18
cadeiras para escritorio simples,CI,1,8,31,0.01,480,22,www.flexform.com.br/cadeiras/cadeiras-de-escritorio,Sep 12
cadeira gamer corinthians,C,2,7,31,0.01,390,28,www.flexform.com.br/gaming/sigma-pro/cadeira-gamer-flexform-sigma-pro-all-black,Jul 28
padding for desk,I,1,7,31,0.01,480,24,www.flexform.com.br/decoracao-e-acessorios/deskpad,Sep 06
cadeira de escritorio executiva,I,1,6,31,0.01,390,9,www.flexform.com.br/cadeiras/cadeiras-de-escritorio,Aug 31
compra de cadeiras para escritorio,T,2,5,31,0.01,480,30,www.flexform.com.br/,Aug 09
sofa 2 2,I,1,5,31,0.01,480,13,www.flexform.com.br/moveis/sala/sofas/sofa-2-lugares-vittoria,Sep 08
cadeiras de escritorios preços,T,1,5,31,0.01,390,19,www.flexform.com.br/cadeiras/cadeiras-de-escritorio,Jul 27
sofá de 4 lugares,I,1,8,31,0.01,480,15,www.flexform.com.br/moveis/sala/sofas/sofa-4-lugares-retratil-cecile,Sep 01
cadeira pra escritorio,CI,2,6,31,0.01,480,26,www.flexform.com.br/cadeiras/cadeiras-de-escritorio,Jul 28
cadeira gamer black friday,C,3,4,31,0.01,480,25,www.flexform.com.br/black-friday,Jul 29
cadeiras de escritório confortável,I,1,7,31,0.01,480,27,www.flexform.com.br/cadeiras/cadeiras-de-escritorio,Aug 28
sofa cama de dois lugares,I,1,7,31,0.01,390,18,www.flexform.com.br/moveis/sala/sofas/sofa-2-lugares-vittoria,Aug 07
mesa regulagem altura,I,5,6,31,0.01,1.3K,17,www.flexform.com.br/moveis/escritorio/mesa-de-escritorio/mesa-tech-120-desk-regulagem-eletrica,Aug 22
cadeira de secretaria,I,1,7,31,0.01,480,20,www.flexform.com.br/,Jul 29
cadeira para escritorio ergonômica,I,1,8,31,0.01,480,24,www.flexform.com.br/,Aug 08
sofá cama dois lugares,I,1,7,30,0.01,1K,18,www.flexform.com.br/moveis/sala/sofas/sofa-2-lugares-vittoria,Aug 21
cadeiras gamers,C,5,7,30,0.01,880,36,www.flexform.com.br/gaming,Jul 29
cadeiras ergonômicas,IT,3,8,30,0.01,1K,26,www.flexform.com.br/,Sep 11
mesa regulavel,C,4,7,30,0.01,880,23,www.flexform.com.br/moveis/escritorio/mesa-de-escritorio/mesa-tech-desk-max-140-com-regulagem,Aug 19
cadeira ortopedica,I,1,7,30,0.01,1K,28,www.flexform.com.br/,Aug 20
cadeira de gaming,C,3,6,30,0.01,880,32,www.flexform.com.br/gaming,Aug 20
cadeiras de escritorio em promocao,C,2,7,30,0.01,880,28,www.flexform.com.br/cadeiras/cadeiras-de-escritorio,Aug 26
cadeira gamer ergonômica,I,1,7,30,0.01,1K,21,www.flexform.com.br/gaming,Aug 26
carregador de indução,CI,3,9,30,0.01,4.4K,22,www.flexform.com.br/decoracao-e-acessorios/carregador-de-inducao/product-one,Sep 13
sofa 4 lugares retratil reclinavel,C,2,6,30,0.01,1K,13,www.flexform.com.br/moveis/sala/sofas/sofa-4-lugares-retratil-cecile,Aug 21
mesas para escritorio,C,4,8,30,0.01,1K,15,www.flexform.com.br/moveis/escritorio/mesa-de-escritorio,Aug 17
cadeira ergometrica escritorio,C,2,6,30,0.01,1K,26,www.flexform.com.br/,Aug 17
sofa cama em l,CI,,5,29,0.01,480,18,www.flexform.com.br/moveis/sala/sofas/sofa-cama-helena-bg,Sep 10
ergonomia da cadeira,I,,8,29,0.01,480,10,www.flexform.com.br/,Aug 31
mesa ajustavel,I,,8,28,0.01,1.3K,24,www.flexform.com.br/moveis/escritorio/mesa-de-escritorio/mesa-tech-desk-max-140-com-regulagem,Aug 25
mesa ajustavel,I,5,8,28,0.01,1.3K,24,www.flexform.com.br/moveis/escritorio/mesa-de-escritorio/mesa-tech-desk-max-140-com-regulagem,Aug 25
flextropic cadeira,I,1,9,27,0.01,110,9,www.flexform.com.br/cadeiras/cadeiras-de-escritorio/flextropic,Aug 09
flextropic,I,1,8,27,0.01,110,14,www.flexform.com.br/cadeiras/cadeiras-de-escritorio/flextropic,Aug 09
cadeira regulavel,I,1,8,27,0.01,210,16,www.flexform.com.br/cadeiras/cadeiras-de-escritorio,Sep 01
comprar cadeira escritorio,T,1,6,27,0.01,210,30,www.flexform.com.br/cadeiras/cadeiras-de-escritorio,Aug 27
cadeira corporativa,C,1,6,27,0.01,210,13,www.flexform.com.br/,Aug 05
sofa 4 lugar,C,1,6,27,0.01,210,10,www.flexform.com.br/moveis/sala/sofas/sofa-4-lugares-retratil-cecile,Aug 03
cadeira flextropic,I,1,8,27,0.01,110,21,www.flexform.com.br/cadeiras/cadeiras-de-escritorio/flextropic,Aug 03
flexfor,N,,8,27,0.01,140,40,www.flexform.com.br/,Sep 04
sofá-cama de dois lugares,I,1,7,27,0.01,210,20,www.flexform.com.br/moveis/sala/sofas/sofa-2-lugares-vittoria,Aug 08
cadeiras giratórias cadeira escritorio,I,1,8,27,0.01,210,10,www.flexform.com.br/cadeiras/cadeiras-de-escritorio,Sep 15
cadeiras escritório fixa,CI,1,8,27,0.01,210,12,www.flexform.com.br/cadeiras/cadeiras-fixas,Sep 05
alpha gamer cadeira,I,1,6,27,0.01,110,22,www.flexform.com.br/gaming/alpha-pro/cadeira-gamer-flexform-alpha-2-pro-red,Aug 09
cadeira home office confortável,I,1,8,27,0.01,210,27,www.flexform.com.br/,Aug 02
preço cadeira de escritorio,T,1,6,27,0.01,210,21,www.flexform.com.br/cadeiras/cadeiras-de-escritorio,Aug 02
cadeiras office,C,1,6,27,0.01,210,32,www.flexform.com.br/,Aug 31
cadeiras de escritorio fixa,I,1,7,27,0.01,210,9,www.flexform.com.br/cadeiras/cadeiras-fixas,4 days
دلتا ایرلاینز,I,23,7,27,0.01,18.1K,62,www.flexform.com.br/gaming/cadeira-flexform-delta-black,3 days
cadeiras ergonomicas para escritório,C,1,8,27,0.01,210,23,www.flexform.com.br/,Aug 08
my chair flexform,NT,,7,27,0.01,210,21,www.flexform.com.br/cadeiras/cadeiras-de-escritorio/cadeira-my-chair-bege,Aug 28
my chair flexform,NT,,7,27,0.01,210,21,www.flexform.com.br/cadeiras/cadeiras-de-escritorio/cadeira-my-chair-all-grey,Aug 28
my chair flexform,NT,,7,27,0.01,210,21,www.flexform.com.br/cadeiras/cadeiras-de-escritorio/cadeira-my-chair-storm-grey,Aug 28
my chair flexform,NT,,7,27,0.01,210,21,www.flexform.com.br/cadeiras/cadeiras-de-escritorio/cadeira-my-chair-grey-n-blue-prem,Aug 28
my chair flexform,NT,,7,27,0.01,210,21,www.flexform.com.br/cadeiras/cadeiras-de-escritorio/cadeira-my-chair-all-black,Aug 28
my chair flexform,NT,,7,27,0.01,210,21,www.flexform.com.br/cadeiras/cadeiras-de-escritorio/my-chair-all-black,Aug 28
cadeiras ergonômicas para escritório,I,1,8,27,0.01,210,23,www.flexform.com.br/,Sep 03
mesa corporativa,I,1,8,27,0.01,110,10,www.flexform.com.br/moveis/escritorio/mesa-de-escritorio,Aug 06
geos blue,I,1,3,27,0.01,110,10,www.flexform.com.br/cadeiras/cadeiras-fixas/cadeira-geos-blue,Sep 03
black sails black sails,IT,11,6,27,0.01,5.4K,55,www.flexform.com.br/cadeiras/cadeiras-de-escritorio/cadeira-dot-white-n-black,2 days
cadeira home office confortavel,C,1,7,27,0.01,210,21,www.flexform.com.br/,Aug 31
mesas corporativas,I,1,9,27,0.01,110,5,www.flexform.com.br/moveis/escritorio/mesa-de-escritorio,Sep 13
cadeira pra pc,C,1,5,27,0.01,210,32,www.flexform.com.br/cadeiras/cadeiras-de-escritorio,Aug 06
cadeiras coral,CI,1,9,27,0.01,210,12,www.flexform.com.br/cadeiras/cadeiras-fixas/cadeira-coral-grey,2 days
cadeira ergonomicaa,C,1,9,27,0.01,210,21,www.flexform.com.br/,Aug 24
lojas de cadeira de escritório,C,1,7,27,0.01,210,24,www.flexform.com.br/,Jul 28
cadeira secretaria escritorio,I,1,6,26,0.01,320,14,www.flexform.com.br/cadeiras/cadeiras-de-escritorio,Aug 17
cadeira de escritorio preço,T,1,6,26,0.01,320,23,www.flexform.com.br/cadeiras/cadeiras-de-escritorio,Sep 14
sofá cama 3 lugares,I,7,8,26,0.01,6.6K,18,www.flexform.com.br/moveis/sala/sofas/sofa-bela,Sep 13
cadeira para escritorio simples,CI,5,7,26,0.01,2.9K,25,www.flexform.com.br/cadeiras/cadeiras-de-escritorio,Sep 15
sofas modulos,I,1,8,26,0.01,320,16,www.flexform.com.br/moveis/sala/sofas-modulares,Aug 06
cadeira escritorio com rodas,I,1,7,26,0.01,320,22,www.flexform.com.br/cadeiras/cadeiras-de-escritorio,Sep 05
poltrona giratoria,CI,5,7,26,0.01,2.9K,20,www.flexform.com.br/moveis/sala/poltronas/poltrona-giratoria-emily,Aug 12
cadeira escritorio pequena,I,1,6,26,0.01,320,24,www.flexform.com.br/cadeiras/cadeiras-de-escritorio,Sep 08
cadeira de auditorio,I,2,7,25,0.01,390,7,www.flexform.com.br/institucional/auditorio/poltrona-de-auditorio-eventum-free,Aug 17
cadeira confortavel,I,,8,25,0.01,2.4K,28,www.flexform.com.br/,Aug 23
ergonomica cadeira,C,1,8,25,0.01,390,18,www.flexform.com.br/,Sep 11
cadeira flex,T,1,11,25,0.01,590,19,www.flexform.com.br/cadeiras/cadeiras-de-escritorio,Jul 29
cadeira de escritorio com rodinhas,I,2,7,25,0.01,390,19,www.flexform.com.br/cadeiras/cadeiras-de-escritorio,Sep 01
mesa office,CI,3,7,25,0.01,720,13,www.flexform.com.br/moveis/escritorio/mesa-de-escritorio,Aug 16
cadeiras para pc,C,2,7,25,0.01,390,32,www.flexform.com.br/,Aug 17
cadeira para estudo confortavel,CI,1,11,25,0.01,390,22,www.flexform.com.br/,Aug 26
cadeira escritorio alta,I,2,8,25,0.01,590,23,www.flexform.com.br/cadeiras/cadeiras-de-escritorio,Sep 07
pad desk,I,1,9,25,0.01,590,15,www.flexform.com.br/decoracao-e-acessorios/deskpad/deskpad,Sep 13
cadeira confortavel para escritorio,I,1,8,25,0.01,390,32,www.flexform.com.br/,Aug 03
mesa trabalho,I,3,7,25,0.01,590,21,www.flexform.com.br/moveis/escritorio/mesa-de-escritorio,Aug 25
mesa ajuste de altura,CI,4,5,25,0.01,720,8,www.flexform.com.br/moveis/escritorio/mesa-de-escritorio/mesa-tech-120-desk-regulagem-eletrica,Jul 28
cadeira de escritorio sem rodas,CI,2,7,25,0.01,590,11,www.flexform.com.br/,Sep 02
cadeira confortável escritório,I,1,7,25,0.01,390,26,www.flexform.com.br/cadeiras/cadeiras-de-escritorio,Aug 29
cadeiras estudos,C,2,7,25,0.01,720,25,www.flexform.com.br/,Sep 09
cadeira reclinavel escritorio,CI,1,7,25,0.01,390,27,www.flexform.com.br/cadeiras/cadeiras-de-escritorio,Sep 04
cadeira para escritório ergonômica,I,3,7,24,0.01,1K,21,www.flexform.com.br/,Aug 20
cadeira para escritorio sem rodinha,C,3,7,24,0.01,1K,15,www.flexform.com.br/,Aug 21
cadeira dot,CI,,9,24,0.01,6.6K,35,www.flexform.com.br/cadeiras/cadeiras-de-escritorio/cadeira-dot-all-black,1 day
cadeira dot,CI,,9,24,0.01,6.6K,35,www.flexform.com.br/cadeiras/cadeiras-de-escritorio/cadeira-dot-graphite,1 day
cadeira dot,CI,,9,24,0.01,6.6K,35,www.flexform.com.br/cadeiras/cadeiras-de-escritorio/cadeira-dot-white-n-black,1 day
cadeira roma,I,5,7,24,0.01,1K,22,www.flexform.com.br/institucional/cadeira-de-escritorio/cadeira-de-escritorio-roma,Jul 27
carregador por induçao,I,,9,24,0.01,720,21,www.flexform.com.br/decoracao-e-acessorios/carregador-de-inducao/product-one,Aug 30
cadeira confortável para estudo,I,2,11,24,0.01,1K,21,www.flexform.com.br/,Aug 24
cadeiras para escritorio ergonomica,C,2,9,24,0.01,1K,34,www.flexform.com.br/,Aug 23
cadeira de escritorio ergonomica e confortavel,I,,8,23,0.01,390,29,www.flexform.com.br/,Aug 14
cadeira confortável para trabalhar,I,,8,23,0.01,390,23,www.flexform.com.br/,Sep 14
suporte para notebook,I,23,7,23,0.01,33.1K,25,www.flexform.com.br/decoracao-e-acessorios-suporte-para-notebook,Sep 15
felxform,N,,7,23,0.01,210,40,www.flexform.com.br/,Sep 05
cadeira ergonomica bege,I,1,7,22,0.01,170,20,www.flexform.com.br/cadeiras/cadeiras-de-escritorio/cadeira-dot-bege,Aug 03
cadeira escritori,C,1,6,22,0.01,170,19,www.flexform.com.br/cadeiras/cadeiras-de-escritorio,Aug 10
sofa 4 lugares retratil,I,,8,22,0.01,1K,13,www.flexform.com.br/moveis/sala/sofas/sofa-4-lugares-retratil-cecile,Aug 20
cadeira game,CI,,7,22,0.01,4.4K,36,www.flexform.com.br/gaming,Sep 13
cadeira escritoriio,C,1,7,22,0.01,170,29,www.flexform.com.br/cadeiras/cadeiras-de-escritorio,Aug 18
cadeira escrito,C,1,7,22,0.01,170,30,www.flexform.com.br/cadeiras/cadeiras-de-escritorio,Aug 29
cadeira acolchoada escritorio,C,1,5,22,0.01,170,9,www.flexform.com.br/cadeiras/cadeiras-de-escritorio,Aug 07
loja cadeiras de escritorio,C,1,5,22,0.01,170,22,www.flexform.com.br/cadeiras/cadeiras-de-escritorio,Sep 04
how to get rid of dark circles,I,43,5,22,0.01,74K,50,www.flexform.com.br/cadeiras/cadeiras-de-escritorio/cadeira-plus-dark-blue,1 day
cadeira escritorio resistente,C,1,7,22,0.01,170,15,www.flexform.com.br/cadeiras/cadeiras-de-escritorio,Aug 28
how do black holes form,I,18,7,22,0.01,14.8K,79,www.flexform.com.br/cadeiras/cadeiras-de-escritorio/cadeira-dot-white-n-black,18 hours
cadeira okamura,I,1,7,22,0.01,90,19,www.flexform.com.br/cadeiras/cadeiras-de-escritorio/cadeira-okamura-contessa-seconda-black,Aug 07
cadeira de escritori,C,1,8,22,0.01,170,24,www.flexform.com.br/cadeiras/cadeiras-de-escritorio,Aug 17
cadeira escritorio luxo,IT,1,8,22,0.01,170,19,www.flexform.com.br/,Aug 13
cadeira plus onix black,I,1,7,22,0.01,90,16,www.flexform.com.br/cadeiras/cadeiras-de-escritorio/cadeira-plus-onix-black,Aug 18
cadeiras giratórias cadeira de escritório,C,1,7,22,0.01,170,19,www.flexform.com.br/cadeiras/cadeiras-de-escritorio,2 days
u n i sex,C,15,2,22,0.01,4.4K,31,www.flexform.com.br/cadeiras/cadeiras-de-escritorio/cadeira-uni-jea,1 day
cadeira escritoria,C,1,7,22,0.01,170,24,www.flexform.com.br/cadeiras/cadeiras-de-escritorio,Aug 05
poltrona giratória,I,3,10,22,0.01,4.4K,18,www.flexform.com.br/moveis/sala/poltronas/poltrona-giratoria-emily,20 hours
cadeira gamer playstation,I,,7,22,0.01,2.4K,31,www.flexform.com.br/gaming/neymar-jr,Aug 25
cadeira ergonomica confortavel,CI,1,8,22,0.01,170,31,www.flexform.com.br/,Aug 15
cadeira verser,C,2,6,22,0.01,170,19,www.flexform.com.br/cadeiras/cadeiras-de-escritorio,Sep 05
okamura cadeiras,C,1,5,22,0.01,90,10,www.flexform.com.br/cadeiras/cadeiras-de-escritorio/cadeira-okamura-contessa-seconda-black,Aug 09
cadeiras para escritorio ortopédicas,C,1,6,22,0.01,170,13,www.flexform.com.br/,Jul 29
camisa corinthians all black,I,12,4,22,0.01,4.4K,20,www.flexform.com.br/cadeiras/cadeiras-de-escritorio/cadeira-dot-all-black,1 day
cadeira ergonômica para escritorio,I,1,6,22,0.01,170,19,www.flexform.com.br/,Aug 28
cadeira de home office,I,1,9,22,0.01,170,19,www.flexform.com.br/,Aug 14
lojas de cadeiras para escritorio,C,1,6,22,0.01,170,27,www.flexform.com.br/cadeiras/cadeiras-de-escritorio,Aug 30
cadeiras para escritorio bh,C,1,5,22,0.01,170,25,www.flexform.com.br/,Aug 03
cadeira escritorio com braço,I,1,7,22,0.01,170,8,www.flexform.com.br/cadeiras/cadeiras-de-escritorio,Jul 29
programação hbo plus,I,24,3,22,0.01,14.8K,19,www.flexform.com.br/cadeiras/cadeiras-de-escritorio/cadeira-plus-dark-blue,3 days
cadeiras de escritório confortáveis,C,1,8,22,0.01,170,19,www.flexform.com.br/cadeiras/cadeiras-de-escritorio,2 days
lojas de cadeiras para escritório,C,1,6,22,0.01,170,29,www.flexform.com.br/,Aug 12
cadeira escritorio preto,I,1,7,22,0.01,170,23,www.flexform.com.br/cadeiras/cadeiras-de-escritorio,Sep 03
cadeira para caixa,I,,9,22,0.01,1K,16,www.flexform.com.br/cadeiras/cadeiras-de-escritorio/cadeira-caixa-uni-all-black,Aug 22
uni],I,13,5,22,0.01,4.4K,31,www.flexform.com.br/cadeiras/cadeiras-de-escritorio/cadeira-uni-black-n-blu,3 days
dando p r o cavalo,I,15,0,22,0.01,4.4K,26,www.flexform.com.br/cadeiras/cadeiras-de-escritorio/cadeira-uni-pro-black-n-grey,2 days
cadeira escritório confortável,C,,7,21,0.01,1.3K,23,www.flexform.com.br/,Aug 21
promoção cadeira de escritorio,C,2,6,21,0.01,260,22,www.flexform.com.br/cadeiras/cadeiras-de-escritorio,Jul 28
cadeiras pc,C,1,6,21,0.01,260,25,www.flexform.com.br/cadeiras/cadeiras-de-escritorio,Sep 14
cadeira confortavel escritorio,I,1,7,21,0.01,720,31,www.flexform.com.br/,Aug 29
sofa curvo 3 lugares,I,2,7,21,0.01,480,21,www.flexform.com.br/moveis/sala/sofas/sofa-3-lugares-c1,Aug 27
cadeira valentina,CI,1,9,21,0.01,260,6,www.flexform.com.br/cadeiras/cadeiras-fixas/cadeira-valentina-terracota,Jul 28
cadeiras para escritório ergonomica,C,2,8,21,0.01,260,24,www.flexform.com.br/,Aug 10
dois lugares sofa cama,C,2,6,21,0.01,880,13,www.flexform.com.br/moveis/sala/sofas/sofa-2-lugares-vittoria,Jul 30
cadeira de escritorio em promoção,C,2,7,21,0.01,260,30,www.flexform.com.br/cadeiras/cadeiras-de-escritorio,Jul 28
poltrona de escritorio,I,3,8,21,0.01,720,16,www.flexform.com.br/,Sep 01
cadeira de escritorio confortavel,I,1,8,21,0.01,880,36,www.flexform.com.br/,Aug 20
cadeira executiva escritorio,I,1,8,21,0.01,260,13,www.flexform.com.br/cadeiras/cadeiras-de-escritorio,Aug 01
flexform garantia,I,,5,21,0.01,110,19,www.flexform.com.br/,Aug 30
cadeiras para estudo confortável,I,1,10,21,0.01,720,31,www.flexform.com.br/,Sep 07
cadeira de estudos confortavel,CI,1,8,21,0.01,260,19,www.flexform.com.br/,Aug 16
cadeira escritorio executiva,C,1,9,21,0.01,260,11,www.flexform.com.br/cadeiras/cadeiras-de-escritorio,Jul 28
cadeira recepcionista,I,1,6,21,0.01,260,7,www.flexform.com.br/cadeiras/cadeiras-de-escritorio,Aug 30
cadeira executivo para escritorio,C,1,5,21,0.01,260,15,www.flexform.com.br/cadeiras/cadeiras-de-escritorio,Aug 03
cadeira escritorio tela,I,1,8,21,0.01,260,13,www.flexform.com.br/cadeiras/cadeiras-de-escritorio,Aug 28
cadeira para esc,C,2,6,21,0.01,880,31,www.flexform.com.br/cadeiras/cadeiras-de-escritorio,Aug 17
cadeira giratoria escritorio,I,1,6,21,0.01,260,23,www.flexform.com.br/,Aug 01
almofada de chao,CI,2,7,21,0.01,480,24,www.flexform.com.br/almofada-de-chao-elmo,Aug 31
cadeira reclinável escritório,CI,1,7,21,0.01,260,31,www.flexform.com.br/cadeiras/cadeiras-de-escritorio,Sep 05
cadeiras giratórias de escritório,I,3,8,21,0.01,480,23,www.flexform.com.br/cadeiras/cadeiras-de-escritorio,Sep 14
cadeira escritorio de plastico,I,1,6,21,0.01,260,19,www.flexform.com.br/cadeiras/cadeiras-de-escritorio,Aug 04
cadeira para escritório confortável,C,2,7,21,0.01,880,25,www.flexform.com.br/cadeiras/cadeiras-de-escritorio,Jul 27
preço cadeira,T,1,6,21,0.01,260,20,www.flexform.com.br/cadeiras/cadeiras-de-escritorio,Sep 06
cadeiras de escritorio sem braços,I,1,7,21,0.01,260,14,www.flexform.com.br/cadeiras/cadeiras-de-escritorio,Aug 09
cadeira trabalho,CI,2,8,21,0.01,260,25,www.flexform.com.br/,Aug 10
empresa flexform,I,,7,21,0.01,110,31,www.flexform.com.br/,Aug 09
cadeira de escritoria,C,2,8,21,0.01,260,22,www.flexform.com.br/cadeiras/cadeiras-de-escritorio,Aug 27
jr super,I,13,5,21,0.01,5.4K,38,www.flexform.com.br/gaming/neymar-jr/cadeira-alpha-pro-neymar,2 days
cadeira com rodas escritorio,I,3,8,21,0.01,720,20,www.flexform.com.br/cadeiras/cadeiras-de-escritorio,Sep 12
flexform cadeira,NT,6,6,21,0.01,3.6K,31,www.flexform.com.br/institucional/cadeira-de-escritorio/city,15 hours
flexform cadeira,NT,7,6,21,0.01,3.6K,31,www.flexform.com.br/institucional/cadeira-de-escritorio,15 hours
cadeira pra escritório,C,1,7,21,0.01,480,34,www.flexform.com.br/cadeiras/cadeiras-de-escritorio,Sep 01
sofas 4 lugares,I,1,6,21,0.01,260,15,www.flexform.com.br/moveis/sala/sofas/sofa-4-lugares-retratil-cecile,Aug 12
cadeira escritório bege,I,1,5,20,0.01,320,15,www.flexform.com.br/cadeiras/cadeiras-de-escritorio/cadeira-dot-bege,Aug 27
kit cadeira escritorio,I,2,8,20,0.01,590,13,www.flexform.com.br/cadeiras/cadeiras-de-escritorio,Aug 26
cadeira de escritorio reclinavel,CI,1,8,20,0.01,320,28,www.flexform.com.br/cadeiras/cadeiras-de-escritorio,Sep 14
almofadão para chão,CI,1,7,20,0.01,320,24,www.flexform.com.br/almofada-de-chao-elmo,Sep 07
cadeira uni pro all black,I,1,6,20,0.01,320,29,www.flexform.com.br/cadeiras/cadeiras-de-escritorio/cadeira-uni-pro-all-black,Aug 13
cadeira escritório giratória,I,2,7,20,0.01,590,21,www.flexform.com.br/cadeiras/cadeiras-de-escritorio,Aug 18
cadeira secretaria sem braço,I,2,7,20,0.01,320,8,www.flexform.com.br/cadeiras/cadeiras-de-escritorio,Aug 29
poltrona giratória sala,I,3,9,20,0.01,1.6K,20,www.flexform.com.br/moveis/sala/poltronas/poltrona-giratoria-emily,Aug 20
sofas de 4 lugares,I,1,7,20,0.01,320,9,www.flexform.com.br/moveis/sala/sofas/sofa-4-lugares-retratil-cecile,Aug 15
mesas eletricas,C,4,6,20,0.01,590,25,www.flexform.com.br/moveis/escritorio/mesa-de-escritorio/mesa-tech-desk-max-140-com-regulagem,Sep 03
cadeira loja,I,2,7,20,0.01,320,47,www.flexform.com.br/,Jul 31
sofa 4 lugares reclinavel,I,3,8,20,0.01,320,12,www.flexform.com.br/moveis/sala/sofas/sofa-4-lugares-retratil-cecile,Aug 04
flexform loja fisica,T,,6,20,0.01,90,18,www.flexform.com.br/institucional/onde-comprar,Aug 05
poltrona computador,I,2,6,20,0.01,320,26,www.flexform.com.br/,Aug 28
cadeira para recepcionista,I,2,8,20,0.01,320,9,www.flexform.com.br/cadeiras/cadeiras-de-escritorio,Aug 01
kit cadeiras para escritorio,I,3,7,20,0.01,590,16,www.flexform.com.br/cadeiras/cadeiras-de-escritorio,Sep 12
cadeiras ergonomicas home office,CI,,8,19,0.01,320,25,www.flexform.com.br/,Sep 13
cadeira para area gourmet,I,3,8,19,0.01,880,26,www.flexform.com.br/moveis/area-gourmet,Aug 19
cadeira de escritorio confortavel,I,,8,19,0.01,880,36,www.flexform.com.br/,Aug 20
cadeira gamer azul,I,,8,19,0.01,1.3K,25,www.flexform.com.br/gaming/neymar-jr,Aug 23
tamanho sofa,I,,7,19,0.01,480,11,www.flexform.com.br/moveis/sala/sofas/hera-2-lugares,Sep 08
cadeiras para escritorio confortavel,I,,7,19,0.01,880,29,www.flexform.com.br/,Aug 02
flexform uni,IT,3,8,19,0.01,1.9K,25,www.flexform.com.br/cadeiras/cadeiras-de-escritorio/cadeira-uni-pro-all-black,Aug 22
carregador de inducao,I,2,9,19,0.01,880,23,www.flexform.com.br/decoracao-e-acessorios/carregador-de-inducao/product-one,Aug 25
altura sofa,I,,6,19,0.01,320,14,www.flexform.com.br/moveis/sala/sofas/elisabeth-3-lugares,Aug 30
sofa tamanho,I,,9,19,0.01,480,15,www.flexform.com.br/moveis/sala/sofas/hera-2-lugares,Sep 12
cadeiras alpha gamer,CI,1,10,18,0.01,140,21,www.flexform.com.br/gaming/alpha-pro/cadeira-gamer-flexform-alpha-2-pro-red,Aug 17
cadeiras de escritório perto de mim,T,1,7,18,0.01,140,19,www.flexform.com.br/cadeiras/cadeiras-de-escritorio,Aug 26
cadeira dot flexform,IT,2,9,18,0.01,720,32,www.flexform.com.br/cadeiras/cadeiras-de-escritorio/cadeira-dot-all-black,Sep 05
cadeiras executivas ergonomicas,C,1,8,18,0.01,140,13,www.flexform.com.br/,Aug 14
3d,I,36,4,18,0.01,27.1K,45,blog.flexform.com.br/arquitetura/o-que-e-um-projeto-3d/,Sep 15
sofa corporativo,I,1,6,18,0.01,140,7,www.flexform.com.br/moveis/sala/sofas,Aug 17
sofas de modulos,C,1,7,18,0.01,140,15,www.flexform.com.br/moveis/sala/sofas-modulares,Aug 11
loja de cadeira de escritorio,C,1,7,18,0.01,140,27,www.flexform.com.br/,Aug 02
cadeira legacy,C,1,7,18,0.01,140,24,www.flexform.com.br/cadeiras/cadeiras-de-escritorio/cadeira-legacy-cinza,3 days
cadeira para escritorio preço,T,1,6,18,0.01,140,18,www.flexform.com.br/cadeiras/cadeiras-de-escritorio,Jul 28
cadeiras para escritorio em bh,C,1,6,18,0.01,140,25,www.flexform.com.br/,Aug 27
cadeira confort,CI,1,7,18,0.01,140,11,www.flexform.com.br/,Jul 31
flexform tecton,I,2,6,18,0.01,1K,19,www.flexform.com.br/cadeiras/cadeiras-de-escritorio/cadeira-tecton-all-black-unique,Aug 29
cadeira flexform uni,IT,2,7,18,0.01,720,31,www.flexform.com.br/cadeiras/cadeiras-de-escritorio/cadeira-uni-pro-all-black,Jul 27
cadeira escritorio em bh,C,1,5,18,0.01,140,33,www.flexform.com.br/,Aug 14
tecton flexform,I,2,8,18,0.01,720,19,www.flexform.com.br/cadeiras/cadeiras-de-escritorio/cadeira-tecton-all-black,Jul 28
cadeira de ergonomica,IT,1,7,18,0.01,140,23,www.flexform.com.br/,Jul 31
sofá 4 lugares retrátil reclinável,CI,1,8,18,0.01,140,13,www.flexform.com.br/moveis/sala/sofas/sofa-4-lugares-retratil-cecile,16 hours
flexforma estofados,I,1,6,18,0.01,140,21,www.flexform.com.br/moveis/sala/sofas,Aug 10
cadeira ergométrica escritório,I,1,7,18,0.01,140,24,www.flexform.com.br/,Aug 27
flexform dot,I,2,6,18,0.01,720,28,www.flexform.com.br/cadeiras/cadeiras-de-escritorio/cadeira-dot-all-black,Sep 08
cadeira escritorio braço regulavel,CI,1,8,18,0.01,140,10,www.flexform.com.br/,Aug 08
cadeira escritório ergonomica,I,2,8,18,0.01,1K,36,www.flexform.com.br/,Sep 09
cadeira flexform,NT,,8,18,0.01,18.1K,31,www.flexform.com.br/cadeiras/cadeiras-de-escritorio/cadeira-tecton-all-black-unique,Sep 13
cadeira flexform,NT,,8,18,0.01,18.1K,31,www.flexform.com.br/cadeiras/cadeiras-de-escritorio/cadeira-dot-graphite,Sep 13
cadeira flexform,NT,,8,18,0.01,18.1K,31,www.flexform.com.br/cadeiras/cadeiras-de-escritorio/cadeira-uni-all-black,Sep 13
cadeira flexform,NT,,8,18,0.01,18.1K,31,www.flexform.com.br/cadeiras/cadeiras-de-escritorio/cadeira-led-all-black-hd,Sep 13
cadeira flexform,NT,,8,18,0.01,18.1K,31,www.flexform.com.br/cadeiras/cadeiras-de-escritorio/cadeira-lite,Sep 13
cadeira flexform,NT,,8,18,0.01,18.1K,31,www.flexform.com.br/cadeiras/cadeiras-de-escritorio/cadeira-lite,Sep 13
cadeira flexform,NT,9,8,18,0.01,18.1K,31,www.flexform.com.br/black-friday,Sep 13
flexform cadeira,NT,8,6,18,0.01,3.6K,31,www.flexform.com.br/gaming,15 hours
cadeira de alimentação de bebê,C,1,6,18,0.01,140,18,www.flexform.com.br/,Aug 10
chair ergonomic office,CI,39,6,18,0.01,60.5K,53,www.flexform.com.br/,3 days
cadeiras flexform,NT,2,6,18,0.01,1K,39,www.flexform.com.br/,Aug 18
cadeira para escritorio luxo,C,2,6,17,0.01,210,19,www.flexform.com.br/,Aug 03
industria cadeiras,C,3,5,17,0.01,210,20,www.flexform.com.br/,Aug 13
flexform alpha 2 pro,I,,9,17,0.01,90,20,www.flexform.com.br/gaming/alpha-pro/cadeira-gamer-flexform-alpha-2-pro-black,4 days
cadeira fixas,CI,1,7,17,0.01,390,7,www.flexform.com.br/cadeiras/cadeiras-fixas,Jul 28
cadeira estofada fixa,I,1,8,17,0.01,210,5,www.flexform.com.br/cadeiras/cadeiras-fixas,Aug 16
cadeira para trabalho home office,C,1,10,17,0.01,210,22,www.flexform.com.br/,Sep 06
sofas para escritorio,CI,1,7,17,0.01,210,14,www.flexform.com.br/moveis/sala/sofas,Aug 31
cadeira ergonomica reclinavel,I,1,7,17,0.01,210,22,www.flexform.com.br/cadeiras/cadeiras-de-escritorio,Aug 27
cadeira ergometrica para escritorio,I,1,7,17,0.01,210,15,www.flexform.com.br/,Aug 06
almofada de chão,I,3,7,17,0.01,590,25,www.flexform.com.br/almofada-de-chao-elmo,Aug 29
cadeira para escritorio sem rodinhas,CI,3,6,17,0.01,390,15,www.flexform.com.br/,Jul 29
cadeira executivo,I,1,6,17,0.01,390,8,www.flexform.com.br/cadeiras/cadeiras-de-escritorio,Aug 20
cadeiras escritorio fixas,CI,1,8,17,0.01,210,4,www.flexform.com.br/cadeiras/cadeiras-fixas,Jul 29
office chair,C,4,7,17,0.01,590,34,www.flexform.com.br/,Aug 25
cadeiras de escritorio confortavel,I,1,8,17,0.01,210,35,www.flexform.com.br/,Aug 20
cadeiras giratórias cadeira escritório,C,1,7,17,0.01,210,20,www.flexform.com.br/cadeiras/cadeiras-de-escritorio,4 days
cadeira de escritório simples,I,11,5,17,0.01,4.4K,29,www.flexform.com.br/cadeiras/cadeiras-de-escritorio,4 days
cadeira escritorio sem rodas,CI,3,6,17,0.01,390,14,www.flexform.com.br/cadeiras/cadeiras-de-escritorio,Jul 27
cadeira giratória de escritório,I,3,6,17,0.01,720,20,www.flexform.com.br/cadeiras/cadeiras-de-escritorio,Aug 16
cadeira de escritorio feminina,CI,2,7,17,0.01,390,24,www.flexform.com.br/,Sep 02
comprar cadeira para escritorio,T,1,7,17,0.01,210,27,www.flexform.com.br/,Aug 04
sofa modular de canto,I,1,9,17,0.01,720,12,www.flexform.com.br/moveis/sala/sofas-modulares,Jul 30
poltrona giratória,I,,10,17,0.01,4.4K,18,www.flexform.com.br/moveis/sala/poltronas/poltrona-aretha,20 hours
sofa de quatro lugares,C,1,7,17,0.01,390,12,www.flexform.com.br/moveis/sala/sofas/sofa-4-lugares-retratil-cecile,Sep 02
cadeira de escritorio giratoria,CI,2,5,17,0.01,390,16,www.flexform.com.br/cadeiras/cadeiras-de-escritorio,Aug 05
cadeiras escritorio ergonomicas,CI,3,9,17,0.01,720,28,www.flexform.com.br/,Aug 26
cadeira ergonomica para home office,C,1,7,17,0.01,390,29,www.flexform.com.br/,Sep 05
cadeira para escritorio com rodinhas,I,4,7,17,0.01,720,22,www.flexform.com.br/cadeiras/cadeiras-de-escritorio,Jul 28
cadeira de escritorio boa,I,1,9,17,0.01,210,21,www.flexform.com.br/,Aug 04
mesa eletrica,C,,8,17,0.01,2.4K,24,www.flexform.com.br/moveis/escritorio/mesa-de-escritorio/mesa-tech-120-desk-regulagem-eletrica,Aug 21
garantia flexform,I,,7,17,0.01,90,19,www.flexform.com.br/,Aug 10
cadeira escritorio ergonômica,I,2,7,17,0.01,390,21,www.flexform.com.br/,Jul 30
almofadão de chão,I,4,6,17,0.01,720,25,www.flexform.com.br/almofada-de-chao-elmo,Sep 13
cadeira escritório reclinável,I,1,7,17,0.01,210,21,www.flexform.com.br/cadeiras/cadeiras-de-escritorio,Aug 10
cadeira roxa,I,2,6,17,0.01,390,19,www.flexform.com.br/cadeiras/cadeiras-de-escritorio/cadeira-dot-purple,Aug 19
cadeira de escritorio resistente,I,1,7,17,0.01,210,21,www.flexform.com.br/cadeiras/cadeiras-de-escritorio,Aug 19
cadeira de escritorio com rodas,I,1,8,17,0.01,210,20,www.flexform.com.br/cadeiras/cadeiras-de-escritorio,Sep 12
cadeira de escritório preta,I,2,5,17,0.01,390,36,www.flexform.com.br/,Aug 26
cadeiras para escritorio fixas,C,1,7,17,0.01,210,12,www.flexform.com.br/cadeiras/cadeiras-fixas,2 days
cadeira para estudo confortável,I,2,9,17,0.01,720,22,www.flexform.com.br/,Aug 17
mesa altura regulável,I,,8,17,0.01,1.3K,22,www.flexform.com.br/moveis/escritorio/mesa-de-escritorio/mesa-tech-desk-max-140-com-regulagem,Aug 20
mesa elétrica,CI,5,8,17,0.01,590,20,www.flexform.com.br/moveis/escritorio/mesa-de-escritorio/mesa-tech-desk-max-140-com-regulagem,Jul 29
mesa eletrica ajustavel,I,5,6,17,0.01,720,22,www.flexform.com.br/moveis/escritorio/mesa-de-escritorio/mesa-tech-desk-max-140-com-regulagem,Sep 03
cadeiras secretária,I,1,6,16,< 0.01,260,18,www.flexform.com.br/cadeiras/cadeiras-de-escritorio,Aug 29
cadeira secreta,C,4,7,16,< 0.01,480,22,www.flexform.com.br/,Jul 31
comoda vertical,I,1,5,16,< 0.01,260,20,www.flexform.com.br/moveis/quarto/comoda/comoda-vertical-ligt,Aug 06
cadeira para escritório ergonomica,C,4,5,16,< 0.01,480,19,www.flexform.com.br/,Jul 28
cadeira allegra preta,I,9,9,16,< 0.01,5.4K,23,www.flexform.com.br/cadeiras/cadeiras-de-escritorio/cadeira-my-chair-platinum-grey,17 hours
cadeira ergonômica de escritório,C,2,7,16,< 0.01,260,25,www.flexform.com.br/,Sep 11
sofa 4 lugares reclinavel e retratil,C,2,8,16,< 0.01,480,13,www.flexform.com.br/moveis/sala/sofas/sofa-4-lugares-retratil-cecile,Sep 13
cadeira para auditorio,I,2,7,16,< 0.01,260,6,www.flexform.com.br/institucional/auditorio/poltrona-de-auditorio-eventum-free,Jul 28
mesa regulagem,I,3,6,16,< 0.01,480,15,www.flexform.com.br/moveis/escritorio/mesa-de-escritorio/mesa-tech-120-desk-regulagem-eletrica,Aug 13
mesa sobe e desce,C,3,10,16,< 0.01,260,20,www.flexform.com.br/moveis/escritorio/mesa-de-escritorio/mesa-tech-desk-max-140-com-regulagem,Jul 28
tamanho de sofa,I,,7,16,< 0.01,390,10,www.flexform.com.br/moveis/sala/sofas/hera-4-lugares,Sep 13
melhores marcas de cadeira de escritorio,C,2,8,16,< 0.01,260,13,www.flexform.com.br/,Jul 31
cadeiras confortaveis,I,1,9,16,< 0.01,260,16,www.flexform.com.br/,Sep 05
cadeira esc,CI,2,6,16,< 0.01,260,21,www.flexform.com.br/cadeiras/cadeiras-de-escritorio,Aug 06
cadeira ergonomica para escritorio,I,1,7,16,< 0.01,260,25,www.flexform.com.br/,Aug 13
cadeira bege escritorio,I,2,6,16,< 0.01,260,12,www.flexform.com.br/cadeiras/cadeiras-de-escritorio/cadeira-dot-bege,Aug 07
cadeiras escritorio fixa,I,1,7,16,< 0.01,260,14,www.flexform.com.br/cadeiras/cadeiras-fixas,Sep 14
cadeira dot all black,I,1,8,16,< 0.01,260,23,www.flexform.com.br/cadeiras/cadeiras-de-escritorio/cadeira-dot-all-black,Aug 09
cadeira de escritório feminina,I,1,5,16,< 0.01,260,25,www.flexform.com.br/,Aug 02
cadeira de rodinha escritorio,I,3,7,16,< 0.01,480,21,www.flexform.com.br/cadeiras/cadeiras-de-escritorio,Aug 28
cadeira de escritorio valor,I,1,7,16,< 0.01,260,21,www.flexform.com.br/cadeiras/cadeiras-de-escritorio,Jul 31
all i want,I,12,5,16,< 0.01,5.4K,36,www.flexform.com.br/cadeiras/cadeiras-de-escritorio/cadeira-uni-all-black,2 days
cadeira confortavel para trabalhar,I,,8,16,< 0.01,480,21,www.flexform.com.br/,Aug 28
cadeira de estudo confortável,I,,10,16,< 0.01,480,22,www.flexform.com.br/,Sep 11
cadeira gamer cinza,CI,,7,16,< 0.01,390,20,www.flexform.com.br/gaming/alpha-lite/cadeira-gamer-flexform-alpha-lite-grey,Aug 26
cadeira para escritorio cinza,I,6,5,15,< 0.01,720,15,www.flexform.com.br/cadeiras/cadeiras-de-escritorio,Aug 23
cadeiras de escritório baratas,C,4,8,15,< 0.01,720,21,www.flexform.com.br/cadeiras/cadeiras-de-escritorio,Aug 19
flexfor,N,,8,15,< 0.01,140,40,www.flexform.com.br/,Sep 04
marcas de cadeira de escritorio,I,,9,15,< 0.01,260,21,www.flexform.com.br/,Aug 26
cadeira flexform escritorio,NT,2,10,15,< 0.01,590,27,www.flexform.com.br/,Aug 26
sofá cama 2 lugares pequeno,I,1,7,15,< 0.01,720,17,www.flexform.com.br/moveis/sala/sofas/sofa-2-lugares-vittoria,Aug 21
cadeira para auditório,CI,4,7,15,< 0.01,720,5,www.flexform.com.br/institucional/auditorio/poltrona-de-auditorio-eventum-free,Jul 28
sofá 4 lugares confortável,CI,2,8,15,< 0.01,720,12,www.flexform.com.br/moveis/sala/sofas/sofa-4-lugares-retratil-cecile,Sep 09
uniflex,I,,6,15,< 0.01,2.4K,37,www.flexform.com.br/cadeiras/cadeiras-de-escritorio/cadeira-uni-all-black,Aug 20
poltrona ergonomica,C,,7,15,< 0.01,480,18,www.flexform.com.br/,Jul 30
patins roller,CI,11,7,14,< 0.01,3.6K,23,www.flexform.com.br/cadeiras/cadeiras-de-escritorio/roller-black,2 days
flex form,IN,,9,14,< 0.01,4.4K,42,www.flexform.com.br/,Sep 14
flex form,IN,,9,14,< 0.01,4.4K,42,www.flexform.com.br/cadeiras/cadeiras-de-escritorio,Sep 14
sofa camas casal 2 lugares,C,2,9,14,< 0.01,480,14,www.flexform.com.br/moveis/sala/sofas/sofa-2-lugares-vittoria,Aug 25
ergonômica cadeira,I,2,8,14,< 0.01,320,26,www.flexform.com.br/,Sep 05
cadeira de escritorio em recife,C,1,5,14,< 0.01,110,16,www.flexform.com.br/,Aug 03
cadeira escritorio em promoção,C,2,8,14,< 0.01,320,25,www.flexform.com.br/cadeiras/cadeiras-de-escritorio,Sep 08
cadeira confortavel escritorio,I,,7,14,< 0.01,720,31,www.flexform.com.br/,Aug 29
cadeira ergonomica home office,I,,7,14,< 0.01,2.4K,28,www.flexform.com.br/,3 days
lojas que vendem cadeiras de escritorio,C,1,6,14,< 0.01,110,30,www.flexform.com.br/,Aug 27
geos blue atriz,I,1,4,14,< 0.01,110,10,www.flexform.com.br/cadeiras/cadeiras-fixas/cadeira-geos-blue,1 day
poltrona de auditório,C,1,6,14,< 0.01,110,4,www.flexform.com.br/institucional/auditorio/poltrona-de-auditorio-eventum-free,Aug 04
cadeira para computado,I,3,7,14,< 0.01,590,27,www.flexform.com.br/,Sep 12
cadeira escritorio ortopedica,C,1,8,14,< 0.01,110,20,www.flexform.com.br/,Aug 29
marca de cadeira de escritório,I,1,9,14,< 0.01,110,23,www.flexform.com.br/,4 days
cadeira flex,T,3,11,14,< 0.01,590,19,www.flexform.com.br/,Jul 29
cadeiras area gourmet,I,1,7,14,< 0.01,480,24,www.flexform.com.br/moveis/area-gourmet/conjuntos-area-gourmet?_limit=100,Jul 28
lojas de cadeiras de escritório,C,1,8,14,< 0.01,110,21,www.flexform.com.br/,Aug 05
cadeira de escritorio black friday,C,2,5,14,< 0.01,110,17,www.flexform.com.br/black-friday,Sep 06
mesa e cadeira escritório,CI,1,7,14,< 0.01,110,21,www.flexform.com.br/,Jul 29
cadeira eacritorio,C,1,7,14,< 0.01,110,25,www.flexform.com.br/cadeiras/cadeiras-de-escritorio,Aug 18
cadeira escritorio ergometrica,C,1,7,14,< 0.01,110,21,www.flexform.com.br/,Aug 07
cadeira escritorio black friday,C,2,4,14,< 0.01,110,19,www.flexform.com.br/black-friday,Aug 03
cadeira de dentista,I,12,6,14,< 0.01,2.9K,12,www.flexform.com.br/cadeiras/cadeiras-de-escritorio/cadeira-my-chair-platinum-grey,2 days
cadeira de escrito,C,1,6,14,< 0.01,110,25,www.flexform.com.br/cadeiras/cadeiras-de-escritorio,Sep 12
cadeira computadores,I,3,7,14,< 0.01,480,24,www.flexform.com.br/cadeiras/cadeiras-de-escritorio,2 days
cadeira escritorio recife,C,1,5,14,< 0.01,110,20,www.flexform.com.br/,Aug 09
cadeira gamer cara,C,2,7,14,< 0.01,320,31,www.flexform.com.br/gaming,Aug 09
flexform spa,N,8,5,14,< 0.01,2.9K,33,www.flexform.com.br/moveis,Jul 29
cadeiras ergonômicas para home office,C,1,9,14,< 0.01,110,33,www.flexform.com.br/,4 days
cadeiras para escritorio manaus,C,1,4,14,< 0.01,110,19,www.flexform.com.br/,Aug 26
mesa escritório,IT,18,6,14,< 0.01,9.9K,17,www.flexform.com.br/moveis/escritorio/mesa-de-escritorio,Sep 13
marca de cadeira de escritorio,CI,1,7,14,< 0.01,110,13,www.flexform.com.br/,Aug 31
cadeira para comutador,T,1,7,14,< 0.01,110,29,www.flexform.com.br/,Aug 28
marca cadeira escritorio,I,1,7,14,< 0.01,110,26,www.flexform.com.br/,Sep 05
cadeira esceitorio,C,1,7,14,< 0.01,110,23,www.flexform.com.br/cadeiras/cadeiras-de-escritorio,Aug 06
cadeira com apoio,I,1,7,14,< 0.01,110,16,www.flexform.com.br/cadeiras/cadeiras-de-escritorio,Sep 02
cadeira estudo confortável,CI,,11,14,< 0.01,720,23,www.flexform.com.br/,Aug 10
cadeira para escritório flexform,NT,2,7,14,< 0.01,1K,27,www.flexform.com.br/,Aug 25
flexform cadeiras,NT,5,7,14,< 0.01,2.4K,36,www.flexform.com.br/gaming,Aug 22
cadeira executiva escritório,I,1,9,14,< 0.01,110,14,www.flexform.com.br/cadeiras/cadeiras-de-escritorio,Jul 31
cadeiras gamer com apoio de cabeça,CI,1,7,14,< 0.01,110,23,www.flexform.com.br/gaming,Sep 08
turtles all the,IT,9,9,14,< 0.01,2.9K,43,www.flexform.com.br/cadeiras/cadeiras-de-escritorio/cadeira-dot-all-black,2 days
cadeiras para gaming,C,1,7,14,< 0.01,110,31,www.flexform.com.br/gaming,Sep 07
cadeira ergnomica,C,1,8,14,< 0.01,110,14,www.flexform.com.br/,Sep 01
cadeiras de escritorio recife,C,1,4,14,< 0.01,110,21,www.flexform.com.br/,Sep 10
cadeira para escritório preta,C,1,5,14,< 0.01,110,21,www.flexform.com.br/cadeiras/cadeiras-de-escritorio,Jul 29
cadeira de escritorioi,C,1,7,14,< 0.01,110,21,www.flexform.com.br/cadeiras/cadeiras-de-escritorio,4 days
cadeiras de escritórios confortáveis,C,1,9,14,< 0.01,110,30,www.flexform.com.br/,1 day
cadeira para escritório giratória,I,3,8,14,< 0.01,480,22,www.flexform.com.br/cadeiras/cadeiras-de-escritorio,Aug 27
cadeira de escrit[orio,C,1,7,14,< 0.01,110,20,www.flexform.com.br/cadeiras/cadeiras-de-escritorio,Sep 05
mesa com ajuste de altura,I,5,7,14,< 0.01,1.6K,13,www.flexform.com.br/moveis/escritorio/mesa-de-escritorio/mesa-tech-120-desk-regulagem-eletrica,Aug 21
cadeira de escritório ortopédica,C,1,8,14,< 0.01,110,27,www.flexform.com.br/,Aug 06
cadeira para escrivaninha,I,17,8,14,< 0.01,9.9K,24,www.flexform.com.br/,17 hours
sofá retratil 4 lugares,CI,2,7,14,< 0.01,320,12,www.flexform.com.br/moveis/sala/sofas/sofa-4-lugares-retratil-cecile,Jul 27
marcas de cadeiras de escritorio,C,1,8,14,< 0.01,110,13,www.flexform.com.br/,Aug 02
cadeira escritorio bh,C,1,6,14,< 0.01,110,24,www.flexform.com.br/,Sep 01
mesa regulagem altura,I,,6,14,< 0.01,1.3K,17,www.flexform.com.br/moveis/escritorio/mesa-de-escritorio/mesa-tech-desk-max-140-com-regulagem,Aug 22
cadeiras para trabalhar home office,C,1,9,14,< 0.01,110,21,www.flexform.com.br/,Jul 31
cadeira gamer do corinthians,I,1,7,14,< 0.01,110,22,www.flexform.com.br/gaming/sigma-pro/cadeira-gamer-flexform-sigma-pro-all-black,Aug 09
cadeira presidente cinza,I,1,7,14,< 0.01,110,21,www.flexform.com.br/,Aug 12
cadeira simples de escritório,I,7,4,14,< 0.01,590,22,www.flexform.com.br/cadeiras/cadeiras-de-escritorio,Jul 29
cadeira escritório pequena,I,1,8,14,< 0.01,110,21,www.flexform.com.br/cadeiras/cadeiras-de-escritorio,4 days
conjunto cadeiras para escritorio,CI,1,4,14,< 0.01,110,17,www.flexform.com.br/cadeiras/cadeiras-de-escritorio,Aug 04
cadeiras confortáveis,C,1,8,14,< 0.01,480,21,www.flexform.com.br/,Aug 05
loja escritório,C,1,5,14,< 0.01,110,34,www.flexform.com.br/,Jul 30
cadeiras fixas escritório,I,1,6,13,< 0.01,210,7,www.flexform.com.br/cadeiras/cadeiras-fixas,Aug 07
cadeira para escritorio resistente,CI,1,6,13,< 0.01,170,14,www.flexform.com.br/cadeiras/cadeiras-de-escritorio,Aug 15
cadeira ergonomico,C,1,9,13,< 0.01,170,20,www.flexform.com.br/,Aug 26
loja de cadeira para escritório,C,2,5,13,< 0.01,170,21,www.flexform.com.br/,Aug 08
cadeira home office feminina,I,1,7,13,< 0.01,170,18,www.flexform.com.br/,Sep 13
black widow black widow black widow,I,10,10,13,< 0.01,4.4K,84,www.flexform.com.br/cadeiras/cadeiras-de-escritorio/cadeira-dot-all-black,2 days
cadeira de escritorio confortável,I,1,7,13,< 0.01,210,24,www.flexform.com.br/cadeiras/cadeiras-de-escritorio,Sep 08
cadeira para escrivaninha confortavel,I,1,8,13,< 0.01,210,28,www.flexform.com.br/,Aug 27
cadeira escritorio estofado,I,1,8,13,< 0.01,210,9,www.flexform.com.br/cadeiras/cadeiras-de-escritorio,Aug 07
cadeiras fixa,CI,1,6,13,< 0.01,170,3,www.flexform.com.br/cadeiras/cadeiras-fixas,Aug 10
cadeira estofada escritório,CI,2,7,13,< 0.01,210,17,www.flexform.com.br/cadeiras/cadeiras-de-escritorio,Jul 29
cadeira para mesa de escritório,I,2,6,13,< 0.01,210,26,www.flexform.com.br/,Aug 04
fabricante cadeiras,C,1,7,13,< 0.01,210,22,www.flexform.com.br/,Aug 10
cadeira escritorio tecido,I,2,8,13,< 0.01,210,8,www.flexform.com.br/cadeiras/cadeiras-de-escritorio,Aug 29
tatuador do neymar,I,14,6,13,< 0.01,4.4K,33,www.flexform.com.br/gaming/neymar-jr/cadeira-alpha-pro-neymar,2 days
alpha pro,C,3,7,13,< 0.01,170,17,www.flexform.com.br/gaming/alpha-pro,Jul 29
mobiliario para escritorio,IT,2,8,13,< 0.01,170,12,www.flexform.com.br/,Aug 11
cadeiras de escritorio em bh,C,2,6,13,< 0.01,170,26,www.flexform.com.br/,Sep 03
cadeira conforto,I,1,8,13,< 0.01,170,22,www.flexform.com.br/,Sep 08
cadeiras para secretaria,C,1,6,13,< 0.01,210,19,www.flexform.com.br/cadeiras/cadeiras-de-escritorio,Jul 31
cadeira de escritório bege,I,2,7,13,< 0.01,210,18,www.flexform.com.br/cadeiras/cadeiras-de-escritorio/cadeira-dot-bege,Aug 14
corte de cabelo de neymar,I,12,4,13,< 0.01,4.4K,30,www.flexform.com.br/gaming/neymar-jr/cadeira-alpha-pro-neymar,2 days
u n i sex,C,18,2,13,< 0.01,4.4K,31,www.flexform.com.br/cadeiras/cadeiras-de-escritorio/cadeira-uni-pro-all-black,1 day
u n i sex,C,19,2,13,< 0.01,4.4K,31,www.flexform.com.br/cadeiras/cadeiras-de-escritorio/cadeira-uni-all-black,1 day
cadeira de escritorio secretaria,I,1,7,13,< 0.01,170,15,www.flexform.com.br/cadeiras/cadeiras-de-escritorio,Aug 03
mesas de escritorio grandes,I,1,6,13,< 0.01,170,16,www.flexform.com.br/moveis/escritorio/mesa-de-escritorio,Aug 15
cadeira de escritório sem rodinhas,CI,1,6,13,< 0.01,170,13,www.flexform.com.br/,Aug 28
cadeira escritório preta,I,2,6,13,< 0.01,210,18,www.flexform.com.br/,Aug 08
cadeira estudo confortável,CI,3,11,13,< 0.01,720,23,www.flexform.com.br/,Aug 10
cadeira ergometrica para home office,CI,1,8,13,< 0.01,170,24,www.flexform.com.br/,Aug 09
cadeira de escritório reclinável,I,1,7,13,< 0.01,170,18,www.flexform.com.br/cadeiras/cadeiras-de-escritorio,Jul 31
cadeiras acolchoadas para escritorio,CI,1,5,13,< 0.01,210,12,www.flexform.com.br/cadeiras/cadeiras-de-escritorio,Aug 04
escrivaninha com regulagem de altura,I,,8,13,< 0.01,210,17,www.flexform.com.br/moveis/escritorio/mesa-de-escritorio/mesa-tech-desk-max-140-com-regulagem,Aug 06
cadeira escritório preto,C,2,5,13,< 0.01,210,22,www.flexform.com.br/,Aug 09
sofás modulares,I,1,7,13,< 0.01,210,13,www.flexform.com.br/moveis/sala/sofas-modulares,Sep 07
cadeira de escritorio ergonomica e confortavel,I,,8,13,< 0.01,390,29,www.flexform.com.br/,Aug 14
cadeira confortável para trabalhar,I,,8,13,< 0.01,390,23,www.flexform.com.br/,Sep 14
cadeira gamer preta,I,6,8,13,< 0.01,1.9K,35,www.flexform.com.br/gaming,Aug 23
cadeira diretor ergonomica,I,1,7,13,< 0.01,170,13,www.flexform.com.br/,Aug 15
cadeiras de escritorios preços,T,,5,13,< 0.01,390,19,www.flexform.com.br/cadeiras/cadeiras-de-escritorio,Jul 27
cadeira de escritorio confortavel e resistente,I,1,8,13,< 0.01,170,18,www.flexform.com.br/cadeiras/cadeiras-de-escritorio,Sep 05
cadeira escritorio cliente,C,3,6,13,< 0.01,210,18,www.flexform.com.br/cadeiras/cadeiras-de-escritorio,Aug 29
cadeira ergonometrica,C,1,6,13,< 0.01,170,30,www.flexform.com.br/,Aug 31
cadeira executiva ergonomica,C,1,8,13,< 0.01,170,18,www.flexform.com.br/,Aug 07
cadeira de escritório sem braço,CI,1,8,13,< 0.01,170,7,www.flexform.com.br/cadeiras/cadeiras-de-escritorio,Aug 02
cadeira escritório estofada,I,3,7,13,< 0.01,390,9,www.flexform.com.br/cadeiras/cadeiras-de-escritorio,Sep 11
cadeira de escritorio braço,CI,1,5,13,< 0.01,170,2,www.flexform.com.br/cadeiras/cadeiras-de-escritorio,Jul 29
cadeira confortavel para trabalho,I,1,8,13,< 0.01,210,27,www.flexform.com.br/,Sep 13
tecton,I,,7,13,< 0.01,390,15,www.flexform.com.br/cadeiras/cadeiras-de-escritorio/cadeira-tecton-hd-graphite-n-coff,Sep 03
sofa modulo,IT,2,9,13,< 0.01,390,14,www.flexform.com.br/moveis/sala/sofas-modulares,Jul 27
altura de sofa,I,,8,13,< 0.01,210,13,www.flexform.com.br/moveis/sala/sofas/elisabeth-3-lugares,Aug 31
cadeiras fixas para escritório,C,1,7,13,< 0.01,170,13,www.flexform.com.br/cadeiras/cadeiras-fixas,Aug 17
cadeiras de secretaria,I,1,6,13,< 0.01,210,20,www.flexform.com.br/cadeiras/cadeiras-de-escritorio,4 days
cadeiras escritorios,T,1,8,13,< 0.01,170,30,www.flexform.com.br/cadeiras/cadeiras-de-escritorio,19 hours
sofa quatro lugares,I,1,7,13,< 0.01,210,14,www.flexform.com.br/moveis/sala/sofas/sofa-4-lugares-retratil-cecile,Sep 13
comprar cadeira gamer,T,3,5,13,< 0.01,210,30,www.flexform.com.br/gaming,Jul 28
flexform it,N,5,4,13,< 0.01,1.3K,42,www.flexform.com.br/,Sep 01
preco cadeira escritorio,T,1,5,13,< 0.01,210,15,www.flexform.com.br/cadeiras/cadeiras-de-escritorio,Aug 04
fabricantes de cadeiras,C,1,6,13,< 0.01,170,23,www.flexform.com.br/,Sep 01
loja de cadeiras para escritório,C,2,6,13,< 0.01,170,21,www.flexform.com.br/,Aug 08
cadeira escritorio comprar,T,1,6,13,< 0.01,210,26,www.flexform.com.br/cadeiras/cadeiras-de-escritorio,Sep 12
cadeira delta,CI,3,9,13,< 0.01,210,8,www.flexform.com.br/gaming/cadeira-flexform-delta-black,Jul 31
cadeiras estofadas escritorio,CI,2,8,13,< 0.01,390,16,www.flexform.com.br/cadeiras/cadeiras-de-escritorio,Aug 30
flexform uni me,I,1,7,12,< 0.01,480,32,www.flexform.com.br/cadeiras/cadeiras-de-escritorio/cadeira-uni-all-black,4 days
mesa regulavel,C,,7,12,< 0.01,880,23,www.flexform.com.br/moveis/escritorio/mesa-de-escritorio/mesa-tech-desk-max-140-com-regulagem,Aug 19
flexform garantia,I,,5,12,< 0.01,110,19,www.flexform.com.br/institucional/termos-e-condicoes,Aug 30
cadeira ergonomica flexform,NT,2,6,12,< 0.01,720,43,www.flexform.com.br/cadeiras,Sep 12
nan supreme pro 0 a 6 meses,I,12,8,12,< 0.01,8.1K,20,www.flexform.com.br/cadeiras/cadeiras-de-escritorio/cadeira-uni-pro-black-n-grey,2 days
nan supreme pro 0 a 6 meses,I,19,8,12,< 0.01,8.1K,20,www.flexform.com.br/cadeiras/cadeiras-de-escritorio/cadeira-uni-pro-black-n-grey,2 days
cadeira de escritorio boa,I,,9,12,< 0.01,210,21,www.flexform.com.br/,Aug 04
cadeira flex form,NT,2,7,12,< 0.01,720,27,www.flexform.com.br/,Aug 28
empresa flexform,I,,7,12,< 0.01,110,31,www.flexform.com.br/institucional/trabalhe-conosco,Aug 09
cadeira confortável para escritório,I,,8,12,< 0.01,590,34,www.flexform.com.br/,Sep 02
cadeira para home office confortavel,I,,8,12,< 0.01,210,26,www.flexform.com.br/,Aug 03
cadeira flexform é boa,I,2,8,11,< 0.01,170,30,www.flexform.com.br/,Aug 18
desk pad,CI,8,7,11,< 0.01,1.3K,13,www.flexform.com.br/decoracao-e-acessorios/deskpad,Aug 23
cadeira de escritorio ortopedica,C,1,7,11,< 0.01,140,20,www.flexform.com.br/,Aug 30
carregador indicao,I,2,8,11,< 0.01,170,26,www.flexform.com.br/decoracao-e-acessorios/carregador-de-inducao/product-one,Aug 27
sofá-cama 2 lugares,CI,4,6,11,< 0.01,590,18,www.flexform.com.br/moveis/sala/sofas/sofa-2-lugares-vittoria,Jul 27
sofa de 4 lugares retratil,I,1,7,11,< 0.01,140,11,www.flexform.com.br/moveis/sala/sofas/sofa-4-lugares-retratil-cecile,Aug 08
cadeira escritorio gamer,C,4,6,11,< 0.01,480,42,www.flexform.com.br/gaming,Sep 03
cadeiras de escritorio bh,C,1,5,11,< 0.01,170,26,www.flexform.com.br/,Sep 12
cadeira d,CI,1,7,11,< 0.01,140,21,www.flexform.com.br/,Aug 13
cadeira de escritório ergonomica -mk-6502,C,1,6,11,< 0.01,90,23,www.flexform.com.br/,3 days
cadeira ergométrica para escritório,I,1,7,11,< 0.01,390,26,www.flexform.com.br/,Aug 12
cadeira escritorio confortavel,CI,,8,11,< 0.01,6.6K,37,www.flexform.com.br/,4 days
cadeiras de escritorio baratas,C,4,7,11,< 0.01,480,27,www.flexform.com.br/cadeiras/cadeiras-de-escritorio,Aug 24
cadeira escritorio giratoria,CI,4,10,11,< 0.01,480,20,www.flexform.com.br/cadeiras/cadeiras-de-escritorio,Sep 11
cadeira de escritorio regulavel,I,1,7,11,< 0.01,90,21,www.flexform.com.br/cadeiras/cadeiras-de-escritorio,Aug 31
cadeiras de jogo,I,2,8,11,< 0.01,320,22,www.flexform.com.br/gaming,Aug 28
cadeira com braço tramontina,I,1,8,11,< 0.01,90,16,www.flexform.com.br/,Aug 11
iphone 13:pro max,I,10,7,11,< 0.01,1.6K,38,www.flexform.com.br/gaming/sigma-pro/cadeira-gamer-flexform-sigma-2-pro-blue,2 days
cadeira de escritorio cara,C,2,9,11,< 0.01,90,27,www.flexform.com.br/cadeiras/cadeiras-de-escritorio,Aug 27
marca de cadeira,I,1,9,11,< 0.01,90,33,www.flexform.com.br/,Aug 01
cadeiras giratórias para escritório,C,3,8,11,< 0.01,480,25,www.flexform.com.br/cadeiras/cadeiras-de-escritorio,Aug 28
cadeira de trabalho ergonomica,I,1,8,11,< 0.01,90,23,www.flexform.com.br/,Aug 14
matrix cadeira,I,1,9,11,< 0.01,140,22,www.flexform.com.br/cadeiras/cadeiras-fixas/cadeira-matrix-all-black,Jul 30
cadeira lilas,I,2,8,11,< 0.01,260,22,www.flexform.com.br/cadeiras/cadeiras-de-escritorio/cadeira-dot-purple,Sep 08
fabricante de cadeira,C,1,6,11,< 0.01,170,n/a,www.flexform.com.br/,2 days
cadeira escritorio moderna,CI,1,7,11,< 0.01,140,21,www.flexform.com.br/cadeiras/cadeiras-de-escritorio,Aug 06
poltrona auditorio,CI,2,6,11,< 0.01,140,3,www.flexform.com.br/institucional/auditorio/poltrona-de-auditorio-eventum-free,Jul 29
cadeiras para escritorio em campinas,C,2,6,11,< 0.01,140,33,www.flexform.com.br/,Aug 14
cadeira dot bege,I,1,7,11,< 0.01,90,29,www.flexform.com.br/cadeiras/cadeiras-de-escritorio/cadeira-dot-bege,Aug 13
cadeira de escritório executiva,I,1,6,11,< 0.01,140,7,www.flexform.com.br/cadeiras/cadeiras-de-escritorio,Sep 05
onde comprar cadeira de escritório,T,2,5,11,< 0.01,140,30,www.flexform.com.br/,Aug 01
marcas de cadeira de escritorio,I,2,9,11,< 0.01,260,21,www.flexform.com.br/,Aug 26
cadeira de escritorio em promocao,C,2,5,11,< 0.01,140,27,www.flexform.com.br/cadeiras/cadeiras-de-escritorio,Aug 07
cadeira de escritorio vermelha,CI,1,6,11,< 0.01,140,16,www.flexform.com.br/cadeiras/cadeiras-de-escritorio,Aug 06
cadeiras de escritório em recife,C,1,5,11,< 0.01,90,22,www.flexform.com.br/,Aug 16
cadeira argonomica,C,1,8,11,< 0.01,90,24,www.flexform.com.br/,Sep 01
cadeiras para escritorio fortaleza,C,3,7,11,< 0.01,170,21,www.flexform.com.br/,Aug 13
cadeira ergonomica],C,1,6,11,< 0.01,90,20,www.flexform.com.br/,Jul 26
cadeira ergonomica pequena,CI,1,7,11,< 0.01,90,26,www.flexform.com.br/,Aug 30
cadeira escritório promoção,C,2,7,11,< 0.01,140,24,www.flexform.com.br/cadeiras/cadeiras-de-escritorio,Jul 29
cadeira de excritorio,IT,1,6,11,< 0.01,90,19,www.flexform.com.br/cadeiras/cadeiras-de-escritorio,Sep 04
cadeira reunião,I,3,7,11,< 0.01,260,7,www.flexform.com.br/cadeiras/cadeiras-de-escritorio,Sep 01
cadeira com braço escritorio,I,1,8,11,< 0.01,170,12,www.flexform.com.br/cadeiras/cadeiras-de-escritorio,Sep 02
cadeira de escritorio compacta,C,1,7,11,< 0.01,90,23,www.flexform.com.br/,Aug 18
cadeira fixa de escritório,I,2,7,11,< 0.01,170,9,www.flexform.com.br/cadeiras/cadeiras-fixas,Aug 06
cadeir ergonomica,C,1,7,11,< 0.01,140,21,www.flexform.com.br/,Sep 15
mesa.escritorio,C,3,4,11,< 0.01,170,17,www.flexform.com.br/moveis/escritorio/mesa-de-escritorio,Jul 30
cadeira para escritorio com braço,I,1,6,11,< 0.01,170,8,www.flexform.com.br/cadeiras/cadeiras-de-escritorio,Jul 29
cadeira ergonómica escritório,C,2,8,11,< 0.01,260,28,www.flexform.com.br/,Aug 15
mesa com regulagem de altura elétrica,I,,8,11,< 0.01,1.9K,21,www.flexform.com.br/moveis/escritorio/mesa-de-escritorio/mesa-tech-desk-max-140-com-regulagem,Aug 22
cadeira trabalho home office,C,1,8,11,< 0.01,90,16,www.flexform.com.br/,Aug 06
sofa retrátil 4 lugares,I,2,9,11,< 0.01,590,12,www.flexform.com.br/moveis/sala/sofas/sofa-4-lugares-retratil-cecile,Sep 14
cadeira de escritorio clara,I,1,6,11,< 0.01,140,15,www.flexform.com.br/cadeiras/cadeiras-de-escritorio,Jul 29
sofa modulado,I,10,7,11,< 0.01,1.6K,17,www.flexform.com.br/moveis/sala/sofas/sofa-agora-1-branco,Aug 25
cadeira mesa de estudos,C,7,4,11,< 0.01,480,19,www.flexform.com.br/cadeiras/cadeiras-de-escritorio,Jul 27
cadeira secretária ergonômica,C,1,7,11,< 0.01,90,20,www.flexform.com.br/,Aug 27
cadeira para estudo ergonomica,I,1,8,11,< 0.01,90,27,www.flexform.com.br/,Sep 06
poltona,C,2,8,11,< 0.01,390,20,www.flexform.com.br/moveis/sala/poltronas,Aug 05
cadeiras para escritorio secretaria,CI,1,6,11,< 0.01,140,20,www.flexform.com.br/cadeiras/cadeiras-de-escritorio,Aug 05
poltrona ergometrica,CI,1,6,11,< 0.01,90,12,www.flexform.com.br/,Sep 04
mesa de trabalho escritorio,I,1,7,11,< 0.01,170,19,www.flexform.com.br/moveis/escritorio/mesa-de-escritorio,Aug 28
cadeiras profissionais,C,1,7,11,< 0.01,140,14,www.flexform.com.br/cadeiras/cadeiras-de-escritorio,Jul 30
cadeira ergonomica sem rodinha,CI,2,6,11,< 0.01,140,13,www.flexform.com.br/,Aug 06
tamanho sofá 4 lugares,CI,1,6,11,< 0.01,140,9,www.flexform.com.br/moveis/sala/sofas/sofa-4-lugares-retratil-cecile,Sep 13
cadeira de escritorio basica,I,2,8,11,< 0.01,170,22,www.flexform.com.br/cadeiras/cadeiras-de-escritorio,Sep 02
caseira escritorio,C,1,6,11,< 0.01,90,19,www.flexform.com.br/cadeiras/cadeiras-de-escritorio,Jul 25
cadeira presidente flexform,IT,,6,11,< 0.01,90,21,www.flexform.com.br/institucional/cadeira-de-escritorio/cadeira-de-escritorio-paris,Sep 12
cadeira presidente flexform,IT,,6,11,< 0.01,90,21,www.flexform.com.br/cadeiras/cadeiras-de-escritorio/cadeira-lite,Sep 12
cadeira presidente flexform,IT,,6,11,< 0.01,90,21,www.flexform.com.br/institucional/cadeira-de-escritorio/cadeira-de-escritorio-paris,Sep 12
cadeira rodinha escritorio,I,2,6,11,< 0.01,260,19,www.flexform.com.br/cadeiras/cadeiras-de-escritorio,Sep 11
cadeira escritorio secretaria,CI,2,6,11,< 0.01,390,21,www.flexform.com.br/,Aug 26
sofá curvo 4 lugares,I,1,7,11,< 0.01,140,21,www.flexform.com.br/moveis/sala/sofas/sofa-4-lugares-c1,Aug 10
cadeira de escritorio manaus,C,2,5,11,< 0.01,140,19,www.flexform.com.br/,Sep 13
cadeira escritorio azul,CI,7,6,11,< 0.01,590,13,www.flexform.com.br/cadeiras/cadeiras-de-escritorio/cadeira-plus-dark-blue,Jul 27
cadeiras de escritorio bege,IT,1,6,11,< 0.01,90,14,www.flexform.com.br/cadeiras/cadeiras-de-escritorio/cadeira-dot-bege,Aug 05
cama/sofa,I,4,6,11,< 0.01,480,21,www.flexform.com.br/moveis/sala/sofas/sofa-bela,Jul 31
cadeira de escritório ergonómica,CI,2,9,11,< 0.01,320,24,www.flexform.com.br/,Sep 12
cadeiras e poltronas para escritorio,I,2,8,11,< 0.01,390,21,www.flexform.com.br/,Aug 26
sofa cinza 2 lugares,I,3,7,11,< 0.01,320,17,www.flexform.com.br/moveis/sala/sofas/audrey-2-lugares-cinza,Sep 06
okamura,I,3,8,11,< 0.01,170,42,www.flexform.com.br/cadeiras/cadeiras-de-escritorio/cadeira-okamura-contessa-seconda-white,Sep 01
cadeira escritorio com rodinhas,I,3,7,11,< 0.01,320,20,www.flexform.com.br/cadeiras/cadeiras-de-escritorio,Aug 27
cadeira de escritorio preco,T,1,7,11,< 0.01,140,21,www.flexform.com.br/cadeiras/cadeiras-de-escritorio,Sep 03
sofá-cama 3 lugares,T,4,6,11,< 0.01,480,19,www.flexform.com.br/moveis/sala/sofas/sofa-bela,Jul 28
puffs bancos,CI,2,6,11,< 0.01,260,8,www.flexform.com.br/moveis/sala/puffs/bancos,Aug 14
cadeiras tela,C,1,7,11,< 0.01,140,7,www.flexform.com.br/cadeiras/cadeiras-de-escritorio,Sep 05
cadeira de.escritorio,C,1,5,11,< 0.01,90,23,www.flexform.com.br/cadeiras/cadeiras-de-escritorio,Aug 08
flexform uni,IT,6,8,11,< 0.01,1.9K,25,www.flexform.com.br/cadeiras/cadeiras-de-escritorio/cadeira-uni-white-n-grey,Aug 22
cadeiras para,C,1,8,11,< 0.01,320,22,www.flexform.com.br/,Sep 13
pads for desk,C,5,6,11,< 0.01,480,29,www.flexform.com.br/decoracao-e-acessorios/deskpad,Sep 13
cadeiras confortaveis para escritorio,CI,1,8,11,< 0.01,140,24,www.flexform.com.br/cadeiras/cadeiras-de-escritorio,Aug 08
cadeira de escritório sem rodas,CI,1,6,11,< 0.01,90,12,www.flexform.com.br/,Sep 05
cadeira de escritorio de plastico,I,1,6,11,< 0.01,140,18,www.flexform.com.br/cadeiras/cadeiras-de-escritorio,Aug 01
cadeira ergonômica escritorio,C,1,8,11,< 0.01,140,31,www.flexform.com.br/,Aug 01
loja que vende cadeira de escritório,C,1,6,11,< 0.01,90,25,www.flexform.com.br/,Sep 04
cadeira de escritotio,C,1,8,11,< 0.01,90,24,www.flexform.com.br/cadeiras/cadeiras-de-escritorio,Aug 16
sereia de escritorio,IT,2,5,11,< 0.01,170,n/a,www.flexform.com.br/moveis/escritorio/mesa-de-escritorio,2 days
cadeira escritorio home office,C,1,9,11,< 0.01,90,21,www.flexform.com.br/,Jul 28
fabrica de cadeiras para escritorio,C,1,7,11,< 0.01,90,25,www.flexform.com.br/,Aug 29
cadeira para escritorio black friday,C,2,6,11,< 0.01,140,26,www.flexform.com.br/black-friday,Sep 14
cadeira para escritorii,C,1,7,11,< 0.01,90,24,www.flexform.com.br/cadeiras/cadeiras-de-escritorio,4 days
cadeira compacta,I,2,7,11,< 0.01,140,19,www.flexform.com.br/,Jul 31
cadeira giratorio escritorio,I,2,6,11,< 0.01,260,21,www.flexform.com.br/cadeiras/cadeiras-de-escritorio,Aug 07
cadeiras para estudo,CI,1,8,11,< 0.01,170,30,www.flexform.com.br/,Sep 03
polyrona,C,2,7,11,< 0.01,260,21,www.flexform.com.br/moveis/sala/poltronas,Sep 01
cadeira giratoria ergonomica,CI,1,7,11,< 0.01,140,21,www.flexform.com.br/,Sep 03
cadera gamer,C,6,5,11,< 0.01,480,36,www.flexform.com.br/gaming,Sep 08
cadeira escritorio acolchoada,I,1,7,11,< 0.01,140,9,www.flexform.com.br/cadeiras/cadeiras-de-escritorio,Aug 08
pontrona,C,2,9,11,< 0.01,390,21,www.flexform.com.br/moveis/sala/poltronas,Aug 03
mobiliario escritorio,T,2,7,11,< 0.01,140,21,www.flexform.com.br/,Aug 17
cadeira escritorio grande,I,1,8,11,< 0.01,90,31,www.flexform.com.br/cadeiras/cadeiras-de-escritorio,Aug 28
cadeiras para escritorio design,C,1,6,11,< 0.01,90,19,www.flexform.com.br/,Aug 09
cadeira ergonomica fixa,I,1,9,11,< 0.01,90,11,www.flexform.com.br/cadeiras/cadeiras-fixas,Sep 05
cadeira confortavel para trabalhar,I,1,8,11,< 0.01,480,21,www.flexform.com.br/,Aug 28
cadeira de escritorio moderna,I,1,8,11,< 0.01,140,27,www.flexform.com.br/cadeiras/cadeiras-de-escritorio,Sep 02
uni all black,I,2,8,11,< 0.01,140,19,www.flexform.com.br/cadeiras/cadeiras-de-escritorio/cadeira-uni-pro-all-black,Sep 06
cadeira de plastico escritorio,I,2,7,11,< 0.01,260,15,www.flexform.com.br/cadeiras/cadeiras-de-escritorio,Aug 27
cadera ergonomica,C,1,7,11,< 0.01,90,37,www.flexform.com.br/,Aug 06
cadeira de escritório boa,I,1,8,11,< 0.01,90,24,www.flexform.com.br/,Aug 25
cadeiras para escritorio diretor,C,1,6,11,< 0.01,140,n/a,www.flexform.com.br/cadeiras/cadeiras-de-escritorio,2 days
cadeira de estudo ergonomica,C,1,8,11,< 0.01,90,15,www.flexform.com.br/,Aug 26
cadeira para estudar,I,6,9,11,< 0.01,1.3K,29,www.flexform.com.br/,Aug 24
cadeira fixa para escritório,C,2,7,11,< 0.01,260,12,www.flexform.com.br/cadeiras/cadeiras-fixas,Aug 17
cadeira ergonomica giratoria,C,1,6,11,< 0.01,90,14,www.flexform.com.br/,Sep 04
banco nice,I,1,5,11,< 0.01,90,11,www.flexform.com.br/moveis/sala/poltronas/banco-nice-w,Sep 05
cadeira secretaria fixa,CI,6,7,11,< 0.01,590,7,www.flexform.com.br/cadeiras/cadeiras-fixas,Sep 11
cadeira de escritorio acolchoada,I,3,8,11,< 0.01,260,16,www.flexform.com.br/cadeiras/cadeiras-de-escritorio,Aug 14
cadeira de rodinhas escritorio,I,2,6,11,< 0.01,260,21,www.flexform.com.br/cadeiras/cadeiras-de-escritorio,Sep 13