Keyword,Intent,Position,SF,Traffic,Traffic %,Volume,KD %,URL,Updated
sensetup,N,1,7,3.5K,11.41,4.4K,42,sensetup.com.br/,1 day
cadeira ergonomica,CI,5,7,2.6K,8.55,110K,32,sensetup.com.br/collections/cadeiras-ergonomicas,Sep 14
sensetup a08,I,1,7,1.5K,4.92,1.9K,37,sensetup.com.br/products/cadeira-ergonomica-a08-premium,Sep 09
sensetup cosy 03,I,1,7,1.3K,4.14,1.6K,22,sensetup.com.br/products/cadeira-ergonomica-cosy-t03,Sep 12
sensetup cosy t03,C,1,7,1.3K,4.14,1.6K,28,sensetup.com.br/products/cadeira-ergonomica-cosy-t03,Aug 20
cosy t03,CI,1,8,871,2.82,6.6K,32,sensetup.com.br/products/cadeira-ergonomica-cosy-t03,2 days
cozy t03,I,1,7,719,2.33,2.9K,29,sensetup.com.br/products/cadeira-ergonomica-cosy-t03,Jul 28
ergonômica,I,1,6,580,1.88,4.4K,27,sensetup.com.br/collections/cadeiras-ergonomicas,3 days
cadeira ergonomica,CI,,7,572,1.85,110K,32,sensetup.com.br/collections/cadeiras-ergonomicas,Sep 14
cadeira ergonomica escritório,I,3,7,532,1.72,12.1K,33,sensetup.com.br/collections/cadeiras-ergonomicas,Sep 13
mesa com regulagem de altura,I,,8,492,1.59,8.1K,23,sensetup.com.br/collections/mesas-com-regulagem-de-altura,Sep 13
sensetup perfs e5,I,1,6,472,1.53,590,23,sensetup.com.br/products/cadeira-presidente-ergonomica-perfs-e5,Sep 12
cadeira cosy t03,CI,1,6,471,1.52,1.9K,31,sensetup.com.br/products/cadeira-ergonomica-cosy-t03,Aug 22
cosy t03,CI,,8,401,1.30,6.6K,32,sensetup.com.br/products/cadeira-ergonomica-cosy-t03,2 days
cadeira sensetup,CN,1,7,384,1.24,480,37,sensetup.com.br/,Sep 09
cadeira sensetup cosy t03,CI,1,6,312,1.01,390,30,sensetup.com.br/products/cadeira-ergonomica-cosy-t03,Aug 17
mesa com regulagem de altura,I,2,8,283,0.91,8.1K,23,sensetup.com.br/collections/mesas-com-regulagem-de-altura,Sep 13
mesa regulagem de altura,CI,,8,281,0.91,8.1K,18,sensetup.com.br/collections/mesas-com-regulagem-de-altura,Sep 15
cadeira sensetup a08,T,1,8,256,0.82,320,31,sensetup.com.br/products/cadeira-ergonomica-a08-premium,Sep 15
ergonomica,I,1,7,250,0.81,1.9K,21,sensetup.com.br/collections/cadeiras-ergonomicas,Aug 24
cadeira cozy t03,C,1,7,248,0.80,1K,28,sensetup.com.br/products/cadeira-ergonomica-cosy-t03,Aug 25
cosy t03 cadeira,C,1,8,248,0.80,1K,27,sensetup.com.br/products/cadeira-ergonomica-cosy-t03,Aug 21
perfs e5,I,1,5,248,0.80,1K,27,sensetup.com.br/products/cadeira-presidente-ergonomica-perfs-e5,Aug 02
mesa regulagem de altura,CI,3,8,243,0.78,8.1K,18,sensetup.com.br/collections/mesas-com-regulagem-de-altura,Sep 15
cadeira escritório,C,,7,217,0.70,18.1K,24,sensetup.com.br/blogs/artigos/melhores-cadeiras-ergonomicas,Sep 13
sensetup soldis a08,I,1,5,208,0.67,260,29,sensetup.com.br/products/cadeira-ergonomica-a08-premium,Sep 13
sensetup souldis a08,IT,1,7,208,0.67,260,30,sensetup.com.br/products/cadeira-ergonomica-a08-premium,Sep 14
a08 sensetup,IT,1,7,208,0.67,260,18,sensetup.com.br/products/cadeira-ergonomica-a08-premium,4 days
cosy t03,CI,4,8,198,0.64,6.6K,32,sensetup.com.br/products/cadeira-ergonomica-cosy-t03-open-box,2 days
cadeira cosyt03,C,1,7,178,0.57,720,31,sensetup.com.br/products/cadeira-ergonomica-cosy-t03,Aug 20
mesa eletrica,C,3,8,156,0.50,2.4K,24,sensetup.com.br/collections/mesas-com-regulagem-de-altura,Aug 21
ergonômica,I,,6,152,0.49,4.4K,27,sensetup.com.br/collections/cadeiras-ergonomicas,3 days
cadeira a08,C,1,9,146,0.47,590,25,sensetup.com.br/products/cadeira-ergonomica-a08-premium,Sep 14
cadeira de escritório ergonômica sensetup cosy t03 mesh,IT,1,6,136,0.44,170,19,sensetup.com.br/products/cadeira-ergonomica-cosy-t03,Aug 10
sensetup cadeira,CN,1,7,136,0.44,170,28,sensetup.com.br/,Aug 13
mesa de altura regulável,I,3,8,126,0.40,3.6K,17,sensetup.com.br/collections/mesas-com-regulagem-de-altura,Sep 13
soudis a08,I,1,5,119,0.38,480,28,sensetup.com.br/products/cadeira-ergonomica-a08-premium,Sep 14
cozy t03:,I,1,6,119,0.38,480,34,sensetup.com.br/products/cadeira-ergonomica-cosy-t03,Aug 25
libernovo omni,I,1,3,119,0.38,480,23,sensetup.com.br/products/cadeira-ergonomica-libernovo-omni-dynamic,Sep 13
suporte monitor de mesa,I,,7,118,0.38,3.6K,29,sensetup.com.br/products/suporte-monitor-de-mesa-imon-rgb-portas-usb-e-gavetas,2 days
cadeira ergonomica,CI,,7,114,0.36,110K,32,sensetup.com.br/collections/cadeiras-ergonomicas,Sep 14
cadeiras sensetup,CN,1,6,112,0.36,140,35,sensetup.com.br/,4 days
cosy t03 sensetup,I,1,6,112,0.36,140,32,sensetup.com.br/products/cadeira-ergonomica-cosy-t03,Aug 14
sensetup a08 premium,CI,1,6,112,0.36,140,20,sensetup.com.br/products/cadeira-ergonomica-a08-premium,Aug 28
cadeira a08 sensetup,IT,1,8,112,0.36,140,20,sensetup.com.br/products/cadeira-ergonomica-a08-premium,Aug 20
sensetup celentia a161,IT,1,7,112,0.36,140,21,sensetup.com.br/products/cadeira-ergonomica-a161-openbox,Sep 14
cadeira ortopédica,C,3,7,108,0.35,3.6K,15,sensetup.com.br/collections/cadeiras-ergonomicas,Aug 19
mesa regulagem altura,I,3,6,106,0.34,1.3K,17,sensetup.com.br/collections/mesas-com-regulagem-de-altura,Aug 22
almofada para cadeira de escritório,I,2,8,104,0.33,1.6K,23,sensetup.com.br/products/almofada-cadeira-gamer,Aug 22
cadeira ergonômica cosy t03,C,1,5,96,0.31,390,30,sensetup.com.br/products/cadeira-ergonomica-cosy-t03,Sep 06
libernovo,IT,1,7,96,0.31,390,25,sensetup.com.br/products/cadeira-ergonomica-libernovo-omni-dynamic,Sep 13
cadeira ergonômica de escritório cosy t03,C,1,8,96,0.31,390,25,sensetup.com.br/products/cadeira-ergonomica-cosy-t03,Aug 10
cadeira libernovo,I,1,7,96,0.31,390,28,sensetup.com.br/products/cadeira-ergonomica-libernovo-omni-dynamic,Sep 02
cozy t03 cadeira,C,1,6,96,0.31,390,29,sensetup.com.br/products/cadeira-ergonomica-cosy-t03,Sep 02
cosyt03,I,1,6,96,0.31,390,29,sensetup.com.br/products/cadeira-ergonomica-cosy-t03,Jul 28
sensetup cozy t03,I,1,5,88,0.28,110,31,sensetup.com.br/products/cadeira-ergonomica-cosy-t03,Sep 05
mesa sensetup,I,1,9,88,0.28,110,22,sensetup.com.br/products/mesa-com-regulagem-eletrica-de-altura-halec-c,Aug 19
a08 da sensetup,I,1,7,88,0.28,110,19,sensetup.com.br/products/cadeira-ergonomica-a08-premium,17 hours
cadeira ergonomica sensetup,N,1,8,88,0.28,110,28,sensetup.com.br/,Aug 15
cadeira ergonômica sensetup a08,NT,1,7,88,0.28,110,19,sensetup.com.br/products/cadeira-ergonomica-a08-premium,4 days
mesa altura regulável,I,2,8,84,0.27,1.3K,22,sensetup.com.br/collections/mesas-com-regulagem-de-altura,Aug 20
cadeira ergonomica escritorio,C,3,9,83,0.26,1.9K,21,sensetup.com.br/collections/cadeiras-ergonomicas,Aug 20
cozyt03,I,1,8,79,0.25,320,31,sensetup.com.br/products/cadeira-ergonomica-cosy-t03,Aug 25
suporte de mesa monitor,I,,8,79,0.25,3.6K,25,sensetup.com.br/products/suporte-monitor-de-mesa-imon-rgb-portas-usb-e-gavetas,2 days
cadeira ergonômica home office a08 premium,C,1,8,79,0.25,320,28,sensetup.com.br/products/cadeira-ergonomica-a08-premium,Aug 25
mesas eletricas,C,2,6,77,0.24,590,25,sensetup.com.br/collections/mesas-com-regulagem-de-altura,Sep 03
mesa com regulagem de altura manual,I,1,7,77,0.24,590,7,sensetup.com.br/collections/mesas-com-regulagem-de-altura,Jul 28
cupom sensetup,T,,5,76,0.24,390,35,sensetup.com.br/pages/contact,Aug 28
sensetup cosy t03 mesh,IT,1,6,72,0.23,90,11,sensetup.com.br/products/cadeira-ergonomica-cosy-t03,Sep 12
sensetup halec d,IT,1,6,72,0.23,90,21,sensetup.com.br/products/mesa-com-regulagem-de-altura-eletrica-halec-duo,Jul 25
cadeira escritório ergonômica executiva premium sensetup cosy t03,C,1,8,72,0.23,90,30,sensetup.com.br/products/cadeira-ergonomica-cosy-t03,Aug 05
mesa com ajuste de altura,I,3,7,70,0.22,1.6K,13,sensetup.com.br/collections/mesas-com-regulagem-de-altura,Aug 21
cadeira presidente ergonômica,C,2,9,69,0.22,2.9K,12,sensetup.com.br/collections/cadeiras-ergonomicas,3 days
cadeira nr17,CI,4,7,66,0.21,1.9K,21,sensetup.com.br/collections/cadeiras-ergonomicas,Aug 23
nr17 cadeira,I,3,8,66,0.21,1.9K,17,sensetup.com.br/collections/cadeiras-ergonomicas,Aug 21
almofada cadeira gamer,I,2,8,65,0.21,1K,27,sensetup.com.br/products/almofada-cadeira-gamer,Aug 20
perfs,I,1,7,64,0.20,260,31,sensetup.com.br/products/cadeira-presidente-ergonomica-perfs-e5,Sep 04
soudis a08 cadeira,C,1,6,64,0.20,260,29,sensetup.com.br/products/cadeira-ergonomica-a08-premium,Aug 24
libernovo omni:,C,1,5,64,0.20,260,40,sensetup.com.br/products/cadeira-ergonomica-libernovo-omni-dynamic,Sep 15
cadeira presidente ergonômica perfs e5,C,1,8,64,0.20,260,26,sensetup.com.br/products/cadeira-presidente-ergonomica-perfs-e5,Aug 04
cosy t3,I,1,8,64,0.20,260,22,sensetup.com.br/products/cadeira-ergonomica-cosy-t03,Aug 08
cadeira presidente ergonômica,C,,9,63,0.20,2.9K,12,sensetup.com.br/products/cadeira-presidente-ergonomica-perfs-e5,3 days
celentia a161,I,2,8,63,0.20,480,24,sensetup.com.br/products/cadeira-ergonomica-a161-openbox,Aug 18
souldis a08,I,2,6,63,0.20,480,28,sensetup.com.br/products/cadeira-ergonomica-a08-premium,Sep 14
cadeira escritório ergonômica,CI,,8,62,0.20,12.1K,24,sensetup.com.br/collections/cadeiras-ergonomicas,Sep 15
cadeira ergonomica escritório,I,,7,62,0.20,12.1K,33,sensetup.com.br/collections/cadeiras-ergonomicas,Sep 13
cadeira confortável para estudo,I,,11,60,0.19,1K,21,sensetup.com.br/blogs/artigos/cadeira-confortavel-para-estudar,Aug 24
mesa ajuste de altura,CI,2,5,59,0.19,720,8,sensetup.com.br/collections/mesas-com-regulagem-de-altura,Jul 28
mesa eletrica ajustavel,I,2,6,59,0.19,720,22,sensetup.com.br/collections/mesas-com-regulagem-de-altura,Sep 03
cozy t03,I,,7,58,0.18,2.9K,29,sensetup.com.br/products/cadeira-ergonomica-cosy-t03,Jul 28
cadeira ergonomica presidente,I,2,8,57,0.18,2.4K,19,sensetup.com.br/collections/cadeiras-ergonomicas,Aug 11
mesa ajustavel,I,2,8,57,0.18,1.3K,24,sensetup.com.br/collections/mesas-com-regulagem-de-altura,Aug 25
mesa regulavel,C,2,7,57,0.18,880,23,sensetup.com.br/collections/mesas-com-regulagem-de-altura,Aug 19
cadeira confortável para estudar,I,,11,55,0.17,1.6K,27,sensetup.com.br/blogs/artigos/cadeira-confortavel-para-estudar,Aug 25
cadeira de escritorio ergonomica,CI,10,8,54,0.17,18.1K,34,sensetup.com.br/collections/cadeiras-ergonomicas,3 days
cadeira ergonomica presidente,I,,8,52,0.16,2.4K,19,sensetup.com.br/products/cadeira-presidente-ergonomica-perfs-e5,Aug 11
cadeira estudos,IT,6,8,52,0.16,2.4K,23,sensetup.com.br/blogs/artigos/cadeira-confortavel-para-estudar,Aug 23
soldis a08,I,1,7,52,0.16,210,29,sensetup.com.br/products/cadeira-ergonomica-a08-premium,Sep 14
costy t03,I,1,7,52,0.16,210,32,sensetup.com.br/products/cadeira-ergonomica-cosy-t03,Aug 12
cadeir ergnomica,C,4,7,52,0.16,2.4K,28,sensetup.com.br/collections/cadeiras-ergonomicas,Jul 30
cadeira souldis a08,I,1,8,52,0.16,210,30,sensetup.com.br/products/cadeira-ergonomica-a08-premium,4 days
cadeira perfs e5,C,1,6,52,0.16,210,26,sensetup.com.br/products/cadeira-presidente-ergonomica-perfs-e5,Aug 06
cadeira de escritório ergonômica,CI,,9,51,0.16,9.9K,24,sensetup.com.br/collections/cadeiras-ergonomicas,Sep 14
sensetup cupom,T,,6,50,0.16,260,34,sensetup.com.br/pages/contact,Sep 04
sensetup a08,I,2,7,49,0.15,1.9K,37,sensetup.com.br/products/cadeira-ergonomica-a08-premium-openbox,Sep 09
cadeira escritório ergonômica,CI,8,8,48,0.15,12.1K,24,sensetup.com.br/collections/cadeiras-ergonomicas,Sep 15
mesa ergonomica,I,4,8,48,0.15,1.6K,17,sensetup.com.br/collections/mesas-com-regulagem-de-altura,Aug 22
mesa elétrica,CI,2,8,48,0.15,590,20,sensetup.com.br/collections/mesas-com-regulagem-de-altura,Jul 29
melhores cadeiras ergonomicas,C,3,8,45,0.14,1.9K,24,sensetup.com.br/collections/cadeiras-ergonomicas,Aug 24
cadeira ergonomica home office,I,3,7,45,0.14,2.4K,28,sensetup.com.br/collections/cadeiras-ergonomicas,3 days
cadeira ergonômica nr17,C,2,7,44,0.14,1K,16,sensetup.com.br/collections/cadeiras-ergonomicas,Aug 18
perfs e5,I,5,5,44,0.14,1K,27,sensetup.com.br/products/cadeira-presidente-ergonomica-perfs-e5-openbox,Aug 02
cadeira pra jogar por horas,I,,8,43,0.13,1.6K,26,sensetup.com.br/blogs/artigos/cadeira-para-jogar-por-horas-como-escolher,Sep 15
cadeira pra jogar por horas,I,,8,43,0.13,1.6K,26,sensetup.com.br/blogs/artigos/cadeira-para-jogar-por-horas-como-escolher,Sep 15
t03,I,1,8,42,0.13,320,48,sensetup.com.br/products/cadeira-ergonomica-cosy-t03,Sep 12
melhor cadeira ergonômica nr17,C,1,8,42,0.13,320,12,sensetup.com.br/collections/cadeiras-ergonomicas,Aug 16
cosy a08,I,1,6,42,0.13,170,29,sensetup.com.br/products/cadeira-ergonomica-a08-premium,Sep 06
cadeira t03,C,1,10,42,0.13,170,27,sensetup.com.br/products/cadeira-ergonomica-cosy-t03,Aug 04
mesa com regulagem de altura,I,,8,42,0.13,8.1K,23,sensetup.com.br/collections/mesas-com-regulagem-de-altura,Sep 13
mesa com regulagem de altura elétrica,I,4,8,41,0.13,1.9K,21,sensetup.com.br/collections/mesas-com-regulagem-de-altura,Aug 22
cadeira ergonomica mesh,C,2,6,38,0.12,590,13,sensetup.com.br/collections/cadeiras-ergonomicas,Jul 29
cadeiras ergonomicas,C,6,7,37,0.11,2.9K,22,sensetup.com.br/collections/cadeiras-ergonomicas,Sep 12
cadeira confortável para estudar,I,3,11,35,0.11,1.6K,27,sensetup.com.br/blogs/artigos/cadeira-confortavel-para-estudar,Aug 25
mesa que sobe e desce,I,6,9,35,0.11,1.6K,27,sensetup.com.br/collections/mesas-com-regulagem-de-altura,Aug 21
cadeiras ergonomica,C,3,8,35,0.11,1K,30,sensetup.com.br/collections/cadeiras-ergonomicas,Jul 30
cadeira escritório ergonômica executiva premium cosy t03,C,1,7,34,0.11,140,24,sensetup.com.br/products/cadeira-ergonomica-cosy-t03,Aug 13
cadeira ergonômica mesh ercathe a01 premium,C,1,9,34,0.11,140,23,sensetup.com.br/products/cadeira-ergonomica-ercathe-a01-mesh-premium,4 days
a08 cadeira,I,1,9,34,0.11,260,30,sensetup.com.br/products/cadeira-ergonomica-a08-premium,4 days
cosy t 03,C,1,8,34,0.11,140,26,sensetup.com.br/products/cadeira-ergonomica-cosy-t03,Aug 17
cadeira cosy,I,1,7,34,0.11,140,27,sensetup.com.br/products/cadeira-ergonomica-cosy-t03,Aug 07
cosy t03,CI,,8,34,0.11,6.6K,32,sensetup.com.br/products/cadeira-ergonomica-cosy-t03,2 days
cadeira de escritório confortável,I,7,8,33,0.10,6.6K,36,sensetup.com.br/collections/cadeiras-ergonomicas,19 hours
cadeira para escritorio ergonomica,I,7,9,33,0.10,6.6K,27,sensetup.com.br/collections/cadeiras-ergonomicas,4 days
melhores cadeiras escritorio,C,2,7,31,0.10,390,21,sensetup.com.br/blogs/artigos/melhores-cadeiras-ergonomicas,Aug 29
mesa ajustável,I,2,8,31,0.10,390,20,sensetup.com.br/collections/mesas-com-regulagem-de-altura,Aug 17
ergonomicas,I,2,6,31,0.10,720,36,sensetup.com.br/collections/cadeiras-ergonomicas,Sep 01
melhor cadeira ergonomica,C,2,10,30,0.09,880,22,sensetup.com.br/collections/cadeiras-ergonomicas,Jul 29
cosy t03,CI,,8,28,0.09,6.6K,32,sensetup.com.br/products/cadeira-ergonomica-cosy-t03,2 days
cadeira soudis a08,C,1,8,27,0.08,110,28,sensetup.com.br/products/cadeira-ergonomica-a08-premium,Sep 15
mesas com regulagem de altura,I,1,7,27,0.08,210,16,sensetup.com.br/collections/mesas-com-regulagem-de-altura,Aug 07
setup gamer,C,11,9,27,0.08,18.1K,22,sensetup.com.br/blogs/artigos/quanto-custa-um-setup-gamer-completo,4 days
melhores cadeiras ergonomicas 2025,C,1,7,27,0.08,210,21,sensetup.com.br/blogs/artigos/melhores-cadeiras-ergonomicas,Aug 22
luminária monitor,C,2,9,27,0.08,210,22,sensetup.com.br/products/luminaria-monitor-barra-ledbar-lura,Aug 09
cadeira ergonomica a08,I,1,9,27,0.08,110,24,sensetup.com.br/products/cadeira-ergonomica-a08-premium,Sep 05
t03 cosy,I,1,9,27,0.08,110,28,sensetup.com.br/products/cadeira-ergonomica-cosy-t03,Aug 02
cadeira cosy 03,C,1,8,27,0.08,110,28,sensetup.com.br/products/cadeira-ergonomica-cosy-t03,Jul 29
cadeira ergonomica t03,C,1,7,27,0.08,110,28,sensetup.com.br/products/cadeira-ergonomica-cosy-t03,3 days
cadeira para escritorio,T,25,7,27,0.08,18.1K,27,sensetup.com.br/collections/cadeiras-ergonomicas,Sep 14
cadeira ergonômica cozy t03,C,1,5,27,0.08,110,25,sensetup.com.br/products/cadeira-ergonomica-cosy-t03,Sep 12
cadeira libernovo omni,C,1,7,27,0.08,110,27,sensetup.com.br/products/cadeira-ergonomica-libernovo-omni-dynamic,Aug 16
mesa com altura regulável,I,2,8,26,0.08,320,16,sensetup.com.br/collections/mesas-com-regulagem-de-altura,Aug 06
cadeira escritorio confortavel,CI,7,8,26,0.08,6.6K,37,sensetup.com.br/collections/cadeiras-ergonomicas,4 days
melhor cadeira ergonômica,C,2,7,26,0.08,880,19,sensetup.com.br/collections/cadeiras-ergonomicas,Aug 13
mesa altura ajustavel,I,2,6,26,0.08,320,18,sensetup.com.br/collections/mesas-com-regulagem-de-altura,Aug 06
mesa altura regulavel,I,2,7,26,0.08,320,13,sensetup.com.br/collections/mesas-com-regulagem-de-altura,Aug 31
mesa com regulagem,I,3,8,25,0.08,390,14,sensetup.com.br/collections/mesas-com-regulagem-de-altura,Jul 30
ergonomicas,I,,6,24,0.07,720,36,sensetup.com.br/collections/cadeiras-ergonomicas,Sep 01
cadeira ergonomia,CI,,7,24,0.07,720,36,sensetup.com.br/collections/cadeiras-ergonomicas,Sep 13
apoio para os pes,I,7,8,22,0.07,4.4K,11,sensetup.com.br/blogs/artigos/apoio-para-os-pes-beneficios-e-dicas,Sep 14
cadeira ergonomica cosy t03,C,1,8,22,0.07,90,27,sensetup.com.br/products/cadeira-ergonomica-cosy-t03,Aug 11
melhores cadeiras de escritorio,C,5,8,22,0.07,1K,22,sensetup.com.br/blogs/artigos/melhores-cadeiras-ergonomicas,Aug 19
cadeira ergonômica home office a08,C,1,8,22,0.07,90,21,sensetup.com.br/products/cadeira-ergonomica-a08-premium,18 hours
t03 cadeira,C,1,9,22,0.07,90,25,sensetup.com.br/products/cadeira-ergonomica-cosy-t03,Aug 06
almofada para cadeira gamer,I,,8,22,0.07,1K,25,sensetup.com.br/products/almofada-cadeira-gamer,Aug 22
melhores cadeiras ergonômicas para home office,C,1,8,22,0.07,170,14,sensetup.com.br/blogs/artigos/melhores-cadeiras-ergonomicas,Aug 08
cadeira confortável para estudar,I,,11,21,0.06,1.6K,27,sensetup.com.br/blogs/artigos/cadeira-confortavel-para-estudar,Aug 25
cozy t03,I,,7,21,0.06,2.9K,29,sensetup.com.br/products/cadeira-ergonomica-cosy-t03,Jul 28
cadeira para escritório ergonomica,C,3,5,21,0.06,480,19,sensetup.com.br/collections/cadeiras-ergonomicas,Jul 28
perfs,I,3,7,21,0.06,260,31,sensetup.com.br/products/cadeira-presidente-ergonomica-perfs-e5-openbox,Sep 04
mesas com regulagem de altura elétrica,I,2,6,21,0.06,260,17,sensetup.com.br/collections/mesas-com-regulagem-de-altura,Aug 07
cadeira home office,C,4,9,21,0.06,3.6K,36,sensetup.com.br/collections/cadeiras-ergonomicas,Sep 12
melhor marca de cadeira de escritorio,C,2,8,20,0.06,320,23,sensetup.com.br/collections/cadeiras-ergonomicas,Sep 04
altura da cadeira,I,1,9,20,0.06,320,10,sensetup.com.br/blogs/artigos/tamanho-de-cadeira-para-escritorio,Aug 10
melhores marcas de cadeira de escritório,C,2,8,20,0.06,320,19,sensetup.com.br/collections/cadeiras-ergonomicas,Sep 04
mesa regulável,I,2,8,20,0.06,320,14,sensetup.com.br/collections/mesas-com-regulagem-de-altura,Aug 14
cadeiras nr17,CI,3,7,20,0.06,320,18,sensetup.com.br/collections/cadeiras-ergonomicas,Aug 08
mesa ajustavel altura,I,2,8,20,0.06,320,21,sensetup.com.br/collections/mesas-com-regulagem-de-altura,Aug 17
cadeira escritorio confortavel,CI,8,8,19,0.06,6.6K,37,sensetup.com.br/collections/cadeiras-ergonomicas,4 days
cadeira para home office,I,3,7,19,0.06,880,29,sensetup.com.br/collections/cadeiras-ergonomicas,Aug 21
almofada para cadeira gamer,I,4,8,19,0.06,1K,25,sensetup.com.br/products/almofada-cadeira-gamer,Aug 22
mesa com ajuste de altura,I,,7,19,0.06,1.6K,13,sensetup.com.br/collections/mesas-com-regulagem-de-altura,Aug 21
cadeira de escritório confortável,I,8,8,19,0.06,6.6K,36,sensetup.com.br/collections/cadeiras-ergonomicas,19 hours
cadeira ergonômica para coluna,I,4,10,18,0.05,3.6K,21,sensetup.com.br/collections/cadeiras-ergonomicas,Aug 23
melhores marcas de cadeira ergonomica,C,1,8,18,0.05,140,17,sensetup.com.br/collections/cadeiras-ergonomicas,Aug 06
cadeira de escritório,I,28,7,18,0.05,27.1K,26,sensetup.com.br/collections/cadeiras-ergonomicas,3 days
mesa escritorio regulagem de altura,CI,2,8,17,0.05,210,19,sensetup.com.br/collections/mesas-com-regulagem-de-altura,Jul 28
cadeira anatomica,I,,8,17,0.05,260,9,sensetup.com.br/collections/cadeiras-ergonomicas,Jul 29
mesa com altura ajustável,I,2,7,17,0.05,210,16,sensetup.com.br/collections/mesas-com-regulagem-de-altura,Jul 29
cadeira ergonômica,CI,6,8,17,0.05,9.9K,33,sensetup.com.br/collections/cadeiras-ergonomicas,3 days
cadeira ergonomica nr17,C,3,7,17,0.05,720,14,sensetup.com.br/collections/cadeiras-ergonomicas,Sep 06
cupom de desconto sensetup,T,,8,17,0.05,90,21,sensetup.com.br/collections/all,Aug 17
mesa ajuste altura,CI,2,7,17,0.05,210,14,sensetup.com.br/collections/mesas-com-regulagem-de-altura,Aug 31
mesa regulavel de altura,I,2,7,17,0.05,210,12,sensetup.com.br/collections/mesas-com-regulagem-de-altura,Aug 14
cadeira ergonimica,C,5,7,17,0.05,590,35,sensetup.com.br/collections/cadeiras-ergonomicas,Sep 07
postura correta para sentar,I,,9,16,0.05,390,19,sensetup.com.br/blogs/artigos/postura-correta-para-sentar-na-frente-do-computador,Sep 12
apoio para os pés,CI,9,8,16,0.05,5.4K,11,sensetup.com.br/blogs/artigos/apoio-para-os-pes-beneficios-e-dicas,4 days
ergonomia da cadeira,I,,8,16,0.05,480,10,sensetup.com.br/collections/cadeiras-ergonomicas,Aug 31
mesa de escritorio com regulagem de altura,I,2,8,16,0.05,260,18,sensetup.com.br/collections/mesas-com-regulagem-de-altura,Aug 13
mesa de escritório com regulagem de altura,I,2,8,16,0.05,260,16,sensetup.com.br/collections/mesas-com-regulagem-de-altura,Sep 12
apoio de pes,I,9,8,16,0.05,5.4K,11,sensetup.com.br/blogs/artigos/apoio-para-os-pes-beneficios-e-dicas,Sep 14
a08 cadeira,I,,9,15,0.04,260,30,sensetup.com.br/products/cadeira-ergonomica-a08-premium,4 days
cadeira ergonomia,CI,3,7,15,0.04,720,36,sensetup.com.br/collections/cadeiras-ergonomicas,Sep 13
cadeira ergométrica,C,8,7,14,0.04,2.9K,34,sensetup.com.br/collections/cadeiras-ergonomicas,Aug 25
mesa regulagem,I,4,6,14,0.04,480,15,sensetup.com.br/collections/mesas-com-regulagem-de-altura,Aug 13
braço para cadeira escritorio,I,4,6,14,0.04,590,21,sensetup.com.br/blogs/artigos/apoio-de-bracos-de-cadeira-de-escritorio-diferencas,Sep 13
melhores marcas de cadeiras ergonomicas,C,1,7,14,0.04,110,12,sensetup.com.br/collections/cadeiras-ergonomicas,Aug 17
ergonômicas,I,4,7,14,0.04,480,29,sensetup.com.br/collections/cadeiras-ergonomicas,Jul 29
cadeira cozy,I,1,7,14,0.04,110,13,sensetup.com.br/products/cadeira-ergonomica-cosy-t03,Aug 05
tampo de mesa 180x70,IT,1,7,14,0.04,110,7,sensetup.com.br/products/tampo-de-mesa-ergonomico-180x70,3 days
mesa 180x70,I,3,8,14,0.04,320,22,sensetup.com.br/products/tampo-de-mesa-ergonomico-180x70,Aug 13
ergonomia cadeira,I,2,10,14,0.04,320,22,sensetup.com.br/collections/cadeiras-ergonomicas,Aug 30
o que é cadeira ergonomica,I,1,9,14,0.04,320,15,sensetup.com.br/collections/cadeiras-ergonomicas,Aug 07
souldis a08,I,6,6,14,0.04,480,28,sensetup.com.br/products/cadeira-ergonomica-a08-premium-openbox,Sep 14
mesa que regula altura,I,2,9,13,0.04,170,19,sensetup.com.br/collections/mesas-com-regulagem-de-altura,Jul 28
mesa trabalhar em pé,I,,8,13,0.04,320,23,sensetup.com.br/blogs/artigos/mesa-para-trabalhar-em-pe,Aug 19
mesa com ajuste de altura eletrico,I,2,10,13,0.04,170,21,sensetup.com.br/collections/mesas-com-regulagem-de-altura,Sep 13
ergonomica cadeira,C,,8,13,0.04,390,18,sensetup.com.br/collections/cadeiras-ergonomicas,Sep 11
encosto de coluna,I,,9,13,0.04,210,12,sensetup.com.br/blogs/artigos/como-usar-apoio-para-lombar-corretamente,Aug 02
mesa ergonomica ajustavel,I,2,7,13,0.04,170,19,sensetup.com.br/collections/mesas-com-regulagem-de-altura,Aug 02
cadeira ergonomica tela mesh,C,2,7,13,0.04,170,9,sensetup.com.br/collections/cadeiras-ergonomicas,Jul 28
cadeira cosy t03,CI,,6,13,0.04,1.9K,31,sensetup.com.br/products/cadeira-ergonomica-cosy-t03,Aug 22
mesa ergonômica,I,3,8,13,0.04,720,21,sensetup.com.br/collections/mesas-com-regulagem-de-altura,Aug 20
cadeira para estudo,CI,15,9,13,0.04,4.4K,27,sensetup.com.br/blogs/artigos/cadeira-confortavel-para-estudar,Sep 13
escrivaninha com regulagem de altura,I,2,8,13,0.04,210,17,sensetup.com.br/collections/mesas-com-regulagem-de-altura,Aug 06
mesa ergonomica regulavel,I,2,6,13,0.04,210,18,sensetup.com.br/collections/mesas-com-regulagem-de-altura,4 days
mesa para trabalhar em pé,CI,,10,13,0.04,320,23,sensetup.com.br/blogs/artigos/mesa-para-trabalhar-em-pe,Sep 06
mesa para trabalhar em pé,CI,,10,13,0.04,320,23,sensetup.com.br/blogs/artigos/mesa-para-trabalhar-em-pe,Sep 06
cadeira confortável para estudo,I,4,11,13,0.04,1K,21,sensetup.com.br/blogs/artigos/cadeira-confortavel-para-estudar,Aug 24
cadeira ergonômica home office,CI,3,8,13,0.04,390,23,sensetup.com.br/collections/cadeiras-ergonomicas,Sep 13
mesa ajustavel de altura,C,2,9,13,0.04,210,20,sensetup.com.br/collections/mesas-com-regulagem-de-altura,Aug 15
mesa escritorio altura,I,,11,13,0.04,320,10,sensetup.com.br/collections/mesas-com-regulagem-de-altura,Aug 10
mesa que levanta,I,3,8,12,0.03,590,24,sensetup.com.br/collections/mesas-com-regulagem-de-altura,Aug 28
tela mesh,C,6,8,12,0.03,590,7,sensetup.com.br/blogs/artigos/tela-mesh-o-que-e-e-quais-sao-os-diferenciais,Sep 07
descanso de pe,I,,9,12,0.03,590,24,sensetup.com.br/blogs/artigos/apoio-para-os-pes-beneficios-e-dicas,Jul 28
cadeira escritório,C,25,7,12,0.03,18.1K,24,sensetup.com.br/collections/cadeiras-ergonomicas,Sep 13
soudis a08,I,6,5,11,0.03,480,28,sensetup.com.br/products/cadeira-ergonomica-a08-premium-openbox,Sep 14
mesa com ajuste de altura elétrica,I,2,7,11,0.03,140,21,sensetup.com.br/collections/mesas-com-regulagem-de-altura,Aug 16
cadeira ergonomico,C,2,9,11,0.03,170,20,sensetup.com.br/collections/cadeiras-ergonomicas,Aug 26
ergonômica cadeira,I,,8,11,0.03,320,26,sensetup.com.br/collections/cadeiras-ergonomicas,Sep 05
mesa de regulagem de altura,CI,2,8,11,0.03,170,13,sensetup.com.br/collections/mesas-com-regulagem-de-altura,Aug 17
poltrona para estudar,I,4,7,11,0.03,390,21,sensetup.com.br/blogs/artigos/cadeira-confortavel-para-estudar,Jul 28
cadeira de escritório ergonomica,CI,6,6,11,0.03,480,24,sensetup.com.br/collections/cadeiras-ergonomicas,Jul 27
cadeira ergométrica,C,9,7,11,0.03,2.9K,34,sensetup.com.br/collections/cadeiras-ergonomicas,Aug 25
almofada para cadeira escritorio,I,2,7,11,0.03,170,23,sensetup.com.br/products/almofada-cadeira-gamer,Aug 08
mesa regulavel altura,C,1,8,11,0.03,90,9,sensetup.com.br/collections/mesas-com-regulagem-de-altura,Jul 29
mesa de escritorio regulavel,C,2,7,11,0.03,140,19,sensetup.com.br/collections/mesas-com-regulagem-de-altura,Jul 31
luminária de monitor,CI,2,10,11,0.03,390,24,sensetup.com.br/products/luminaria-monitor-barra-ledbar-lura,Aug 06
cadeira presidente ergonomica,I,1,8,11,0.03,390,10,sensetup.com.br/collections/cadeiras-ergonomicas,Aug 18
mesa regulagem de altura elétrica,C,2,10,11,0.03,140,20,sensetup.com.br/collections/mesas-com-regulagem-de-altura,Aug 11
cadeira estudar,C,7,6,11,0.03,1.3K,30,sensetup.com.br/blogs/artigos/cadeira-confortavel-para-estudar,Aug 16
cadeira ergometrica,I,9,7,11,0.03,2.9K,25,sensetup.com.br/collections/cadeiras-ergonomicas,Aug 07
soudis,I,3,8,11,0.03,170,25,sensetup.com.br/products/cadeira-ergonomica-a08-premium,Aug 26
cadeiras confortável para escritório,CI,1,7,11,0.03,90,22,sensetup.com.br/blogs/artigos/cadeiras-para-escritorio-ergonomicas-top,Sep 05
cadeira ergometrica para home office,CI,2,8,11,0.03,170,24,sensetup.com.br/collections/cadeiras-ergonomicas,Aug 09
cadeira ergonomica barata,I,2,8,11,0.03,480,24,sensetup.com.br/collections/cadeiras-ergonomicas,Sep 12
cosy a08,I,4,6,11,0.03,170,29,sensetup.com.br/products/cadeira-ergonomica-a08-premium-openbox,Sep 06
cadeira ergonômica presidente,I,1,8,11,0.03,390,10,sensetup.com.br/collections/cadeiras-ergonomicas,Aug 31
altura mesa escritório,I,,8,11,0.03,320,9,sensetup.com.br/blogs/artigos/altura-de-mesa-de-escritorio,Sep 11
mesa elétrica ajustável,C,2,8,11,0.03,320,22,sensetup.com.br/collections/mesas-com-regulagem-de-altura,Sep 05
mesa de escritorio eletrica,I,1,7,11,0.03,140,22,sensetup.com.br/collections/mesas-com-regulagem-de-altura,Aug 28
cadeiras de escritório ergonômicas,C,8,7,11,0.03,1.6K,30,sensetup.com.br/collections/cadeiras-ergonomicas,Aug 19
mesa escritorio eletrica,C,2,8,11,0.03,140,21,sensetup.com.br/collections/mesas-com-regulagem-de-altura,Jul 28
altura mesa escritorio,I,4,8,11,0.03,1.6K,8,sensetup.com.br/blogs/artigos/altura-de-mesa-de-escritorio,Aug 20
sensetup a08,I,7,7,11,0.03,1.9K,37,sensetup.com.br/,Sep 09
cadeira para escritorio ergonômica,I,5,8,11,0.03,480,24,sensetup.com.br/collections/cadeiras-ergonomicas,Aug 08
suporte para lombar,I,3,9,10,0.03,480,22,sensetup.com.br/blogs/artigos/como-usar-apoio-para-lombar-corretamente,Aug 01
lite bar,I,,8,10,0.03,480,31,sensetup.com.br/products/luminaria-monitor-lugis-light-bar-ajuste-wireless,Aug 20
melhores cadeiras,C,,8,10,0.03,170,11,sensetup.com.br/blogs/artigos/melhores-cadeiras-ergonomicas,Aug 12
altura cadeira,I,3,9,10,0.03,480,11,sensetup.com.br/blogs/artigos/tamanho-de-cadeira-para-escritorio,Sep 04
braco de cadeira de escritorio,C,6,5,10,0.03,480,21,sensetup.com.br/blogs/artigos/apoio-de-bracos-de-cadeira-de-escritorio-diferencas,Aug 29
melhores cadeiras ergonômicas para home office,C,,8,10,0.03,170,14,sensetup.com.br/blogs/artigos/melhores-cadeiras-ergonomicas,Aug 08
poltrona ergonomica,C,6,7,10,0.03,480,18,sensetup.com.br/collections/cadeiras-ergonomicas,Jul 30
cupom sensetup,T,1,5,10,0.03,390,35,sensetup.com.br/pages/contact,Aug 28
mesa altura,CI,2,9,9,0.02,140,10,sensetup.com.br/collections/mesas-com-regulagem-de-altura,Sep 12
melhores cadeiras ergonômicas,C,1,7,9,0.02,210,14,sensetup.com.br/collections/cadeiras-ergonomicas,Aug 15
braco cadeira escritorio,I,4,6,9,0.02,390,14,sensetup.com.br/blogs/artigos/apoio-de-bracos-de-cadeira-de-escritorio-diferencas,Sep 13
cadeira escritorio ergonomica,I,7,7,9,0.02,1.9K,27,sensetup.com.br/collections/cadeiras-ergonomicas,Aug 07
cadeira ergonómica,C,6,7,9,0.02,1.3K,28,sensetup.com.br/collections/cadeiras-ergonomicas,Aug 22
mesa elétrica com regulagem de altura,I,2,7,9,0.02,110,20,sensetup.com.br/collections/mesas-com-regulagem-de-altura,Aug 18
almofada para cadeira de escritorio,I,2,7,9,0.02,140,22,sensetup.com.br/products/almofada-cadeira-gamer,Aug 10
braço para cadeira de escritorio,I,4,7,9,0.02,390,13,sensetup.com.br/blogs/artigos/apoio-de-bracos-de-cadeira-de-escritorio-diferencas,Sep 04
mesas reguláveis,CI,2,6,9,0.02,260,21,sensetup.com.br/collections/mesas-com-regulagem-de-altura,4 days
soldis a08,I,5,7,9,0.02,210,29,sensetup.com.br/products/cadeira-ergonomica-a08-premium-openbox,Sep 14
cadeira ortopedica,I,6,7,9,0.02,1K,28,sensetup.com.br/collections/cadeiras-ergonomicas,Aug 20
cadeira com apoio de braço,I,4,6,9,0.02,320,18,sensetup.com.br/blogs/artigos/apoio-de-bracos-de-cadeira-de-escritorio-diferencas,Jul 28
cozy t03:,I,,6,9,0.02,480,34,sensetup.com.br/products/cadeira-ergonomica-cosy-t03,Aug 25
cadeira ergonomica para home office,C,2,7,9,0.02,390,29,sensetup.com.br/collections/cadeiras-ergonomicas,Sep 05
braço de cadeira escritorio,I,3,6,9,0.02,390,13,sensetup.com.br/blogs/artigos/apoio-de-bracos-de-cadeira-de-escritorio-diferencas,Aug 17
melhores cadeira ergonomica,C,2,8,9,0.02,260,25,sensetup.com.br/collections/cadeiras-ergonomicas,Aug 28
posição ergonomica escritorio,I,1,7,9,0.02,110,15,sensetup.com.br/blogs/artigos/postura-correta-para-sentar-na-frente-do-computador,Aug 18
tela mesh tradicional,CI,1,7,9,0.02,140,9,sensetup.com.br/blogs/artigos/tela-mesh-o-que-e-e-quais-sao-os-diferenciais,Sep 03
apoio de pe ergonomico,CI,5,7,9,0.02,720,8,sensetup.com.br/blogs/artigos/apoio-para-os-pes-beneficios-e-dicas,Aug 29
cadeira de escritorio ergonomica presidente,C,2,8,9,0.02,110,7,sensetup.com.br/collections/cadeiras-ergonomicas,Aug 10
a08 cadeira,I,,9,9,0.02,260,30,sensetup.com.br/products/cadeira-ergonomica-a08-premium,4 days
sensetup cosy 03,I,4,7,9,0.02,1.6K,22,sensetup.com.br/products/cadeira-ergonomica-cosy-t03-open-box,Sep 12
almofadas cadeira gamer,I,3,8,9,0.02,110,23,sensetup.com.br/products/almofada-cadeira-gamer,Jul 31
altura de uma cadeira,I,2,7,9,0.02,140,7,sensetup.com.br/blogs/artigos/tamanho-de-cadeira-para-escritorio,Aug 02
sensetup cosy t03,C,3,7,9,0.02,1.6K,28,sensetup.com.br/,Aug 20
sensetup cosy t03,C,4,7,9,0.02,1.6K,28,sensetup.com.br/products/cadeira-ergonomica-cosy-t03-open-box,Aug 20
cadeira escritorio nr17,C,3,7,9,0.02,390,9,sensetup.com.br/collections/cadeiras-ergonomicas,Aug 29
ligth bar,C,4,8,9,0.02,480,31,sensetup.com.br/products/luminaria-monitor-lugis-light-bar-ajuste-wireless,Aug 26
cadeira ergométrica para escritório,I,4,7,8,0.02,390,26,sensetup.com.br/collections/cadeiras-ergonomicas,Aug 12
altura ideal para mesa de escritório,I,5,7,8,0.02,390,8,sensetup.com.br/blogs/artigos/altura-de-mesa-de-escritorio,Sep 05
cadeira nr 17,I,4,9,8,0.02,390,11,sensetup.com.br/collections/cadeiras-ergonomicas,Aug 28
apoio de lombar para cadeira,I,,9,8,0.02,210,16,sensetup.com.br/blogs/artigos/como-usar-apoio-para-lombar-corretamente,Jul 29
cadeira presidente ergonomica,I,,8,8,0.02,390,10,sensetup.com.br/products/cadeira-presidente-ergonomica-perfs-e5,Aug 18
postura correta ao sentar,I,,9,8,0.02,390,26,sensetup.com.br/blogs/artigos/postura-correta-para-sentar-na-frente-do-computador,Aug 09
apoio de pé,CI,16,9,8,0.02,5.4K,17,sensetup.com.br/blogs/artigos/apoio-para-os-pes-beneficios-e-dicas,Sep 14
cadeira ergonômica presidente,I,,8,8,0.02,390,10,sensetup.com.br/products/cadeira-presidente-ergonomica-perfs-e5,Aug 31
mesas eletricas,C,,6,8,0.02,590,25,sensetup.com.br/products/mesa-com-regulagem-de-altura-eletrica-halec-duo,Sep 03
cadeiras de escritorio ergonomica,C,7,9,8,0.02,1.6K,30,sensetup.com.br/collections/cadeiras-ergonomicas,Aug 21
sensetup perfs e5,I,4,6,8,0.02,590,23,sensetup.com.br/products/cadeira-presidente-ergonomica-perfs-e5-openbox,Sep 12
cadeira ergonmica,C,,8,8,0.02,140,25,sensetup.com.br/collections/cadeiras-ergonomicas,Sep 05
cadeira para escritório,I,14,8,8,0.02,5.4K,28,sensetup.com.br/collections/cadeiras-ergonomicas,Sep 14
poltrona ergonomica,C,,7,8,0.02,480,18,sensetup.com.br/collections/cadeiras-ergonomicas,Jul 30
cadeira sensetup a08,T,2,8,8,0.02,320,31,sensetup.com.br/products/cadeira-ergonomica-a08-premium-openbox,Sep 15
dimensoes cadeira,I,2,7,7,0.02,110,9,sensetup.com.br/blogs/artigos/tamanho-de-cadeira-para-escritorio,Aug 12
cadeira ergonômica mesh,C,2,7,7,0.02,110,11,sensetup.com.br/collections/cadeiras-ergonomicas,Aug 29
cadeira para escritório ergonômica,I,6,7,7,0.02,1K,21,sensetup.com.br/collections/cadeiras-ergonomicas,Aug 20
mesa trabalhar em pé,I,4,8,7,0.02,320,23,sensetup.com.br/blogs/artigos/mesa-para-trabalhar-em-pe,Aug 19
nr17 cadeiras,I,4,8,7,0.02,320,20,sensetup.com.br/collections/cadeiras-ergonomicas,Aug 26
cadeiras ergonomicas home office,CI,3,8,7,0.02,320,25,sensetup.com.br/collections/cadeiras-ergonomicas,Sep 13
cadeira ergonomica premium,CI,2,7,7,0.02,110,21,sensetup.com.br/collections/cadeiras-ergonomicas,Sep 04
melhor cadeira para home office,C,4,8,7,0.02,320,16,sensetup.com.br/blogs/artigos/melhores-cadeiras-ergonomicas,Aug 17
acessorios home office,C,2,5,7,0.02,90,7,sensetup.com.br/collections/acessorios,Jul 30
escrivaninha altura,I,6,8,7,0.02,590,10,sensetup.com.br/blogs/artigos/altura-de-mesa-de-escritorio,Sep 01
cadeira homeoffice,I,2,8,7,0.02,110,23,sensetup.com.br/collections/cadeiras-ergonomicas,Aug 09
mesa regulagem de altura automática,C,2,6,7,0.02,90,17,sensetup.com.br/collections/mesas-com-regulagem-de-altura,Jul 25
cadeira egornomica,C,7,7,7,0.02,390,17,sensetup.com.br/collections/cadeiras-ergonomicas,Sep 13
cadeira de escritório nr17,IT,2,7,7,0.02,110,10,sensetup.com.br/collections/cadeiras-ergonomicas,Aug 27
cadeira ergonomica estudo,C,1,8,7,0.02,260,33,sensetup.com.br/collections/cadeiras-ergonomicas,Aug 09
cadeira ergonômica escritório celentia a161,C,1,9,7,0.02,170,20,sensetup.com.br/products/cadeira-ergonomica-a161-openbox,Sep 14
mesa escritorio com regulagem de altura,I,3,8,7,0.02,110,18,sensetup.com.br/collections/mesas-com-regulagem-de-altura,Jul 28
cadeira nr17 ergonomica,C,,7,7,0.02,210,13,sensetup.com.br/collections/cadeiras-ergonomicas,Sep 13
cadeira nr 17 ergonomia,C,,9,7,0.02,210,14,sensetup.com.br/collections/cadeiras-ergonomicas,Sep 12
mesa com controle de altura,I,2,8,7,0.02,90,21,sensetup.com.br/collections/mesas-com-regulagem-de-altura,Aug 18
mesa com regulagem de altura eletrica,I,4,6,7,0.02,320,21,sensetup.com.br/collections/mesas-com-regulagem-de-altura,Aug 19
cadeira de escritorio nr17,CI,3,7,7,0.02,320,11,sensetup.com.br/collections/cadeiras-ergonomicas,Aug 28
cadeira ergonomica ajustavel,C,2,7,7,0.02,90,21,sensetup.com.br/collections/cadeiras-ergonomicas,Aug 15
postura correta sentada,I,,8,7,0.02,320,20,sensetup.com.br/blogs/artigos/postura-correta-para-sentar-na-frente-do-computador,Sep 14
poltrona para computador,CI,8,4,7,0.02,320,21,sensetup.com.br/,Aug 10
melhores cadeiras para home office,C,3,8,7,0.02,320,11,sensetup.com.br/collections/cadeiras-ergonomicas,Aug 12
cadeira ergonomica cinza,I,7,6,7,0.02,320,9,sensetup.com.br/collections/cadeiras-ergonomicas,Aug 07
cadeira mesh ergonômica,C,2,8,7,0.02,260,12,sensetup.com.br/collections/cadeiras-ergonomicas,Aug 13
mesa regulável altura,I,2,7,7,0.02,110,21,sensetup.com.br/collections/mesas-com-regulagem-de-altura,Aug 17
altura mesas escritorio,I,3,7,7,0.02,170,7,sensetup.com.br/blogs/artigos/altura-de-mesa-de-escritorio,Aug 15
mesas com ajuste de altura,I,2,7,7,0.02,170,19,sensetup.com.br/collections/mesas-com-regulagem-de-altura,Aug 20
mesa ajustavel altura,I,,8,7,0.02,320,21,sensetup.com.br/collections/mesas-com-regulagem-de-altura,Aug 17
cupom sensetup,T,2,5,7,0.02,390,35,sensetup.com.br/collections/frontpage,Aug 28
melhor cadeira ergonomica 2025,C,1,5,7,0.02,170,31,sensetup.com.br/blogs/artigos/melhores-cadeiras-ergonomicas,Aug 26
cadeira ergometrica escritorio,C,8,6,7,0.02,1K,26,sensetup.com.br/collections/cadeiras-ergonomicas,Aug 17
lightbar,CI,16,8,6,0.01,4.4K,34,sensetup.com.br/blogs/artigos/light-bar-para-setup,Sep 13
posição ergonomica,I,,8,6,0.01,110,33,sensetup.com.br/blogs/artigos/postura-correta-para-sentar-na-frente-do-computador,Sep 09
cadeira a08,C,,9,6,0.01,590,25,sensetup.com.br/products/cadeira-ergonomica-a08-premium,Sep 14
cadeira a08,C,,9,6,0.01,590,25,sensetup.com.br/products/cadeira-ergonomica-a08-premium,Sep 14
ergonômica cadeira,I,4,8,6,0.01,320,26,sensetup.com.br/collections/cadeiras-ergonomicas,Sep 05
cozy t03,I,,7,6,0.01,2.9K,29,sensetup.com.br/products/cadeira-ergonomica-cosy-t03,Jul 28
medida mesa escritorio,I,2,9,6,0.01,140,7,sensetup.com.br/blogs/artigos/altura-de-mesa-de-escritorio,Sep 01
sensetup souldis a08,IT,2,7,6,0.01,260,30,sensetup.com.br/products/cadeira-ergonomica-a08-premium-openbox,Sep 14
cadeira egonomica,C,7,7,6,0.01,880,27,sensetup.com.br/collections/cadeiras-ergonomicas,Sep 01
altura de una mesa de escritorio,I,2,9,6,0.01,140,8,sensetup.com.br/blogs/artigos/altura-de-mesa-de-escritorio,Aug 11
a08 sensetup,IT,2,7,6,0.01,260,18,sensetup.com.br/products/cadeira-ergonomica-a08-premium-openbox,4 days
altura de uma mesa de escritório,I,,9,6,0.01,210,7,sensetup.com.br/collections/mesas-com-regulagem-de-altura,Aug 09
sentado a mesa,I,,6,6,0.01,140,25,sensetup.com.br/blogs/artigos/mesa-fixa-e-mesa-ajustavel-diferencas,Sep 02
sensetup cupom,T,1,6,6,0.01,260,34,sensetup.com.br/pages/contact,Sep 04
apoio pes,I,19,8,6,0.01,4.4K,13,sensetup.com.br/blogs/artigos/apoio-para-os-pes-beneficios-e-dicas,4 days
light bar,I,9,11,6,0.01,4.4K,32,sensetup.com.br/blogs/artigos/light-bar-para-setup,1 day
cadeira para computador,CI,18,8,6,0.01,4.4K,34,sensetup.com.br/collections/cadeiras-ergonomicas,Sep 13
cadeira com apoio de braco,I,3,7,6,0.01,260,9,sensetup.com.br/blogs/artigos/apoio-de-bracos-de-cadeira-de-escritorio-diferencas,Aug 13
melhores cadeiras de escritório,C,4,9,6,0.01,260,21,sensetup.com.br/blogs/artigos/melhores-cadeiras-ergonomicas,Jul 28
apoio para pés,I,12,8,6,0.01,4.4K,13,sensetup.com.br/blogs/artigos/apoio-para-os-pes-beneficios-e-dicas,4 days
braço de cadeira de escritorio,I,5,8,6,0.01,720,14,sensetup.com.br/blogs/artigos/apoio-de-bracos-de-cadeira-de-escritorio-diferencas,Aug 21
reclinavel,I,,8,6,0.01,170,16,sensetup.com.br/blogs/artigos/cadeira-reclinavel-vs-inclinacao-dinamica,Aug 09
cadeira escritorio nr17,C,,7,6,0.01,390,9,sensetup.com.br/collections/cadeiras-ergonomicas,Aug 29
cupom sensetup,T,,5,6,0.01,390,35,sensetup.com.br/pages/contact,Aug 28
chair ergonomic office,CI,48,6,6,0.01,60.5K,53,sensetup.com.br/collections/cadeiras-ergonomicas,3 days
chair ergonomic office,CI,50,6,6,0.01,60.5K,53,sensetup.com.br/collections/cadeiras-ergonomicas,3 days
mesa eletronica,I,3,7,5,0.01,170,17,sensetup.com.br/collections/mesas-com-regulagem-de-altura,Aug 19
cadeiras ergonomicas para home office,C,3,7,5,0.01,260,22,sensetup.com.br/collections/cadeiras-ergonomicas,Aug 06
cadeira ergonomica para estudos,I,,10,5,0.01,90,33,sensetup.com.br/blogs/artigos/cadeira-confortavel-para-estudar,15 hours
mesa com elevação,I,3,7,5,0.01,210,17,sensetup.com.br/collections/mesas-com-regulagem-de-altura,Sep 06
tamanho cadeira,CI,4,8,5,0.01,170,10,sensetup.com.br/blogs/artigos/tamanho-de-cadeira-para-escritorio,Aug 27
cadeira nr-17,CI,3,7,5,0.01,170,10,sensetup.com.br/collections/cadeiras-ergonomicas,Aug 07
perfs,I,,7,5,0.01,260,31,sensetup.com.br/blogs/artigos/perfs-e5-cosy-t03-descubra-as-diferencas,Sep 04
cadeiras ergonômicas,IT,9,8,5,0.01,1K,26,sensetup.com.br/collections/cadeiras-ergonomicas,Sep 11
cadeiras para escritorio ergonomicas,C,7,8,5,0.01,1K,24,sensetup.com.br/collections/cadeiras-ergonomicas,Aug 20
melhor marca cadeira escritorio,C,2,8,5,0.01,90,21,sensetup.com.br/collections/cadeiras-ergonomicas,Aug 10
altura de mesa de escritório,I,,9,5,0.01,1K,9,sensetup.com.br/blogs/artigos/altura-de-mesa-de-escritorio,Aug 20
altura de mesa de escritório,I,4,9,5,0.01,1K,9,sensetup.com.br/blogs/artigos/altura-de-mesa-de-escritorio,Aug 20
cadeiras nr-17 empresa,CI,5,7,5,0.01,170,16,sensetup.com.br/collections/cadeiras-ergonomicas,2 days
almofada de cadeira de escritório,I,2,6,5,0.01,90,22,sensetup.com.br/products/almofada-cadeira-gamer,Sep 03
apoio pés escritório,I,10,8,5,0.01,1.3K,12,sensetup.com.br/blogs/artigos/apoio-para-os-pes-beneficios-e-dicas,Aug 17
cadeira home office confortável,I,3,8,5,0.01,210,27,sensetup.com.br/collections/cadeiras-ergonomicas,Aug 02
cadeira ergonômica escritório,I,7,8,5,0.01,1.3K,30,sensetup.com.br/collections/cadeiras-ergonomicas,Aug 25
costy t03,I,,7,5,0.01,210,32,sensetup.com.br/products/cadeira-ergonomica-cosy-t03,Aug 12
cadeira tela mesh,CI,5,7,5,0.01,590,12,sensetup.com.br/blogs/artigos/tela-mesh-o-que-e-e-quais-sao-os-diferenciais,Jul 28
braço cadeira escritorio,I,5,8,5,0.01,590,14,sensetup.com.br/blogs/artigos/apoio-de-bracos-de-cadeira-de-escritorio-diferencas,Aug 28
cadeira nr17 ergonomica,C,3,7,5,0.01,210,13,sensetup.com.br/collections/cadeiras-ergonomicas,Sep 13
mesa escritorio altura ajustavel,C,2,8,5,0.01,90,19,sensetup.com.br/collections/mesas-com-regulagem-de-altura,Sep 04
luminaria monitor,CI,7,9,5,0.01,720,27,sensetup.com.br/products/luminaria-monitor-barra-ledbar-lura,Sep 13
cadeira ergometrica para home office,CI,,8,5,0.01,170,24,sensetup.com.br/collections/cadeiras-ergonomicas,Aug 09
cadeira para escritorio confortavel,I,6,7,5,0.01,590,25,sensetup.com.br/collections/cadeiras-ergonomicas,Aug 25
cadeira executiva ergonomica,C,2,8,5,0.01,170,18,sensetup.com.br/collections/cadeiras-ergonomicas,Aug 07
cosy t3,I,,8,5,0.01,260,22,sensetup.com.br/products/cadeira-ergonomica-cosy-t03,Aug 08
sensetup cosy 03,I,,7,5,0.01,1.6K,22,sensetup.com.br/products/cadeira-ergonomica-cosy-t03,Sep 12
cadeira ergonomica nr 17,C,,7,5,0.01,170,12,sensetup.com.br/collections/cadeiras-ergonomicas,Sep 13
cadeira ergonomica nr 17,C,3,7,5,0.01,170,12,sensetup.com.br/collections/cadeiras-ergonomicas,Sep 13
mesa com ajuste de altura eletrica,I,3,8,5,0.01,170,19,sensetup.com.br/collections/mesas-com-regulagem-de-altura,Aug 15
iluminação para escritorio,I,,10,5,0.01,140,10,sensetup.com.br/blogs/artigos/melhor-luminaria-para-escritorio,Sep 06
light bar monitor,CI,12,7,5,0.01,1.9K,28,sensetup.com.br/products/luminaria-monitor-barra-ledbar-lura,Aug 22
mesa escritorio ajuste altura,C,2,8,5,0.01,90,19,sensetup.com.br/collections/mesas-com-regulagem-de-altura,4 days
cadeiras ergonomicas de escritorio,I,7,7,5,0.01,1K,26,sensetup.com.br/collections/cadeiras-ergonomicas,Aug 22
como limpar cadeira de escritório,I,,7,5,0.01,170,12,sensetup.com.br/blogs/artigos/como-limpar-cadeira-de-escritorio-passo-a-passo,Sep 14
melhores cadeiras ergonômicas para home office,C,,8,5,0.01,170,14,sensetup.com.br/blogs/artigos/melhores-cadeiras-ergonomicas,Aug 08
cadeira libernovo,I,,7,5,0.01,390,28,sensetup.com.br/products/cadeira-ergonomica-libernovo-omni-dynamic,Sep 02
cadeira libernovo,I,,7,5,0.01,390,28,sensetup.com.br/products/cadeira-ergonomica-libernovo-omni-dynamic,Sep 02
cadeira para estudos,I,9,9,5,0.01,1.3K,26,sensetup.com.br/blogs/artigos/cadeira-confortavel-para-estudar,Aug 24
mesa que sobe,I,7,8,5,0.01,210,21,sensetup.com.br/collections/mesas-com-regulagem-de-altura,Aug 09
cadeira para escritorio ergonômica,I,,8,5,0.01,480,24,sensetup.com.br/collections/cadeiras-ergonomicas,Aug 08
cadeira ergonomicaa,C,5,9,5,0.01,210,21,sensetup.com.br/collections/cadeiras-ergonomicas,Aug 24
ergonomia do trabalho,I,25,4,4,0.01,2.9K,29,sensetup.com.br/blogs/artigos/ergonomia-no-trabalho-o-que-voce-precisa-saber,Sep 02
sensetup soldis a08,I,3,5,4,0.01,260,29,sensetup.com.br/products/cadeira-ergonomica-a08-premium-openbox,Sep 13
setup gamer preto e branco,I,,6,4,0.01,110,29,sensetup.com.br/blogs/artigos/quanto-custa-um-setup-gamer-completo,Jul 31
mesa com elevação,I,,7,4,0.01,210,17,sensetup.com.br/products/mesa-com-regulagem-de-altura-eletrica-halec-duo,Sep 06
mesa com elevação de altura,I,2,8,4,0.01,110,13,sensetup.com.br/collections/mesas-com-regulagem-de-altura,Sep 05
ledbar,I,2,7,4,0.01,140,25,sensetup.com.br/products/luminaria-monitor-barra-ledbar-lura,Aug 29
qual a melhor cadeira para escritório,C,1,8,4,0.01,140,9,sensetup.com.br/collections/cadeiras-ergonomicas,Aug 01
cadeira ortopédica para escritório,C,3,7,4,0.01,140,24,sensetup.com.br/collections/cadeiras-ergonomicas,Aug 11
cadeira presidente ergonômica,C,16,9,4,0.01,2.9K,12,sensetup.com.br/blogs/artigos/cadeira-presidente-ergonomica-vale-a-pena,3 days
cadeira home office ergonômica,C,3,8,4,0.01,170,23,sensetup.com.br/collections/cadeiras-ergonomicas,Sep 05
cadeira ergonômica barata,I,1,7,4,0.01,140,33,sensetup.com.br/collections/cadeiras-ergonomicas,Aug 07
pé cadeira giratória,I,,8,4,0.01,210,18,sensetup.com.br/collections/cadeiras-ergonomicas,Aug 29
qual a melhor cadeira para home office,C,2,8,4,0.01,140,8,sensetup.com.br/blogs/artigos/melhores-cadeiras-ergonomicas,Jul 29
cadeira ergonômica de escritório cosy t03,C,,8,4,0.01,390,25,sensetup.com.br/products/cadeira-ergonomica-cosy-t03,Aug 10
cadeira hergonomica,C,9,6,4,0.01,320,17,sensetup.com.br/collections/cadeiras-ergonomicas,Jul 31
cadeiras executivas ergonomicas,C,2,8,4,0.01,140,13,sensetup.com.br/collections/cadeiras-ergonomicas,Aug 14
cadeira de escritorio confortavel,I,7,8,4,0.01,880,36,sensetup.com.br/collections/cadeiras-ergonomicas,Aug 20
mesa ajustavel eletrica,C,3,7,4,0.01,140,19,sensetup.com.br/collections/mesas-com-regulagem-de-altura,Sep 12
mesa reguladora de altura,I,2,8,4,0.01,110,13,sensetup.com.br/collections/mesas-com-regulagem-de-altura,Aug 26
braço para cadeiras de escritório,C,5,6,4,0.01,480,7,sensetup.com.br/blogs/artigos/apoio-de-bracos-de-cadeira-de-escritorio-diferencas,Aug 29
cadeiras para area de lazer,I,,7,4,0.01,390,24,sensetup.com.br/collections/openbox,Aug 11
pausas no trabalho,I,6,5,4,0.01,170,20,sensetup.com.br/blogs/artigos/pausas-ativas-no-dia-a-dia-de-trabalho,Aug 29
cadeira pra jogar por horas,I,10,8,4,0.01,1.6K,26,sensetup.com.br/blogs/artigos/cadeira-para-jogar-por-horas-como-escolher,Sep 15
cadeira braço d4,CI,2,8,4,0.01,170,16,sensetup.com.br/blogs/artigos/apoio-de-bracos-de-cadeira-de-escritorio-diferencas,Sep 06
cadeira ortopedica escritorio,C,5,7,4,0.01,170,25,sensetup.com.br/collections/cadeiras-ergonomicas,Aug 16
apoio para lombar,I,4,9,4,0.01,210,9,sensetup.com.br/blogs/artigos/como-usar-apoio-para-lombar-corretamente,Aug 08
cadeira cozy,I,,7,4,0.01,110,13,sensetup.com.br/products/cadeira-ergonomica-cosy-t03,Aug 05
almofadas para cadeira gamer,I,3,8,4,0.01,170,23,sensetup.com.br/products/almofada-cadeira-gamer,Sep 14
mesa gamer com regulagem de altura,I,9,5,4,0.01,480,29,sensetup.com.br/collections/mesas-com-regulagem-de-altura,Jul 27
cadeira para pessoas altas,I,5,7,4,0.01,170,15,sensetup.com.br/blogs/artigos/cadeira-para-pessoas-altas-modelos-indicados,Sep 14
sensetup cupom,T,,6,4,0.01,260,34,sensetup.com.br/pages/contact,Sep 04
sensetup cupom,T,2,6,4,0.01,260,34,sensetup.com.br/collections/frontpage,Sep 04
cadeiras para escritório ergonomicas,CI,9,8,4,0.01,1.6K,33,sensetup.com.br/collections/cadeiras-ergonomicas,Aug 27
postura cadeira,I,,10,4,0.01,110,9,sensetup.com.br/blogs/artigos/postura-correta-para-sentar-na-frente-do-computador,Sep 13
ergonômica,I,,6,4,0.01,4.4K,27,sensetup.com.br/collections/cadeiras-ergonomicas,3 days
light bar,I,,11,4,0.01,4.4K,32,sensetup.com.br/blogs/artigos/light-bar-para-setup,1 day
cadeira de computador,I,21,5,4,0.01,2.9K,24,sensetup.com.br/collections/cadeiras-ergonomicas,Sep 15
altura assento cadeira,I,3,9,4,0.01,170,8,sensetup.com.br/blogs/artigos/tamanho-de-cadeira-para-escritorio,Aug 16
cadeira escritorio premium,C,2,9,4,0.01,110,35,sensetup.com.br/collections/cadeiras-ergonomicas,Sep 12
escrivaninha regulagem de altura,I,2,8,4,0.01,110,20,sensetup.com.br/collections/mesas-com-regulagem-de-altura,Aug 18
celentia a161,I,,8,4,0.01,480,24,sensetup.com.br/products/cadeira-ergonomica-a161-openbox,Aug 18
celentia a161,I,,8,4,0.01,480,24,sensetup.com.br/products/cadeira-ergonomica-a161-openbox,Aug 18
melhores cadeiras,C,2,8,4,0.01,170,11,sensetup.com.br/blogs/artigos/melhores-cadeiras-ergonomicas,Aug 12
mesa regulagem eletrica,C,4,6,4,0.01,110,21,sensetup.com.br/collections/mesas-com-regulagem-de-altura,Aug 31
cadeira tamanho,I,2,9,4,0.01,170,10,sensetup.com.br/blogs/artigos/tamanho-de-cadeira-para-escritorio,Sep 14
escrivaninha ajustavel,I,3,8,4,0.01,110,16,sensetup.com.br/collections/mesas-com-regulagem-de-altura,Sep 13
tamanho de cadeira,I,1,8,4,0.01,110,8,sensetup.com.br/blogs/artigos/tamanho-de-cadeira-para-escritorio,Aug 10
souldis a08,I,,6,4,0.01,480,28,sensetup.com.br/products/cadeira-ergonomica-a08-premium,Sep 14
escrivaninha ergonomica,CI,3,6,4,0.01,110,21,sensetup.com.br/collections/mesas-com-regulagem-de-altura,Jul 29
cadeira confortavel para trabalhar,I,6,8,4,0.01,480,21,sensetup.com.br/blogs/artigos/cadeiras-para-quem-passa-horas-sentado,Aug 28
sensetup a08,I,,7,4,0.01,1.9K,37,sensetup.com.br/products/cadeira-ergonomica-a08-premium,Sep 09
perfs e5,I,,5,4,0.01,1K,27,sensetup.com.br/blogs/artigos/perfs-e5-cosy-t03-descubra-as-diferencas,Aug 02
cadeira alta confortável,I,2,8,4,0.01,110,20,sensetup.com.br/blogs/artigos/cadeira-para-pessoas-altas-modelos-indicados,Aug 07
cadeira confortável para escritório,I,7,8,4,0.01,590,34,sensetup.com.br/collections/cadeiras-ergonomicas,Sep 02
soudis a08,I,,5,3,< 0.01,480,28,sensetup.com.br/products/cadeira-ergonomica-a08-premium,Sep 14
cadeira escritório confortável,C,11,7,3,< 0.01,1.3K,23,sensetup.com.br/collections/cadeiras-ergonomicas,Aug 21
apoio pé,I,15,8,3,< 0.01,2.4K,18,sensetup.com.br/blogs/artigos/apoio-para-os-pes-beneficios-e-dicas,Aug 19
melhor cadeira de escritorio ergonomica,C,1,8,3,< 0.01,110,22,sensetup.com.br/collections/cadeiras-ergonomicas,Aug 03
ajuste das costas cadeira,I,,7,3,< 0.01,260,8,sensetup.com.br/blogs/artigos/como-usar-apoio-para-lombar-corretamente,Aug 02
ajuste das costas cadeira,I,1,7,3,< 0.01,260,8,sensetup.com.br/blogs/artigos/dicas-para-ajustar-cadeira-ergonomica,Aug 02
escadeira,I,10,5,3,< 0.01,390,24,sensetup.com.br/blogs/artigos/como-cadeira-de-computador-salva-coluna,Aug 18
cadeira ergonomica melhor,C,2,7,3,< 0.01,90,21,sensetup.com.br/collections/cadeiras-ergonomicas,Aug 30
cadeira confortavel de escritorio,I,7,7,3,< 0.01,480,29,sensetup.com.br/collections/cadeiras-ergonomicas,Aug 15
cadeira confortavel escritorio,I,8,7,3,< 0.01,720,31,sensetup.com.br/collections/cadeiras-ergonomicas,Aug 29
mesa altura ajustável,I,3,8,3,< 0.01,110,20,sensetup.com.br/collections/mesas-com-regulagem-de-altura,4 days
mesa de escritorio altura,I,,9,3,< 0.01,90,7,sensetup.com.br/blogs/artigos/altura-de-mesa-de-escritorio,Sep 11
cadeira confortavel,I,19,8,3,< 0.01,2.4K,28,sensetup.com.br/collections/cadeiras-ergonomicas,Aug 23
almofada ergonomica cadeira,I,3,7,3,< 0.01,170,12,sensetup.com.br/products/almofada-cadeira-gamer,Sep 05
almofadas para cadeiras de escritorio,CI,3,5,3,< 0.01,110,21,sensetup.com.br/products/almofada-cadeira-gamer,Aug 21
mesa ergonomica escritorio,I,3,8,3,< 0.01,90,20,sensetup.com.br/collections/mesas-com-regulagem-de-altura,Aug 16
cadeira argonomica,C,,8,3,< 0.01,90,24,sensetup.com.br/collections/cadeiras-ergonomicas,Sep 01
cadeira para quem tem hérnia de disco,I,,9,3,< 0.01,110,10,sensetup.com.br/blogs/artigos/melhor-cadeira-para-quem-tem-hernia-de-disco,Aug 14
cadeira de escritório simples,I,30,5,3,< 0.01,4.4K,29,sensetup.com.br/collections/cadeiras-ergonomicas,4 days
ergonomia e trabalho,I,25,6,3,< 0.01,4.4K,20,sensetup.com.br/blogs/artigos/ergonomia-no-trabalho-o-que-voce-precisa-saber,Sep 13
cadeiras ergonômicas para home office,C,,9,3,< 0.01,110,33,sensetup.com.br/collections/cadeiras-ergonomicas,4 days
marca de cadeira de escritorio,CI,,7,3,< 0.01,110,13,sensetup.com.br/collections/cadeiras-ergonomicas,Aug 31
mesa sobe e desce,C,5,10,3,< 0.01,260,20,sensetup.com.br/collections/mesas-com-regulagem-de-altura,Jul 28
melhor marca de cadeira ergonomica,C,,7,3,< 0.01,110,21,sensetup.com.br/collections/cadeiras-ergonomicas,Sep 15
melhor marca de cadeira ergonomica,C,1,7,3,< 0.01,110,21,sensetup.com.br/collections/cadeiras-ergonomicas,Sep 15
cdeira ergonomica,C,,6,3,< 0.01,110,23,sensetup.com.br/collections/cadeiras-ergonomicas,Sep 15
silla ergonomica,CI,,7,3,< 0.01,90,36,sensetup.com.br/collections/cadeiras-ergonomicas,Sep 02
cadeira escritorio marcas,CI,,8,3,< 0.01,90,23,sensetup.com.br/collections/cadeiras-ergonomicas,Sep 03
braço para cadeira,I,5,8,3,< 0.01,390,11,sensetup.com.br/blogs/artigos/apoio-de-bracos-de-cadeira-de-escritorio-diferencas,Aug 16
sensetup a08 premium,CI,2,6,3,< 0.01,140,20,sensetup.com.br/products/cadeira-ergonomica-a08-premium-openbox,Aug 28
soudis,I,6,8,3,< 0.01,170,25,sensetup.com.br/products/cadeira-ergonomica-a08-premium-openbox,Aug 26
mesa com altura regulavel,I,2,8,3,< 0.01,90,8,sensetup.com.br/collections/mesas-com-regulagem-de-altura,Sep 06
mesa gamer com regulagem de altura elétrica,I,3,8,3,< 0.01,90,9,sensetup.com.br/collections/mesas-com-regulagem-de-altura,16 hours
apoio de pe,I,13,9,3,< 0.01,2.4K,17,sensetup.com.br/blogs/artigos/apoio-para-os-pes-beneficios-e-dicas,Aug 21
almofadas para cadeira de escritorio,CI,2,6,3,< 0.01,90,21,sensetup.com.br/products/almofada-cadeira-gamer,Aug 01
cadeira de escritorio ergonomica e confortavel,I,4,8,3,< 0.01,390,29,sensetup.com.br/collections/cadeiras-ergonomicas,Aug 14
apoio pés,I,19,7,3,< 0.01,2.4K,13,sensetup.com.br/blogs/artigos/apoio-para-os-pes-beneficios-e-dicas,Aug 22
ergonomia apoio para os pés,CI,6,7,3,< 0.01,260,7,sensetup.com.br/blogs/artigos/apoio-para-os-pes-beneficios-e-dicas,Aug 05
cadeira estudo,I,16,8,3,< 0.01,2.4K,27,sensetup.com.br/blogs/artigos/cadeira-confortavel-para-estudar,Aug 24
apoio de braco cadeira,C,3,6,3,< 0.01,170,9,sensetup.com.br/blogs/artigos/apoio-de-bracos-de-cadeira-de-escritorio-diferencas,Aug 29
mesa suporte monitor,I,,7,3,< 0.01,110,11,sensetup.com.br/products/suporte-monitor-de-mesa-imon-rgb-portas-usb-e-gavetas,Sep 14
cadeira a08 sensetup,IT,2,8,3,< 0.01,140,20,sensetup.com.br/products/cadeira-ergonomica-a08-premium-openbox,Aug 20
almofada de cadeira gamer,I,3,8,3,< 0.01,140,19,sensetup.com.br/products/almofada-cadeira-gamer,Aug 07
cadeira escritorio ergonômica,I,6,7,3,< 0.01,390,21,sensetup.com.br/collections/cadeiras-ergonomicas,Jul 30
cadeira office,IT,23,6,3,< 0.01,2.4K,31,sensetup.com.br/collections/cadeiras-ergonomicas,Aug 21
cadeira ergonômica para escritório,I,8,8,3,< 0.01,1.3K,30,sensetup.com.br/collections/cadeiras-ergonomicas,Sep 01
cadeira ergnomica,C,,8,3,< 0.01,110,14,sensetup.com.br/collections/cadeiras-ergonomicas,Sep 01
altura pessoa sentada,I,2,6,3,< 0.01,90,21,sensetup.com.br/blogs/artigos/tamanho-de-cadeira-para-escritorio,Sep 09
cadeira ergonometrica,C,6,6,3,< 0.01,170,30,sensetup.com.br/collections/cadeiras-ergonomicas,Aug 31
cadeira ergonômica para escritorio,I,6,6,3,< 0.01,170,19,sensetup.com.br/collections/cadeiras-ergonomicas,Aug 28
cadeira ergonômica escritorio,C,5,8,3,< 0.01,140,31,sensetup.com.br/collections/cadeiras-ergonomicas,Aug 01
cadeira computador,I,29,7,3,< 0.01,4.4K,23,sensetup.com.br/collections/cadeiras-ergonomicas,Sep 13
sensetup cosy 03,I,,7,3,< 0.01,1.6K,22,sensetup.com.br/,Sep 12
escrivaninha eletrica,I,3,8,3,< 0.01,90,20,sensetup.com.br/collections/mesas-com-regulagem-de-altura,Sep 02
sensetup perfs e5,I,6,6,3,< 0.01,590,23,sensetup.com.br/blogs/artigos/perfs-e5-cosy-t03-descubra-as-diferencas,Sep 12
cadeira escritório simples,I,33,5,3,< 0.01,4.4K,26,sensetup.com.br/collections/cadeiras-ergonomicas,3 days
apoio de pé ergonomico,I,11,8,3,< 0.01,1.3K,15,sensetup.com.br/blogs/artigos/apoio-para-os-pes-beneficios-e-dicas,Aug 27
mesa ajustável altura,I,2,8,3,< 0.01,90,21,sensetup.com.br/collections/mesas-com-regulagem-de-altura,Aug 16
cadeira ergonomica para pessoas altas,CI,6,6,3,< 0.01,170,11,sensetup.com.br/blogs/artigos/cadeira-para-pessoas-altas-modelos-indicados,Aug 16
tamanho de cadeira,I,,8,3,< 0.01,110,8,sensetup.com.br/blogs/artigos/tamanho-de-cadeira-para-escritorio,Aug 10
braço cadeira,I,5,7,3,< 0.01,390,13,sensetup.com.br/blogs/artigos/apoio-de-bracos-de-cadeira-de-escritorio-diferencas,Aug 30
mesa regulagem altura eletrica,C,4,7,3,< 0.01,90,21,sensetup.com.br/collections/mesas-com-regulagem-de-altura,Sep 02
como limpar cadeira de escritório,I,1,7,3,< 0.01,170,12,sensetup.com.br/blogs/artigos/como-limpar-cadeira-de-escritorio-passo-a-passo,Sep 14
cadeira para estudo confortável,I,8,9,3,< 0.01,720,22,sensetup.com.br/blogs/artigos/cadeira-confortavel-para-estudar,Aug 17
cadeiras para escritorio ergonomica,C,7,9,3,< 0.01,1K,34,sensetup.com.br/collections/cadeiras-ergonomicas,Aug 23
cadeiras para escritorio ergonomica,C,8,9,3,< 0.01,1K,34,sensetup.com.br/collections/cadeiras-ergonomicas,Aug 23
cadeiras ergonomicas nr17,C,2,8,3,< 0.01,110,18,sensetup.com.br/collections/cadeiras-ergonomicas,Jul 28
sensetup a08,I,,7,3,< 0.01,1.9K,37,sensetup.com.br/products/cadeira-ergonomica-a08-premium,Sep 09
perfs e5,I,10,5,3,< 0.01,1K,27,sensetup.com.br/blogs/artigos/perfs-e5-e-a08-qual-cadeira-escolher,Aug 02
almofadas de cadeira gamer,I,4,7,3,< 0.01,140,24,sensetup.com.br/products/almofada-cadeira-gamer,Aug 18
cadeira para estudar,I,10,9,3,< 0.01,1.3K,29,sensetup.com.br/blogs/artigos/cadeira-confortavel-para-estudar,Aug 24
cadeira escritório nr17,CI,3,7,3,< 0.01,110,10,sensetup.com.br/collections/cadeiras-ergonomicas,Aug 15
cadeira sensetup a08,T,5,8,3,< 0.01,320,31,sensetup.com.br/,Sep 15
cadeiras estudar,C,11,7,3,< 0.01,1K,29,sensetup.com.br/blogs/artigos/cadeira-confortavel-para-estudar,Aug 23
cadeira ergonomica com apoio lombar,I,2,8,3,< 0.01,90,9,sensetup.com.br/collections/cadeiras-ergonomicas,4 days
suporte para os pes,I,17,7,3,< 0.01,2.4K,12,sensetup.com.br/blogs/artigos/apoio-para-os-pes-beneficios-e-dicas,Aug 21
suporte para os pes,I,18,7,3,< 0.01,2.4K,12,sensetup.com.br/blogs/artigos/apoio-para-os-pes-beneficios-e-dicas,Aug 21
cadeira dimensoes,I,2,8,2,< 0.01,90,8,sensetup.com.br/blogs/artigos/tamanho-de-cadeira-para-escritorio,Aug 08
setap gamer,I,9,8,2,< 0.01,720,22,sensetup.com.br/blogs/artigos/quanto-custa-um-setup-gamer-completo,Sep 02
como limpar cadeira de escritorio,I,3,7,2,< 0.01,110,11,sensetup.com.br/blogs/artigos/como-limpar-cadeira-de-escritorio-passo-a-passo,Aug 05
cadeira executiva ergonômica,C,7,9,2,< 0.01,480,21,sensetup.com.br/collections/cadeiras-ergonomicas,Aug 28
cadeira para escritorio resistente,CI,5,6,2,< 0.01,170,14,sensetup.com.br/collections/cadeiras-ergonomicas,Aug 15
cadeiras ergonomicas escritorio,C,7,8,2,< 0.01,480,36,sensetup.com.br/collections/cadeiras-ergonomicas,Jul 28
melhores cadeiras escritorio,C,,7,2,< 0.01,390,21,sensetup.com.br/collections/cadeiras-ergonomicas,Aug 29
posição ergonomica,I,,8,2,< 0.01,110,33,sensetup.com.br/blogs/artigos/postura-correta-para-sentar-na-frente-do-computador,Sep 09
posição ergonomica,I,1,8,2,< 0.01,110,33,sensetup.com.br/blogs/artigos/postura-correta-para-sentar-na-frente-do-computador,Sep 09
cadeira a08,C,,9,2,< 0.01,590,25,sensetup.com.br/products/cadeira-ergonomica-a08-premium,Sep 14
cadeira a08,C,7,9,2,< 0.01,590,25,sensetup.com.br/,Sep 14
cadeira a08,C,8,9,2,< 0.01,590,25,sensetup.com.br/,Sep 14
cadeira para secretaria,I,21,7,2,< 0.01,1.9K,24,sensetup.com.br/collections/cadeiras-ergonomicas,Aug 23
cadeira ergonomica black friday,C,6,5,2,< 0.01,90,27,sensetup.com.br/collections/black-friday,Sep 03
cadeira de escritório ergonomica -mk-6502,C,6,6,2,< 0.01,90,23,sensetup.com.br/collections/cadeiras-ergonomicas,3 days
cadeiras para estudar confortável,CI,9,8,2,< 0.01,720,27,sensetup.com.br/blogs/artigos/cadeira-confortavel-para-estudar,Aug 31
braço da cadeira,I,5,8,2,< 0.01,390,11,sensetup.com.br/blogs/artigos/apoio-de-bracos-de-cadeira-de-escritorio-diferencas,Sep 13
cadeira estudos confortavel,CI,8,10,2,< 0.01,880,23,sensetup.com.br/blogs/artigos/cadeira-confortavel-para-estudar,Sep 11
altura ideal para mesa de escritório,I,,7,2,< 0.01,390,8,sensetup.com.br/blogs/artigos/altura-de-mesa-de-escritorio,Sep 05
descanso dos pés,I,11,10,2,< 0.01,1.6K,24,sensetup.com.br/blogs/artigos/apoio-para-os-pes-beneficios-e-dicas,Aug 20
qual melhor cadeira para home office,C,3,7,2,< 0.01,90,17,sensetup.com.br/blogs/artigos/melhores-cadeiras-ergonomicas,Jul 30
apoio para os pés escritório,I,14,7,2,< 0.01,1.6K,16,sensetup.com.br/blogs/artigos/apoio-para-os-pes-beneficios-e-dicas,Aug 20
cadeiras para escritorio confortaveis,CI,13,7,2,< 0.01,1.9K,30,sensetup.com.br/collections/cadeiras-ergonomicas,Aug 25
escrivaninha regulavel,CI,3,7,2,< 0.01,90,10,sensetup.com.br/collections/mesas-com-regulagem-de-altura,Jul 29
montar setup,I,,6,2,< 0.01,110,15,sensetup.com.br/blogs/artigos/quanto-custa-um-setup-gamer-completo,Aug 05
altura padrao mesa escritorio,I,5,8,2,< 0.01,260,8,sensetup.com.br/blogs/artigos/altura-de-mesa-de-escritorio,Aug 15
cozyt03,I,,8,2,< 0.01,320,31,sensetup.com.br/products/cadeira-ergonomica-cosy-t03,Aug 25
cozyt03,I,,8,2,< 0.01,320,31,sensetup.com.br/products/cadeira-ergonomica-cosy-t03,Aug 25
braços cadeira escritorio,I,4,8,2,< 0.01,110,12,sensetup.com.br/blogs/artigos/apoio-de-bracos-de-cadeira-de-escritorio-diferencas,Sep 07
braços para cadeira,IT,4,7,2,< 0.01,480,21,sensetup.com.br/blogs/artigos/apoio-de-bracos-de-cadeira-de-escritorio-diferencas,Sep 02
cadeira com nr17,CI,4,8,2,< 0.01,90,9,sensetup.com.br/collections/cadeiras-ergonomicas,Sep 04
melhores cadeira de escritório,C,6,8,2,< 0.01,170,26,sensetup.com.br/blogs/artigos/melhores-cadeiras-ergonomicas,Aug 27
marca de cadeira de escritório,I,6,9,2,< 0.01,110,23,sensetup.com.br/collections/cadeiras-ergonomicas,4 days
suporte pes,I,19,7,2,< 0.01,1.9K,17,sensetup.com.br/blogs/artigos/apoio-para-os-pes-beneficios-e-dicas,Aug 23
cadeira simples de escritorio,CI,30,7,2,< 0.01,2.9K,27,sensetup.com.br/collections/cadeiras-ergonomicas,Jul 28
cosy cos,I,17,6,2,< 0.01,720,23,sensetup.com.br/products/cadeira-ergonomica-cosy-t03,Sep 04
apoio braco cadeira,C,4,7,2,< 0.01,170,15,sensetup.com.br/blogs/artigos/apoio-de-bracos-de-cadeira-de-escritorio-diferencas,3 days
medidas cadeira,I,5,7,2,< 0.01,480,10,sensetup.com.br/blogs/artigos/tamanho-de-cadeira-para-escritorio,Aug 30
marcas de cadeiras,I,5,9,2,< 0.01,110,15,sensetup.com.br/collections/cadeiras-ergonomicas,Aug 29
marcas de cadeira de escritorio,I,8,9,2,< 0.01,260,21,sensetup.com.br/collections/cadeiras-ergonomicas,Aug 26
apoio pe,I,14,8,2,< 0.01,1.6K,15,sensetup.com.br/blogs/artigos/apoio-para-os-pes-beneficios-e-dicas,Aug 24
cadeira para escritorio simples,CI,24,7,2,< 0.01,2.9K,25,sensetup.com.br/collections/cadeiras-ergonomicas,Sep 15
liber novo cadeira,IN,3,6,2,< 0.01,140,34,sensetup.com.br/products/cadeira-ergonomica-libernovo-omni-dynamic,1 day
braço de cadeira de escritório,I,7,6,2,< 0.01,170,20,sensetup.com.br/blogs/artigos/apoio-de-bracos-de-cadeira-de-escritorio-diferencas,Sep 13
pernas cruzadas,I,,6,2,< 0.01,880,22,sensetup.com.br/blogs/artigos/pernas-cruzadas-entenda-como-pode-prejudicar-sua-saude,Jul 27
cadeira sentada,I,4,5,2,< 0.01,110,21,sensetup.com.br/blogs/artigos/cadeiras-para-quem-passa-horas-sentado,Aug 26
estrutura mesa regulagem de altura,I,2,7,2,< 0.01,110,18,sensetup.com.br/collections/mesas-com-regulagem-de-altura,21 hours
cadeira para quem tem hérnia de disco,I,3,9,2,< 0.01,110,10,sensetup.com.br/blogs/artigos/melhor-cadeira-para-quem-tem-hernia-de-disco,Aug 14
cadeiras para estudo confortável,I,8,10,2,< 0.01,720,31,sensetup.com.br/blogs/artigos/cadeira-confortavel-para-estudar,Sep 07
almofada ergonômica para cadeira,I,2,7,2,< 0.01,110,16,sensetup.com.br/products/almofada-cadeira-gamer,Sep 06
altura de mesa de escritorio,I,4,8,2,< 0.01,170,10,sensetup.com.br/blogs/artigos/altura-de-mesa-de-escritorio,Aug 29
cadeira para pc,C,21,7,2,< 0.01,1.9K,29,sensetup.com.br/collections/cadeiras-ergonomicas,Aug 20
cadeira de escritório confortável para coluna,CI,7,9,2,< 0.01,590,15,sensetup.com.br/collections/cadeiras-ergonomicas,Aug 17
tecido mesh,I,4,8,2,< 0.01,390,9,sensetup.com.br/blogs/artigos/tela-mesh-o-que-e-e-quais-sao-os-diferenciais,Aug 07
apoio de pés para escritório,I,11,8,2,< 0.01,720,10,sensetup.com.br/blogs/artigos/apoio-para-os-pes-beneficios-e-dicas,Sep 13
cadeiras ergonômicas para home office,C,3,9,2,< 0.01,110,33,sensetup.com.br/collections/cadeiras-ergonomicas,4 days
cadeira egornomica,C,,7,2,< 0.01,390,17,sensetup.com.br/collections/cadeiras-ergonomicas,Sep 13
mesa com regulagem eletrica,I,6,7,2,< 0.01,90,21,sensetup.com.br/collections/mesas-com-regulagem-de-altura,Aug 25
a08 sensetup,IT,5,7,2,< 0.01,260,18,sensetup.com.br/,4 days
apoio de pé escritório,I,17,7,2,< 0.01,1.6K,13,sensetup.com.br/blogs/artigos/apoio-para-os-pes-beneficios-e-dicas,Aug 22
cadeira sensetup cosy t03,CI,4,6,2,< 0.01,390,30,sensetup.com.br/,Aug 17
mesa 140x60,I,7,7,2,< 0.01,210,22,sensetup.com.br/products/tampo-de-mesa-ergonomico-140x60,Jul 31
sensetup reclame aqui,N,5,4,2,< 0.01,210,30,sensetup.com.br/,Sep 01
cadeira em mesh,I,10,7,2,< 0.01,720,14,sensetup.com.br/blogs/artigos/tela-mesh-o-que-e-e-quais-sao-os-diferenciais,Aug 20
cadeira cozy t03,C,,7,2,< 0.01,1K,28,sensetup.com.br/products/cadeira-ergonomica-cosy-t03,Aug 25
cadeira para estudo confortavel,CI,6,11,2,< 0.01,390,22,sensetup.com.br/blogs/artigos/cadeira-confortavel-para-estudar,Aug 26
sensetup cosy t03 mesh,IT,2,6,2,< 0.01,90,11,sensetup.com.br/products/cadeira-ergonomica-cosy-t03-open-box,Sep 12
cadeira ortopedica escritorio,C,,7,2,< 0.01,170,25,sensetup.com.br/products/cadeira-ergonomica-a161-openbox,Aug 16
mesa escritorio ergonomica,I,4,7,2,< 0.01,90,14,sensetup.com.br/collections/mesas-com-regulagem-de-altura,Aug 01
cadeira para estudar confortável,CI,5,10,2,< 0.01,210,29,sensetup.com.br/blogs/artigos/cadeira-confortavel-para-estudar,Sep 03
costy t03,I,,7,2,< 0.01,210,32,sensetup.com.br/blogs/artigos/perfs-e5-cosy-t03-descubra-as-diferencas,Aug 12
mesa sensetup,I,2,9,2,< 0.01,110,22,sensetup.com.br/,Aug 19
mercado livre cosy t03,IT,4,7,2,< 0.01,210,35,sensetup.com.br/products/cadeira-ergonomica-cosy-t03,Aug 28
qual a melhor cadeira ergonomica,C,2,8,2,< 0.01,90,13,sensetup.com.br/collections/cadeiras-ergonomicas,Sep 05
cadeiras de escritorio,C,43,7,2,< 0.01,9.9K,26,sensetup.com.br/collections/cadeiras-ergonomicas,4 days
cadeira nr17 escritorio,IT,5,7,2,< 0.01,90,n/a,sensetup.com.br/collections/cadeiras-ergonomicas,18 hours
suporte para pé,I,19,7,2,< 0.01,1.6K,19,sensetup.com.br/blogs/artigos/apoio-para-os-pes-beneficios-e-dicas,Aug 29
mesa gamer com regulagem de altura,I,11,5,2,< 0.01,480,29,sensetup.com.br/collections/mesas-com-regulagem-de-altura,Jul 27
cupom de desconto sensetup,T,1,8,2,< 0.01,90,21,sensetup.com.br/pages/contact,Aug 17
mesa ergometrica,I,7,7,2,< 0.01,110,19,sensetup.com.br/collections/mesas-com-regulagem-de-altura,Aug 26
apoio de pes para cadeira,I,2,8,2,< 0.01,110,7,sensetup.com.br/blogs/artigos/apoio-para-os-pes-beneficios-e-dicas,Aug 16
a08 da sensetup,I,2,7,2,< 0.01,110,19,sensetup.com.br/products/cadeira-ergonomica-a08-premium-openbox,17 hours
sensetup halec d,IT,2,6,2,< 0.01,90,21,sensetup.com.br/products/mesa-de-altura-regulavel-halec-duo-w,Jul 25
cadeira ergonomica para estudo,I,2,8,2,< 0.01,140,27,sensetup.com.br/collections/cadeiras-ergonomicas,Aug 09
apoiador pés,C,11,6,2,< 0.01,720,12,sensetup.com.br/blogs/artigos/apoio-para-os-pes-beneficios-e-dicas,Aug 21
cadeira ergonomica para escritorio,I,6,7,2,< 0.01,260,25,sensetup.com.br/collections/cadeiras-ergonomicas,Aug 13
apoio de pe para escritorio,I,13,6,2,< 0.01,880,21,sensetup.com.br/blogs/artigos/apoio-para-os-pes-beneficios-e-dicas,Sep 01
lights bar,T,,6,2,< 0.01,140,34,sensetup.com.br/products/luminaria-monitor-lugis-light-bar-ajuste-wireless,3 days
cadeira confortável para trabalhar,I,6,8,2,< 0.01,390,23,sensetup.com.br/blogs/artigos/cadeiras-para-quem-passa-horas-sentado,Sep 14
suporte para pes,I,18,7,2,< 0.01,1.9K,20,sensetup.com.br/blogs/artigos/apoio-para-os-pes-beneficios-e-dicas,Aug 21
cadeira confortável,I,24,9,2,< 0.01,3.6K,30,sensetup.com.br/collections/cadeiras-ergonomicas,2 days
suporte pé,I,20,6,2,< 0.01,1.6K,20,sensetup.com.br/blogs/artigos/apoio-para-os-pes-beneficios-e-dicas,Aug 21
mesa para trabalhar em pé,CI,6,10,2,< 0.01,320,23,sensetup.com.br/blogs/artigos/mesa-para-trabalhar-em-pe,Sep 06
apoio para o pe escritorio,I,16,8,2,< 0.01,1.9K,11,sensetup.com.br/blogs/artigos/apoio-para-os-pes-beneficios-e-dicas,Aug 18
iluminacao escritorio,I,11,8,2,< 0.01,720,19,sensetup.com.br/blogs/artigos/melhor-luminaria-para-escritorio,Aug 29
cadeiras para escritorio confortavel,I,9,7,2,< 0.01,880,29,sensetup.com.br/collections/cadeiras-ergonomicas,Aug 02
ligh bar,C,3,8,2,< 0.01,210,29,sensetup.com.br/products/luminaria-monitor-lugis-light-bar-ajuste-wireless,Aug 05
cadeira ergnomica,C,6,8,2,< 0.01,110,14,sensetup.com.br/collections/cadeiras-ergonomicas,Sep 01
cadeiras home office,C,7,9,2,< 0.01,320,25,sensetup.com.br/collections/cadeiras-ergonomicas,Aug 06
cadeira de escritorio presidente ergonomica,CI,3,9,2,< 0.01,110,13,sensetup.com.br/collections/cadeiras-ergonomicas,Sep 12
cadeira secretaria,C,26,6,2,< 0.01,3.6K,21,sensetup.com.br/collections/cadeiras-ergonomicas,Sep 13
como regular cadeira de escritório,I,4,7,2,< 0.01,110,17,sensetup.com.br/blogs/artigos/dicas-para-ajustar-cadeira-ergonomica,Jul 31
t03 cosy,I,,9,2,< 0.01,110,28,sensetup.com.br/products/cadeira-ergonomica-cosy-t03,Aug 02
mesas automaticas,I,5,7,2,< 0.01,140,11,sensetup.com.br/collections/mesas-com-regulagem-de-altura,Aug 27
cadeira braço,CI,4,7,2,< 0.01,90,18,sensetup.com.br/blogs/artigos/apoio-de-bracos-de-cadeira-de-escritorio-diferencas,Jul 27
cadeira inclinável,CI,4,5,2,< 0.01,110,16,sensetup.com.br/blogs/artigos/cadeira-reclinavel-vs-inclinacao-dinamica,Aug 01
cadeira ergonômica sensetup a08,NT,2,7,2,< 0.01,110,19,sensetup.com.br/products/cadeira-ergonomica-a08-premium-openbox,4 days
cadeiras nr 17,I,12,9,2,< 0.01,720,21,sensetup.com.br/collections/cadeiras-ergonomicas,Sep 02
sensetup cosy 03,I,7,7,2,< 0.01,1.6K,22,sensetup.com.br/,Sep 12
sensetup cosy 03,I,8,7,2,< 0.01,1.6K,22,sensetup.com.br/products/mecanismo-t03-889358878,Sep 12
sensetup perfs e5,I,8,6,2,< 0.01,590,23,sensetup.com.br/blogs/artigos/perfs-e5-e-a08-qual-cadeira-escolher,Sep 12
cadeira perfs e5,C,,6,2,< 0.01,210,26,sensetup.com.br/products/cadeira-presidente-ergonomica-perfs-e5,Aug 06
assento para cadeira gamer,I,4,8,2,< 0.01,110,23,sensetup.com.br/products/almofada-cadeira-gamer,Sep 13
apoio de pés escritorio,CI,7,9,2,< 0.01,720,12,sensetup.com.br/blogs/artigos/apoio-para-os-pes-beneficios-e-dicas,Aug 09
cadeira de escritorio nr 17,C,6,9,2,< 0.01,140,14,sensetup.com.br/collections/cadeiras-ergonomicas,Aug 27
cadeiras estudos,C,14,7,2,< 0.01,720,25,sensetup.com.br/blogs/artigos/cadeira-confortavel-para-estudar,Sep 09
cadeira de ergonomica escritorio,I,4,7,2,< 0.01,110,24,sensetup.com.br/collections/cadeiras-ergonomicas,Aug 13
ergonomia para cadeiras,C,8,6,2,< 0.01,320,11,sensetup.com.br/collections/cadeiras-ergonomicas,Aug 10
cadeira para estudo confortável,I,9,9,2,< 0.01,720,22,sensetup.com.br/blogs/artigos/cadeira-confortavel-para-estudar,Aug 17
cadeira de escritório confortável,I,,8,2,< 0.01,6.6K,36,sensetup.com.br/collections/cadeiras-ergonomicas,19 hours
cadera ergonomica,C,7,7,2,< 0.01,90,37,sensetup.com.br/collections/cadeiras-ergonomicas,Aug 06
setup gaming completo,C,7,8,2,< 0.01,590,27,sensetup.com.br/blogs/artigos/quanto-custa-um-setup-gamer-completo,Aug 18
suporte para pés,I,17,7,2,< 0.01,1.6K,9,sensetup.com.br/blogs/artigos/apoio-para-os-pes-beneficios-e-dicas,Aug 23
apoio para pés escritório,I,17,8,2,< 0.01,1.6K,13,sensetup.com.br/blogs/artigos/apoio-para-os-pes-beneficios-e-dicas,Aug 20
mesa com elevacao,I,5,9,2,< 0.01,110,22,sensetup.com.br/collections/mesas-com-regulagem-de-altura,Aug 26
cadeira libernovo omni,C,,7,2,< 0.01,110,27,sensetup.com.br/products/cadeira-ergonomica-libernovo-omni-dynamic,Aug 16
light bar para monitor,C,13,7,1,< 0.01,720,27,sensetup.com.br/products/luminaria-monitor-barra-ledbar-lura,Aug 15
cadeira ergonomica branca,I,21,6,1,< 0.01,1.3K,25,sensetup.com.br/collections/cadeiras-ergonomicas,Aug 25
mesa em pé,C,6,8,1,< 0.01,110,28,sensetup.com.br/blogs/artigos/mesa-para-trabalhar-em-pe,Aug 30
cadeira ergonômica boa e barata,I,3,7,1,< 0.01,90,30,sensetup.com.br/collections/cadeiras-ergonomicas,Sep 14
melhor cadeira de escritorio,C,13,8,1,< 0.01,880,27,sensetup.com.br/collections/cadeiras-ergonomicas,Sep 11
altura padrão mesa escritório,I,6,9,1,< 0.01,390,7,sensetup.com.br/blogs/artigos/altura-de-mesa-de-escritorio,Sep 01
cadeira ergonomica para estudos,I,2,10,1,< 0.01,90,33,sensetup.com.br/collections/cadeiras-ergonomicas,15 hours
cadeira de escritorio ergometrica,CI,7,8,1,< 0.01,170,27,sensetup.com.br/collections/cadeiras-ergonomicas,Aug 05
cadeira ergonomic,IT,6,8,1,< 0.01,170,23,sensetup.com.br/collections/cadeiras-ergonomicas,Sep 05
braco para cadeira de escritorio,C,5,6,1,< 0.01,170,1,sensetup.com.br/blogs/artigos/apoio-de-bracos-de-cadeira-de-escritorio-diferencas,Aug 02
apoio de braço cadeira escritorio,I,4,7,1,< 0.01,90,13,sensetup.com.br/blogs/artigos/apoio-de-bracos-de-cadeira-de-escritorio-diferencas,Sep 08
apoio de pés,I,15,8,1,< 0.01,720,11,sensetup.com.br/blogs/artigos/apoio-para-os-pes-beneficios-e-dicas,Aug 24
altura mesa,I,11,10,1,< 0.01,1K,18,sensetup.com.br/blogs/artigos/altura-de-mesa-de-escritorio,Aug 20
mesa gamer com ajuste de altura,I,3,9,1,< 0.01,90,29,sensetup.com.br/collections/mesas-com-regulagem-de-altura,Aug 26
sensetup soldis a08,I,8,5,1,< 0.01,260,29,sensetup.com.br/,Sep 13
cadeira ergonomica presidente,I,24,8,1,< 0.01,2.4K,19,sensetup.com.br/blogs/artigos/cadeira-presidente-ergonomica-vale-a-pena,Aug 11
cadeira esgonomica,C,5,7,1,< 0.01,90,21,sensetup.com.br/collections/cadeiras-ergonomicas,Sep 06
cadeira escritorio confortavel,CI,,8,1,< 0.01,6.6K,37,sensetup.com.br/collections/cadeiras-ergonomicas,4 days
altura mesa de escritorio,I,8,9,1,< 0.01,390,7,sensetup.com.br/blogs/artigos/altura-de-mesa-de-escritorio,Sep 12
ligthbar,C,8,7,1,< 0.01,320,28,sensetup.com.br/blogs/artigos/light-bar-para-setup,Aug 31
ligthbar,C,9,7,1,< 0.01,320,28,sensetup.com.br/blogs/artigos/light-bar-para-setup,Aug 31
cadeira de escritorio ergonomica nr17,I,8,7,1,< 0.01,110,9,sensetup.com.br/collections/cadeiras-ergonomicas,19 hours
apoio de pé para escritorio,I,10,9,1,< 0.01,1K,15,sensetup.com.br/blogs/artigos/apoio-para-os-pes-beneficios-e-dicas,Aug 28
descanso de pé escritório,CI,10,10,1,< 0.01,390,17,sensetup.com.br/blogs/artigos/apoio-para-os-pes-beneficios-e-dicas,Sep 13
setup escritorio,I,8,7,1,< 0.01,260,14,sensetup.com.br/collections/acessorios,Sep 06
mesa escritorio regulagem de altura,CI,,8,1,< 0.01,210,19,sensetup.com.br/collections/mesas-com-regulagem-de-altura,Jul 28
alturas mesas,I,5,10,1,< 0.01,260,13,sensetup.com.br/blogs/artigos/altura-de-mesa-de-escritorio,Sep 06
braco cadeira,CI,7,7,1,< 0.01,320,11,sensetup.com.br/blogs/artigos/apoio-de-bracos-de-cadeira-de-escritorio-diferencas,Sep 07
apoiador de pe,I,16,7,1,< 0.01,1K,18,sensetup.com.br/blogs/artigos/apoio-para-os-pes-beneficios-e-dicas,Aug 20
cadeira escrito,C,,7,1,< 0.01,170,30,sensetup.com.br/blogs/artigos/melhores-cadeiras-ergonomicas,Aug 29
apoio de pe para cadeira de escritório,CI,4,7,1,< 0.01,90,21,sensetup.com.br/blogs/artigos/apoio-para-os-pes-beneficios-e-dicas,Jul 25
cadeira ergonômica de escritório,C,8,7,1,< 0.01,260,25,sensetup.com.br/collections/cadeiras-ergonomicas,Sep 11
cadeiras ergonomicas home office,CI,,8,1,< 0.01,320,25,sensetup.com.br/collections/cadeiras-ergonomicas,Sep 13
cadeira ergometrica para escritorio,I,8,7,1,< 0.01,210,15,sensetup.com.br/collections/cadeiras-ergonomicas,Aug 06
cadeiras ergonômicas cadeira de escritorio,C,7,8,1,< 0.01,390,32,sensetup.com.br/collections/cadeiras-ergonomicas,Aug 01
cadeiras para escritório ergonomica,C,8,8,1,< 0.01,260,24,sensetup.com.br/collections/cadeiras-ergonomicas,Aug 10
descansa pes,I,,9,1,< 0.01,90,13,sensetup.com.br/blogs/artigos/apoio-para-os-pes-beneficios-e-dicas,Sep 05
medidas de una mesa de escritorio,I,10,8,1,< 0.01,210,11,sensetup.com.br/blogs/artigos/altura-de-mesa-de-escritorio,Aug 16
apoiador de pé,IT,15,8,1,< 0.01,1K,18,sensetup.com.br/blogs/artigos/apoio-para-os-pes-beneficios-e-dicas,Aug 20
apoio pés ergonomico,I,20,6,1,< 0.01,1K,15,sensetup.com.br/blogs/artigos/apoio-para-os-pes-beneficios-e-dicas,Aug 18
loja de cadeiras de escritorio,C,28,7,1,< 0.01,1.9K,34,sensetup.com.br/collections/cadeiras-ergonomicas,Aug 24
cadeiras para escritorio,C,41,8,1,< 0.01,5.4K,26,sensetup.com.br/collections/cadeiras-ergonomicas,Sep 15
apoio de pe escritorio,CI,13,9,1,< 0.01,720,17,sensetup.com.br/blogs/artigos/apoio-para-os-pes-beneficios-e-dicas,Sep 09
cadeiras para home office,I,6,9,1,< 0.01,590,24,sensetup.com.br/collections/cadeiras-ergonomicas,Aug 29
melhor cadeira presidente,C,7,8,1,< 0.01,90,19,sensetup.com.br/blogs/artigos/top-5-cadeiras-presidente-escritorio,Jul 27
apoio para os pes para escritorio,C,13,7,1,< 0.01,720,14,sensetup.com.br/blogs/artigos/apoio-para-os-pes-beneficios-e-dicas,Aug 18
apoio para os pes para escritorio,C,18,7,1,< 0.01,720,14,sensetup.com.br/blogs/artigos/apoio-para-os-pes-beneficios-e-dicas,Aug 18
cadeira de trabalho,C,18,7,1,< 0.01,720,25,sensetup.com.br/collections/cadeiras-ergonomicas,Aug 31
cadeiras ergométricas,I,,9,1,< 0.01,110,29,sensetup.com.br/blogs/artigos/melhores-cadeiras-ergonomicas,Aug 13
cadeira de escritório ergonômica sensetup cosy t03 mesh reviews,T,1,7,1,< 0.01,170,34,sensetup.com.br/products/cadeira-ergonomica-cosy-t03,Aug 21
lightbar monitor,C,15,7,1,< 0.01,880,26,sensetup.com.br/products/luminaria-monitor-barra-ledbar-lura,Sep 06
apoio braço cadeira escritorio,C,5,7,1,< 0.01,90,12,sensetup.com.br/blogs/artigos/apoio-de-bracos-de-cadeira-de-escritorio-diferencas,3 days
altura padrão escrivaninha,I,8,6,1,< 0.01,170,8,sensetup.com.br/blogs/artigos/altura-de-mesa-de-escritorio,Aug 30
apoio pes escritorio,I,10,7,1,< 0.01,480,13,sensetup.com.br/blogs/artigos/apoio-para-os-pes-beneficios-e-dicas,Sep 03
altura mesa escritório ergonomia,I,7,7,1,< 0.01,90,7,sensetup.com.br/blogs/artigos/altura-de-mesa-de-escritorio,Sep 12
cadeira ergonomica],C,5,6,1,< 0.01,90,20,sensetup.com.br/collections/cadeiras-ergonomicas,Jul 26
cadeira de estudos confortavel,CI,,8,1,< 0.01,260,19,sensetup.com.br/blogs/artigos/cadeira-confortavel-para-estudar,Aug 16
cadeira de estudos confortavel,CI,8,8,1,< 0.01,260,19,sensetup.com.br/blogs/artigos/cadeira-confortavel-para-estudar,Aug 16
sensetup souldis a08,IT,9,7,1,< 0.01,260,30,sensetup.com.br/,Sep 14
como lavar cadeira de escritório,I,1,7,1,< 0.01,90,8,sensetup.com.br/blogs/artigos/como-limpar-cadeira-de-escritorio-passo-a-passo,Aug 01
cadeira egonomica,C,13,7,1,< 0.01,880,27,sensetup.com.br/collections/cadeiras-ergonomicas,Sep 01
cadeira egornomica,C,13,7,1,< 0.01,390,17,sensetup.com.br/collections/cadeiras-ergonomicas,Sep 13
altura escrivaninha,I,10,8,1,< 0.01,880,18,sensetup.com.br/blogs/artigos/altura-de-mesa-de-escritorio,Aug 17
a08 sensetup,IT,8,7,1,< 0.01,260,18,sensetup.com.br/blogs/artigos/perfs-e5-e-a08-qual-cadeira-escolher,4 days
altura ideal mesa escritório,I,4,9,1,< 0.01,260,8,sensetup.com.br/blogs/artigos/altura-de-mesa-de-escritorio,Aug 26
cadeira sensetup cosy t03,CI,,6,1,< 0.01,390,30,sensetup.com.br/products/cadeira-ergonomica-cosy-t03,Aug 17
altura da mesa de escritório,I,5,8,1,< 0.01,140,7,sensetup.com.br/blogs/artigos/altura-de-mesa-de-escritorio,Sep 04
cadeir ergonomica,C,8,7,1,< 0.01,140,21,sensetup.com.br/collections/cadeiras-ergonomicas,Sep 15
e5 2676 v3,CI,11,6,1,< 0.01,170,25,sensetup.com.br/products/cadeira-presidente-ergonomica-perfs-e5,24 hours
altura mesa de trabalho,I,,7,1,< 0.01,210,8,sensetup.com.br/blogs/artigos/altura-de-mesa-de-escritorio,Sep 09
apoio de braço para cadeira de escritorio,CI,5,7,1,< 0.01,170,17,sensetup.com.br/blogs/artigos/apoio-de-bracos-de-cadeira-de-escritorio-diferencas,Aug 13
sensetup reclame aqui,N,9,4,1,< 0.01,210,30,sensetup.com.br/pages/processo-de-devolucao-e-garantia,Sep 01
cadeira boa para estudo,C,5,9,1,< 0.01,90,25,sensetup.com.br/blogs/artigos/cadeira-confortavel-para-estudar,Aug 15
melhor cadeira escritorio,C,8,9,1,< 0.01,390,20,sensetup.com.br/collections/cadeiras-ergonomicas,Aug 11
cadeira escritorio simples,I,33,6,1,< 0.01,1.9K,21,sensetup.com.br/collections/cadeiras-ergonomicas,Aug 23
cadeira executivo para escritorio,C,11,5,1,< 0.01,260,15,sensetup.com.br/collections/cadeiras-ergonomicas,Aug 03
cadeira cozy t03,C,17,7,1,< 0.01,1K,28,sensetup.com.br/,Aug 25
braço cadeira de escritorio,I,5,6,1,< 0.01,90,20,sensetup.com.br/blogs/artigos/apoio-de-bracos-de-cadeira-de-escritorio-diferencas,Sep 11
cdeira ergonomica,C,6,6,1,< 0.01,110,23,sensetup.com.br/collections/cadeiras-ergonomicas,Sep 15
cadeira ergonomica de escritorio,C,7,7,1,< 0.01,170,24,sensetup.com.br/collections/cadeiras-ergonomicas,Jul 27
cadeira ergonômica escritório celentia a161,C,,9,1,< 0.01,170,20,sensetup.com.br/products/cadeira-ergonomica-a161-openbox,Sep 14
cadeira para esc,C,14,6,1,< 0.01,880,31,sensetup.com.br/collections/cadeiras-ergonomicas,Aug 17
melhor cadeira de escritório,C,,9,1,< 0.01,260,24,sensetup.com.br/blogs/artigos/melhores-cadeiras-ergonomicas,Aug 13
cadeira ergonomica boa,C,5,9,1,< 0.01,90,16,sensetup.com.br/collections/cadeiras-ergonomicas,Aug 10
mesa sensetup,I,3,9,1,< 0.01,110,22,sensetup.com.br/products/mesa-com-regulagem-de-altura-eletrica-halec-duo,Aug 19
mesa sensetup,I,5,9,1,< 0.01,110,22,sensetup.com.br/products/mesa-com-regulagem-eletrica-de-altura-halec-e,Aug 19
mesa de escritorio que sobe e desce,I,10,7,1,< 0.01,210,27,sensetup.com.br/collections/mesas-com-regulagem-de-altura,Aug 14
cadeira confortavel para escritorio,I,7,8,1,< 0.01,390,32,sensetup.com.br/collections/cadeiras-ergonomicas,Aug 03
cadeira confortavel para escritorio,I,9,8,1,< 0.01,390,32,sensetup.com.br/collections/cadeiras-ergonomicas,Aug 03
parede quarto gamer,I,,7,1,< 0.01,90,28,sensetup.com.br/blogs/artigos/quanto-custa-um-setup-gamer-completo,2 days
altura padrão de mesa,I,12,8,1,< 0.01,720,11,sensetup.com.br/blogs/artigos/altura-de-mesa-de-escritorio,Aug 29
cadeira nr 17 ergonomia,C,7,9,1,< 0.01,210,14,sensetup.com.br/collections/cadeiras-ergonomicas,Sep 12
light bar light bar,CI,21,7,1,< 0.01,720,24,sensetup.com.br/products/luminaria-monitor-barra-ledbar-lura,Jul 28
descanso pés,I,14,8,1,< 0.01,1K,22,sensetup.com.br/blogs/artigos/apoio-para-os-pes-beneficios-e-dicas,Aug 17
apoio braço cadeira,I,7,7,1,< 0.01,110,11,sensetup.com.br/blogs/artigos/apoio-de-bracos-de-cadeira-de-escritorio-diferencas,Jul 29
apoio para os pes ergonomico,CI,18,8,1,< 0.01,1.3K,11,sensetup.com.br/blogs/artigos/apoio-para-os-pes-beneficios-e-dicas,Aug 27
cadeira de escritório ergonômica sensetup cosy t03 mesh,IT,3,6,1,< 0.01,170,19,sensetup.com.br/,Aug 10
cupom de desconto sensetup,T,,8,1,< 0.01,90,21,sensetup.com.br/pages/contact,Aug 17
cupom de desconto sensetup,T,3,8,1,< 0.01,90,21,sensetup.com.br/collections/frontpage,Aug 17
cadeira ergonomica preta,I,8,7,1,< 0.01,320,16,sensetup.com.br/collections/cadeiras-ergonomicas,Sep 03
sensetup cupom,T,9,6,1,< 0.01,260,34,sensetup.com.br/collections/all,Sep 04
cadeira presidente ergonômica perfs e5,C,,8,1,< 0.01,260,26,sensetup.com.br/products/cadeira-presidente-ergonomica-perfs-e5,Aug 04
cadeira presidente ergonômica perfs e5,C,,8,1,< 0.01,260,26,sensetup.com.br/products/cadeira-presidente-ergonomica-perfs-e5-openbox,Aug 04
ergonomia no computador,I,7,6,1,< 0.01,140,15,sensetup.com.br/blogs/artigos/postura-correta-para-sentar-na-frente-do-computador,Sep 01
cosy a08,I,,6,1,< 0.01,170,29,sensetup.com.br/products/cadeira-ergonomica-a08-premium,Sep 06
nr17 cadeira,I,24,8,1,< 0.01,1.9K,17,sensetup.com.br/blogs/artigos/como-identificar-cadeira-de-escritorio-nr17,Aug 21
apoio de pe,I,,9,1,< 0.01,2.4K,17,sensetup.com.br/blogs/artigos/apoio-para-os-pes-beneficios-e-dicas,Aug 21
suporte para pés escritório,I,10,9,1,< 0.01,720,11,sensetup.com.br/blogs/artigos/apoio-para-os-pes-beneficios-e-dicas,Aug 26
cadeiras ergonomicas para escritório,C,8,8,1,< 0.01,210,23,sensetup.com.br/collections/cadeiras-ergonomicas,Aug 08
pés de apoio,I,9,8,1,< 0.01,480,9,sensetup.com.br/blogs/artigos/apoio-para-os-pes-beneficios-e-dicas,Sep 15
apoio para pes escritorio,CI,11,7,1,< 0.01,480,14,sensetup.com.br/blogs/artigos/apoio-para-os-pes-beneficios-e-dicas,Aug 28
suporte para os pés,I,18,8,1,< 0.01,1.9K,12,sensetup.com.br/blogs/artigos/apoio-para-os-pes-beneficios-e-dicas,Aug 21
a08 da sensetup,I,5,7,1,< 0.01,110,19,sensetup.com.br/,17 hours
altura de cadeira,I,7,7,1,< 0.01,390,11,sensetup.com.br/blogs/artigos/tamanho-de-cadeira-para-escritorio,Aug 31
tampo de mesa 180x70,IT,,7,1,< 0.01,110,7,sensetup.com.br/products/tampo-de-mesa-ergonomico-180x70,3 days
tampo de mesa 180x70,IT,,7,1,< 0.01,110,7,sensetup.com.br/products/tampo-de-mesa-ergonomico-180x70,3 days
altura padrao de mesa de escritorio,I,5,9,1,< 0.01,210,6,sensetup.com.br/blogs/artigos/altura-de-mesa-de-escritorio,Sep 14
iluminação em escritorios,CI,23,8,1,< 0.01,880,17,sensetup.com.br/blogs/artigos/melhor-luminaria-para-escritorio,Aug 25
cadeira ergonomica a08,I,,9,1,< 0.01,110,24,sensetup.com.br/products/cadeira-ergonomica-a08-premium-openbox,Sep 05
cadeira ergonomica a08,I,,9,1,< 0.01,110,24,sensetup.com.br/products/cadeira-ergonomica-a08-premium,Sep 05
altura mesa escritório,I,7,8,1,< 0.01,320,9,sensetup.com.br/blogs/artigos/altura-de-mesa-de-escritorio,Sep 11
cadeira para escritório confortável,C,13,7,1,< 0.01,880,25,sensetup.com.br/collections/cadeiras-ergonomicas,Jul 27
ergonomia em escritorio,I,5,6,1,< 0.01,140,19,sensetup.com.br/blogs/artigos/ergonomia-para-escritorios,Aug 06
melhores cadeiras presidente,C,6,8,1,< 0.01,90,17,sensetup.com.br/blogs/artigos/top-5-cadeiras-presidente-escritorio,Jul 31
descanso para pés,I,17,8,1,< 0.01,1.3K,17,sensetup.com.br/blogs/artigos/apoio-para-os-pes-beneficios-e-dicas,Aug 31
cadeira a08 sensetup,IT,4,8,1,< 0.01,140,20,sensetup.com.br/,Aug 20
computador ergonomia,I,6,7,1,< 0.01,140,11,sensetup.com.br/blogs/artigos/postura-correta-para-sentar-na-frente-do-computador,Aug 18
mesa controle,I,24,7,1,< 0.01,720,16,sensetup.com.br/collections/mesas-com-regulagem-de-altura,Jul 29
apoio de pé ergonômico,I,9,10,1,< 0.01,260,8,sensetup.com.br/blogs/artigos/apoio-para-os-pes-beneficios-e-dicas,Aug 15
mesa gamer ajuste de altura,I,5,7,1,< 0.01,110,18,sensetup.com.br/collections/mesas-com-regulagem-de-altura,Aug 05
cadeira confortável para estudo,I,,11,1,< 0.01,1K,21,sensetup.com.br/blogs/artigos/cadeira-confortavel-para-estudar,Aug 24
cadeira pra estudos,I,8,8,1,< 0.01,110,24,sensetup.com.br/blogs/artigos/cadeira-confortavel-para-estudar,4 days
a08 cadeira,I,,9,1,< 0.01,260,30,sensetup.com.br/products/cadeira-ergonomica-a08-premium,4 days
a08 cadeira,I,,9,1,< 0.01,260,30,sensetup.com.br/products/cadeira-ergonomica-a08-premium,4 days
a08 cadeira,I,9,9,1,< 0.01,260,30,sensetup.com.br/blogs/artigos/como-montar-cadeira-de-escritorio,4 days
cadeira confortavel para trabalho,I,6,8,1,< 0.01,210,27,sensetup.com.br/blogs/artigos/cadeira-confortavel-de-trabalho,Sep 13
encosto para costas cama,I,,9,1,< 0.01,110,21,sensetup.com.br/blogs/artigos/como-usar-apoio-para-lombar-corretamente,Aug 07
t03 cosy,I,,9,1,< 0.01,110,28,sensetup.com.br/blogs/artigos/perfs-e5-cosy-t03-descubra-as-diferencas,Aug 02
cadeira de ergonomica,IT,,7,1,< 0.01,140,23,sensetup.com.br/products/cadeira-ergonomica-a161,Jul 31
cadeira de ergonomica,IT,5,7,1,< 0.01,140,23,sensetup.com.br/collections/cadeiras-ergonomicas,Jul 31
mesa para trabalhar em pe,I,9,8,1,< 0.01,260,23,sensetup.com.br/blogs/artigos/mesa-para-trabalhar-em-pe,Aug 11
cadeira boa para estudar,CI,4,9,1,< 0.01,90,27,sensetup.com.br/blogs/artigos/cadeira-confortavel-para-estudar,Sep 05
altura padrão de mesa de escritório,I,,9,1,< 0.01,320,7,sensetup.com.br/blogs/artigos/altura-de-mesa-de-escritorio,Aug 28
altura padrão de mesa de escritório,I,5,9,1,< 0.01,320,7,sensetup.com.br/blogs/artigos/altura-de-mesa-de-escritorio,Aug 28
cadeiras para escritorios,I,23,6,1,< 0.01,720,27,sensetup.com.br/collections/cadeiras-ergonomicas,Sep 01
cadeira ergonômica sensetup a08,NT,4,7,1,< 0.01,110,19,sensetup.com.br/,4 days
sensetup cosy 03,I,10,7,1,< 0.01,1.6K,22,sensetup.com.br/products/cadeira-ergonomica-cosy-t03-open-box,Sep 12
cadeira.ergonomica,C,6,5,1,< 0.01,90,26,sensetup.com.br/collections/cadeiras-ergonomicas,Aug 04
cosy t03 cadeira,C,,8,1,< 0.01,1K,27,sensetup.com.br/products/cadeira-ergonomica-cosy-t03,Aug 21
cadeira de escritorio resistente,I,7,7,1,< 0.01,210,21,sensetup.com.br/collections/cadeiras-ergonomicas,Aug 19
cadeira perfs e5,C,,6,1,< 0.01,210,26,sensetup.com.br/products/cadeira-presidente-ergonomica-perfs-e5,Aug 06
apoio para o pé,I,15,7,1,< 0.01,1.3K,14,sensetup.com.br/blogs/artigos/apoio-para-os-pes-beneficios-e-dicas,Aug 23
cadeiras ergometricas,C,8,7,1,< 0.01,210,30,sensetup.com.br/collections/cadeiras-ergonomicas,Sep 13
melhor cadeira ergonômica para coluna,C,17,9,1,< 0.01,720,13,sensetup.com.br/blogs/artigos/melhores-cadeiras-ergonomicas,Aug 26
altura padrao de mesa,I,13,10,1,< 0.01,720,11,sensetup.com.br/blogs/artigos/altura-de-mesa-de-escritorio,Jul 28
cadeira ergonômica executiva,CI,5,8,1,< 0.01,90,7,sensetup.com.br/collections/cadeiras-ergonomicas,Aug 03
cadeiras de escritório confortável,I,8,7,1,< 0.01,480,27,sensetup.com.br/collections/cadeiras-ergonomicas,Aug 28
cadeira altura,I,6,10,1,< 0.01,390,12,sensetup.com.br/blogs/artigos/tamanho-de-cadeira-para-escritorio,Aug 08
cadeira cosyt03,C,,7,1,< 0.01,720,31,sensetup.com.br/products/cadeira-ergonomica-cosy-t03,Aug 20
cadeira nr17 escritório,C,7,6,1,< 0.01,90,12,sensetup.com.br/collections/cadeiras-ergonomicas,18 hours
cadeira de escritorio home office,C,7,8,1,< 0.01,90,21,sensetup.com.br/collections/cadeiras-ergonomicas,Aug 27
sensetup cosy t03,C,10,7,1,< 0.01,1.6K,28,sensetup.com.br/products/mecanismo-t03-889358878,Aug 20
cadeira ergonomica para estudar,C,7,8,1,< 0.01,260,25,sensetup.com.br/blogs/artigos/cadeira-confortavel-para-estudar,Aug 09
mesa ergonômica para home office,I,4,9,1,< 0.01,90,7,sensetup.com.br/collections/mesas-com-regulagem-de-altura,Aug 26
cadeira ergonomica promoção,C,8,6,1,< 0.01,140,19,sensetup.com.br/collections/cadeiras-ergonomicas,Aug 16
braco de cadeira,I,6,7,1,< 0.01,210,12,sensetup.com.br/blogs/artigos/apoio-de-bracos-de-cadeira-de-escritorio-diferencas,Jul 28
cadeira escritório ergonomica,I,8,8,1,< 0.01,1K,36,sensetup.com.br/collections/cadeiras-ergonomicas,Sep 09
cadeira cosy,I,,7,1,< 0.01,140,27,sensetup.com.br/products/cadeira-ergonomica-cosy-t03,Aug 07
cadeira cosy,I,,7,1,< 0.01,140,27,sensetup.com.br/products/cadeira-ergonomica-cosy-t03,Aug 07
iluminação escritório,I,21,8,1,< 0.01,720,14,sensetup.com.br/blogs/artigos/melhor-luminaria-para-escritorio,Aug 29
o que e ergonomia no trabalho,I,18,7,1,< 0.01,720,26,sensetup.com.br/blogs/artigos/ergonomia-no-trabalho-o-que-voce-precisa-saber,Jul 30
loja de cadeiras para escritorio,C,32,6,1,< 0.01,1.6K,30,sensetup.com.br/collections/cadeiras-ergonomicas,Aug 20
cadeiras escritorio,C,31,6,1,< 0.01,2.4K,28,sensetup.com.br/collections/cadeiras-ergonomicas,Aug 21
ergonomia oq e,I,23,6,1,< 0.01,1K,24,sensetup.com.br/blogs/artigos/ergonomia-no-trabalho-o-que-voce-precisa-saber,Aug 23
cadeiras ergonomicas,C,,7,1,< 0.01,2.9K,22,sensetup.com.br/collections/cadeiras-ergonomicas,Sep 12
sensetup a08,I,11,7,1,< 0.01,1.9K,37,sensetup.com.br/blogs/artigos/como-montar-cadeira-de-escritorio,Sep 09
perfs e5,I,16,5,1,< 0.01,1K,27,sensetup.com.br/blogs/artigos/perfs-e5-cosy-t03-descubra-as-diferencas,Aug 02
almofada gamer,I,8,8,1,< 0.01,260,22,sensetup.com.br/products/almofada-cadeira-gamer,Aug 26
almofada gamer,I,9,8,1,< 0.01,260,22,sensetup.com.br/products/almofada-cadeira-gamer,Aug 26
cadeira de estudo ergonomica,C,4,8,1,< 0.01,90,15,sensetup.com.br/collections/cadeiras-ergonomicas,Aug 26
cadeira de estudo confortável,I,8,10,1,< 0.01,480,22,sensetup.com.br/blogs/artigos/cadeira-confortavel-para-estudar,Sep 11
cupom sensetup,T,,5,1,< 0.01,390,35,sensetup.com.br/pages/contact,Aug 28
altura de mesa,I,12,9,1,< 0.01,1K,12,sensetup.com.br/blogs/artigos/altura-de-mesa-de-escritorio,Aug 24
cadeira pra escritório,C,13,7,1,< 0.01,480,34,sensetup.com.br/collections/cadeiras-ergonomicas,Sep 01
braço de cadeira,I,8,8,1,< 0.01,320,16,sensetup.com.br/blogs/artigos/apoio-de-bracos-de-cadeira-de-escritorio-diferencas,Aug 10
cadeira ergonomica com ajuste de lombar,I,8,7,1,< 0.01,140,17,sensetup.com.br/collections/cadeiras-ergonomicas,Aug 27
lighbar,C,,8,1,< 0.01,320,28,sensetup.com.br/blogs/artigos/light-bar-para-setup,Sep 02
cadeira para home office confortavel,I,6,8,1,< 0.01,210,26,sensetup.com.br/collections/cadeiras-ergonomicas,Aug 03
cadeira sensetup a08,T,8,8,1,< 0.01,320,31,sensetup.com.br/blogs/artigos/perfs-e5-e-a08-qual-cadeira-escolher,Sep 15
descanso para os pés,I,14,9,1,< 0.01,1.3K,21,sensetup.com.br/blogs/artigos/apoio-para-os-pes-beneficios-e-dicas,Aug 20
cadeira consultorio,I,35,8,1,< 0.01,2.4K,20,sensetup.com.br/collections/cadeiras-ergonomicas,Aug 20
suporte pés,I,17,8,1,< 0.01,1.3K,10,sensetup.com.br/blogs/artigos/apoio-para-os-pes-beneficios-e-dicas,Aug 25
cadeiras ergonômicas cadeira escritorio,T,8,7,1,< 0.01,390,29,sensetup.com.br/collections/cadeiras-ergonomicas,Aug 09
suporte para o pé,I,15,9,1,< 0.01,1.3K,11,sensetup.com.br/blogs/artigos/apoio-para-os-pes-beneficios-e-dicas,Aug 22
como pago spotify premium,IN,56,6,0,< 0.01,140,52,sensetup.com.br/products/cadeira-ergonomica-a08-premium,1 day
cadeira acolchoada para escritorio,C,29,6,0,< 0.01,90,15,sensetup.com.br/collections/cadeiras-ergonomicas,17 hours
cadeira acolchoada para escritorio,C,31,6,0,< 0.01,90,15,sensetup.com.br/collections/cadeiras-ergonomicas,17 hours
poltrona para trabalhar,CI,34,8,0,< 0.01,90,19,sensetup.com.br/collections/cadeiras-ergonomicas,Jul 31
lampada para escritorio,I,17,7,0,< 0.01,90,13,sensetup.com.br/blogs/artigos/melhor-luminaria-para-escritorio,Aug 07
lampada para escritorio,I,18,7,0,< 0.01,90,13,sensetup.com.br/blogs/artigos/melhor-luminaria-para-escritorio,Aug 07
soudis a08,I,,5,0,< 0.01,480,28,sensetup.com.br/products/cadeira-ergonomica-a08-premium,Sep 14
soudis a08,I,27,5,0,< 0.01,480,28,sensetup.com.br/,Sep 14
soudis a08,I,46,5,0,< 0.01,480,28,sensetup.com.br/blogs/artigos/como-montar-cadeira-de-escritorio,Sep 14
soudis a08,I,56,5,0,< 0.01,480,28,sensetup.com.br/collections,Sep 14
soudis a08,I,60,5,0,< 0.01,480,28,sensetup.com.br/collections/all,Sep 14
soudis a08,I,62,5,0,< 0.01,480,28,sensetup.com.br/collections/cadeiras-ergonomicas,Sep 14
soudis a08,I,63,5,0,< 0.01,480,28,sensetup.com.br/collections/todos-os-produtos,Sep 14
soudis a08,I,65,5,0,< 0.01,480,28,sensetup.com.br/collections/frontpage,Sep 14
cadeira de escritorio com apoio lombar,I,28,8,0,< 0.01,90,7,sensetup.com.br/collections/cadeiras-ergonomicas,Sep 05
cadeira ergonômica reclinável,I,15,7,0,< 0.01,260,21,sensetup.com.br/collections/cadeiras-ergonomicas,Sep 11
barra de led monitor,C,10,7,0,< 0.01,210,27,sensetup.com.br/products/luminaria-monitor-barra-ledbar-lura,Jul 31
cadeira atendimento escritorio,C,23,5,0,< 0.01,90,11,sensetup.com.br/collections/cadeiras-ergonomicas,Aug 07
cadeira de escritório secretária,I,49,6,0,< 0.01,260,9,sensetup.com.br/collections/cadeiras-ergonomicas,Sep 14
cadeira ergonomica bege,I,29,7,0,< 0.01,170,20,sensetup.com.br/collections/cadeiras-ergonomicas,Aug 03
medida de cadeira,I,15,5,0,< 0.01,90,9,sensetup.com.br/blogs/artigos/tamanho-de-cadeira-para-escritorio,3 days
acessorios mesa escritorio,I,37,7,0,< 0.01,140,21,sensetup.com.br/collections/acessorios,Aug 09
cadeiras de escritorio para obesos,I,30,8,0,< 0.01,90,4,sensetup.com.br/blogs/artigos/cadeira-de-escritorio-para-obeso,Sep 05
ergonomia mesa,I,19,10,0,< 0.01,210,21,sensetup.com.br/collections/mesas-com-regulagem-de-altura,Aug 01
ergonomia mesa,I,34,10,0,< 0.01,210,21,sensetup.com.br/blogs/artigos/altura-de-mesa-de-escritorio,Aug 01
ergonomia mesa,I,62,10,0,< 0.01,210,21,sensetup.com.br/blogs/artigos/mesa-com-regulagem-de-altura-muda-tudo,Aug 01
ergonomia mesa,I,84,10,0,< 0.01,210,21,sensetup.com.br/blogs/artigos/ergonomia-para-escritorios,Aug 01
cadeira para escritorio cinza,I,28,5,0,< 0.01,720,15,sensetup.com.br/collections/cadeiras-ergonomicas,Aug 23
altura ideal de mesa,I,14,9,0,< 0.01,90,9,sensetup.com.br/blogs/artigos/altura-de-mesa-de-escritorio,Aug 12
onde fica outlet premium,N,77,7,0,< 0.01,90,36,sensetup.com.br/products/cadeira-ergonomica-a08-premium,3 days
cadeiras de office,C,25,6,0,< 0.01,140,24,sensetup.com.br/collections/cadeiras-ergonomicas,Aug 23
cadeira para gordos,CI,20,7,0,< 0.01,210,5,sensetup.com.br/blogs/artigos/cadeira-de-escritorio-para-obeso,Aug 09
cadeira para escritorio secretaria,C,24,6,0,< 0.01,320,19,sensetup.com.br/collections/cadeiras-ergonomicas,Sep 07
como limpar cadeira de escritorio,I,,7,0,< 0.01,110,11,sensetup.com.br/blogs/artigos/como-limpar-cadeira-de-escritorio-passo-a-passo,Aug 05
como limpar cadeira de escritorio,I,19,7,0,< 0.01,110,11,sensetup.com.br/blogs/artigos/limpeza-de-cadeiras-e-mesas-ergonomicas,Aug 05
o que é setup gamer,I,7,7,0,< 0.01,140,17,sensetup.com.br/blogs/artigos/quanto-custa-um-setup-gamer-completo,Sep 14
tamanho mesa escritorio,I,15,9,0,< 0.01,110,7,sensetup.com.br/blogs/artigos/altura-de-mesa-de-escritorio,Jul 27
cadeira de escritório preço,T,27,6,0,< 0.01,140,18,sensetup.com.br/collections/cadeiras-ergonomicas,Aug 08
cadeiras executivas,I,27,6,0,< 0.01,480,7,sensetup.com.br/collections/cadeiras-ergonomicas,Aug 31
altura ideal para escrivaninha,I,10,8,0,< 0.01,90,21,sensetup.com.br/blogs/artigos/altura-de-mesa-de-escritorio,Aug 19
descanso pé escritorio,C,12,6,0,< 0.01,320,14,sensetup.com.br/blogs/artigos/apoio-para-os-pes-beneficios-e-dicas,Aug 28
altura padrão mesa escritório,I,,9,0,< 0.01,390,7,sensetup.com.br/blogs/artigos/altura-de-mesa-de-escritorio,Sep 01
cadeira ergonômica com braço regulável,I,18,8,0,< 0.01,90,7,sensetup.com.br/collections/cadeiras-ergonomicas,Aug 05
melhores cadeiras ergonomicas custo beneficio,C,30,8,0,< 0.01,140,20,sensetup.com.br/blogs/artigos/melhores-cadeiras-ergonomicas,Jul 30
downloader youtube premium,I,72,6,0,< 0.01,260,25,sensetup.com.br/products/cadeira-ergonomica-a08-premium,2 days
cadeiras ergonomicas para home office,C,27,7,0,< 0.01,260,22,sensetup.com.br/blogs/artigos/cadeira-home-office-como-escolher,Aug 06
cadeira ergonomica para estudos,I,,10,0,< 0.01,90,33,sensetup.com.br/blogs/artigos/cadeira-confortavel-para-estudar,15 hours
cadeira gamer ergométrica,C,18,10,0,< 0.01,110,17,sensetup.com.br/collections/cadeiras-ergonomicas,Aug 11
cadeira boston g100,CI,38,8,0,< 0.01,110,25,sensetup.com.br/collections/cadeiras-ergonomicas,Aug 27
mesa gamer elétrica,I,28,7,0,< 0.01,170,21,sensetup.com.br/collections/mesas-com-regulagem-de-altura,Aug 11
comfy profile,I,31,6,0,< 0.01,110,33,sensetup.com.br/,Aug 16
cadeira gamer ortopédica,C,29,8,0,< 0.01,90,30,sensetup.com.br/collections/cadeiras-ergonomicas,Jul 29
cadeira escritório ergonômica executiva premium cosy t03,C,,7,0,< 0.01,140,24,sensetup.com.br/products/cadeira-ergonomica-cosy-t03,Aug 13
cadeira escritório ergonômica executiva premium cosy t03,C,,7,0,< 0.01,140,24,sensetup.com.br/products/cadeira-ergonomica-cosy-t03,Aug 13
cadeira.escritorio,C,33,5,0,< 0.01,110,27,sensetup.com.br/collections/cadeiras-ergonomicas,Sep 06
ergochair 3.0,I,50,7,0,< 0.01,260,31,sensetup.com.br/collections/cadeiras-ergonomicas,Sep 13
preço de cadeiras para escritorio,T,36,6,0,< 0.01,110,21,sensetup.com.br/collections/cadeiras-ergonomicas,Aug 06
cadeiras secretária,I,26,6,0,< 0.01,260,18,sensetup.com.br/collections/cadeiras-ergonomicas,Aug 29
cadeira secreta,C,26,7,0,< 0.01,480,22,sensetup.com.br/collections/cadeiras-ergonomicas,Jul 31
cadeiras de escritorio reforçadas,CI,20,7,0,< 0.01,140,19,sensetup.com.br/collections/cadeiras-ergonomicas,Aug 15
cadeira para escritorio feminina,I,26,6,0,< 0.01,210,20,sensetup.com.br/collections/cadeiras-ergonomicas,Aug 02
cadeira de escritorio ergometrica,CI,,8,0,< 0.01,170,27,sensetup.com.br/collections/cadeiras-ergonomicas,Aug 05
cadeira escritori,C,22,6,0,< 0.01,170,19,sensetup.com.br/collections/cadeiras-ergonomicas,Aug 10
cadeira secretaria escritorio,I,32,6,0,< 0.01,320,14,sensetup.com.br/collections/cadeiras-ergonomicas,Aug 17
cadeira de escritorio ortopedica,C,12,7,0,< 0.01,140,20,sensetup.com.br/collections/cadeiras-ergonomicas,Aug 30
o que é uma cadeira ergonomica,I,,8,0,< 0.01,260,9,sensetup.com.br/collections/cadeiras-ergonomicas,Jul 29
o que é uma cadeira ergonomica,I,62,8,0,< 0.01,260,9,sensetup.com.br/blogs/artigos/cadeira-ergonomica-escritorio,Jul 29
altura mesa trabalho,I,7,8,0,< 0.01,90,6,sensetup.com.br/blogs/artigos/altura-de-mesa-de-escritorio,Aug 29
led bars,CI,,8,0,< 0.01,140,23,sensetup.com.br/blogs/artigos/light-bar-para-setup,1 day
cadeira para escritorio luxo,C,29,6,0,< 0.01,210,19,sensetup.com.br/collections/cadeiras-ergonomicas,Aug 03
melhor cadeira de escritorio ergonomica,C,,8,0,< 0.01,110,22,sensetup.com.br/collections/cadeiras-ergonomicas,Aug 03
melhor cadeira,C,9,9,0,< 0.01,90,17,sensetup.com.br/blogs/artigos/melhores-cadeiras-ergonomicas,Sep 08
melhores cadeiras para estudar,C,10,7,0,< 0.01,140,27,sensetup.com.br/blogs/artigos/cadeira-confortavel-para-estudar,Aug 02
corolla altis premium hybrid 2026,I,79,9,0,< 0.01,110,20,sensetup.com.br/products/cadeira-ergonomica-a08-premium,15 hours
flextropic cadeira,I,40,9,0,< 0.01,110,9,sensetup.com.br/,Aug 09
sensetup soldis a08,I,,5,0,< 0.01,260,29,sensetup.com.br/products/cadeira-ergonomica-a08-premium,Sep 13
sensetup soldis a08,I,,5,0,< 0.01,260,29,sensetup.com.br/products/cadeira-ergonomica-a08-premium,Sep 13
sensetup soldis a08,I,12,5,0,< 0.01,260,29,sensetup.com.br/blogs/artigos/perfs-e5-e-a08-qual-cadeira-escolher,Sep 13
sensetup soldis a08,I,16,5,0,< 0.01,260,29,sensetup.com.br/blogs/artigos/como-montar-cadeira-de-escritorio,Sep 13
sensetup soldis a08,I,22,5,0,< 0.01,260,29,sensetup.com.br/collections/all,Sep 13
sensetup soldis a08,I,27,5,0,< 0.01,260,29,sensetup.com.br/collections,Sep 13
sensetup soldis a08,I,32,5,0,< 0.01,260,29,sensetup.com.br/collections/cadeiras-ergonomicas,Sep 13
sensetup soldis a08,I,35,5,0,< 0.01,260,29,sensetup.com.br/collections/todos-os-produtos,Sep 13
sensetup soldis a08,I,38,5,0,< 0.01,260,29,sensetup.com.br/collections/openbox,Sep 13
sensetup soldis a08,I,42,5,0,< 0.01,260,29,sensetup.com.br/collections/frontpage,Sep 13
descanso de pes,CI,15,7,0,< 0.01,210,18,sensetup.com.br/blogs/artigos/apoio-para-os-pes-beneficios-e-dicas,Jul 27
ajuste das costas cadeira,I,25,7,0,< 0.01,260,8,sensetup.com.br/blogs/artigos/como-usar-apoio-para-lombar-corretamente,Aug 02
cadeira que suporta 180 kg,I,26,8,0,< 0.01,110,13,sensetup.com.br/collections/cadeiras-ergonomicas,Jul 31
cadeira ergonomico,C,,9,0,< 0.01,170,20,sensetup.com.br/collections/cadeiras-ergonomicas,Aug 26
cadeira a08,C,,9,0,< 0.01,590,25,sensetup.com.br/products/cadeira-ergonomica-a08-premium,Sep 14
cadeira a08,C,,9,0,< 0.01,590,25,sensetup.com.br/,Sep 14
cadeira a08,C,17,9,0,< 0.01,590,25,sensetup.com.br/blogs/artigos/como-montar-cadeira-de-escritorio,Sep 14
cadeira confortável de escritório,I,,8,0,< 0.01,140,27,sensetup.com.br/collections/cadeiras-ergonomicas,22 hours
cadeira confortável de escritório,I,8,8,0,< 0.01,140,27,sensetup.com.br/collections/cadeiras-ergonomicas,22 hours
barra led monitor,C,8,8,0,< 0.01,170,22,sensetup.com.br/products/luminaria-monitor-barra-ledbar-lura,Sep 13
cadeira escritório executiva,I,15,6,0,< 0.01,110,10,sensetup.com.br/collections/cadeiras-ergonomicas,Aug 18
suporte de braco,I,,8,0,< 0.01,210,8,sensetup.com.br/blogs/artigos/apoio-de-bracos-de-cadeira-de-escritorio-diferencas,Aug 06
suporte ergonomico para os pes,I,14,8,0,< 0.01,110,13,sensetup.com.br/blogs/artigos/apoio-para-os-pes-beneficios-e-dicas,Aug 30
ergometricamente,I,71,3,0,< 0.01,880,17,sensetup.com.br/blogs/artigos/postura-correta-para-sentar-na-frente-do-computador,Aug 20
loja de cadeira para escritório,C,33,5,0,< 0.01,170,21,sensetup.com.br/collections/cadeiras-ergonomicas,Aug 08
acessorios para setup gamer,C,19,6,0,< 0.01,210,28,sensetup.com.br/collections/acessorios,Jul 29
cadeira para pessoas obesas,I,22,10,0,< 0.01,140,4,sensetup.com.br/blogs/artigos/cadeira-de-escritorio-para-obeso,Aug 16
cadeira home office feminina,I,27,7,0,< 0.01,170,18,sensetup.com.br/collections/cadeiras-ergonomicas,Sep 13
flextropic,I,50,8,0,< 0.01,110,14,sensetup.com.br/,Aug 09
cadeira soudis a08,C,,8,0,< 0.01,110,28,sensetup.com.br/products/cadeira-ergonomica-a08-premium,Sep 15
cadeira soudis a08,C,17,8,0,< 0.01,110,28,sensetup.com.br/blogs/artigos/como-montar-cadeira-de-escritorio,Sep 15
cadeira de escritório com tela,I,30,5,0,< 0.01,110,5,sensetup.com.br/collections/cadeiras-ergonomicas,Jul 30
cadeira de escritorio preta,I,35,6,0,< 0.01,880,30,sensetup.com.br/collections/cadeiras-ergonomicas,Aug 21
ergonômica cadeira,I,,8,0,< 0.01,320,26,sensetup.com.br/collections/cadeiras-ergonomicas,Sep 05
cadeiras para atendimento,I,43,6,0,< 0.01,110,8,sensetup.com.br/collections/cadeiras-ergonomicas,1 day
cadeira de escritorio luxo,C,22,8,0,< 0.01,110,15,sensetup.com.br/blogs/artigos/cadeira-de-escritorio-presidente-luxo,Sep 11
descanso para pes,I,19,9,0,< 0.01,140,13,sensetup.com.br/blogs/artigos/apoio-para-os-pes-beneficios-e-dicas,Sep 13
cadeira postura,I,25,9,0,< 0.01,110,23,sensetup.com.br/collections/cadeiras-ergonomicas,Jul 31
cadeira escritoriio,C,23,7,0,< 0.01,170,29,sensetup.com.br/collections/cadeiras-ergonomicas,Aug 18
poltrona para trabalho,CI,34,7,0,< 0.01,110,11,sensetup.com.br/collections/cadeiras-ergonomicas,Sep 06
apoio pra pé,CI,15,8,0,< 0.01,170,17,sensetup.com.br/blogs/artigos/apoio-para-os-pes-beneficios-e-dicas,2 days
melhor cadeira escritorio custo beneficio,C,50,7,0,< 0.01,110,10,sensetup.com.br/blogs/artigos/melhores-cadeiras-ergonomicas,Aug 06
cadeiras escritorio baratas,C,29,6,0,< 0.01,320,27,sensetup.com.br/collections/cadeiras-ergonomicas,Aug 07
cadeira anatomica para escritorio,I,5,7,0,< 0.01,90,23,sensetup.com.br/collections/cadeiras-ergonomicas,Sep 04
mesa de regulagem de altura,CI,,8,0,< 0.01,170,13,sensetup.com.br/collections/mesas-com-regulagem-de-altura,Aug 17
promoção cadeira de escritorio,C,19,6,0,< 0.01,260,22,sensetup.com.br/collections/cadeiras-ergonomicas,Jul 28
cadeira basica,I,17,8,0,< 0.01,90,12,sensetup.com.br/collections/cadeiras-ergonomicas,Sep 02
cadeira ergonomica black friday,C,43,5,0,< 0.01,90,27,sensetup.com.br/,Sep 03
cadeira de escritorio preço,T,24,6,0,< 0.01,320,23,sensetup.com.br/collections/cadeiras-ergonomicas,Sep 14
cadeiras pc,C,44,6,0,< 0.01,260,25,sensetup.com.br/collections/cadeiras-ergonomicas,Sep 14
almofada para assento de cadeira,I,18,9,0,< 0.01,880,20,sensetup.com.br/products/almofada-cadeira-gamer,Aug 29
cadeira de escritorio confortável,I,9,7,0,< 0.01,210,24,sensetup.com.br/collections/cadeiras-ergonomicas,Sep 08
apoio pés ergonomia,CI,11,8,0,< 0.01,110,7,sensetup.com.br/blogs/artigos/apoio-para-os-pes-beneficios-e-dicas,Sep 02
cadeira para trabalhar home office,C,8,9,0,< 0.01,210,17,sensetup.com.br/collections/cadeiras-ergonomicas,Aug 31